/Users/davidfeliperiveraguerra/dev/seneca/cv-project/data/IMG/center_2025_12_03_12_06_26_807.jpg,/Users/davidfeliperiveraguerra/dev/seneca/cv-project/data/IMG/left_2025_12_03_12_06_26_807.jpg,/Users/davidfeliperiveraguerra/dev/seneca/cv-project/data/IMG/right_2025_12_03_12_06_26_807.jpg,0,0,0,1.739943E-05
/Users/davidfeliperiveraguerra/dev/seneca/cv-project/data/IMG/center_2025_12_03_12_06_26_867.jpg,/Users/davidfeliperiveraguerra/dev/seneca/cv-project/data/IMG/left_2025_12_03_12_06_26_867.jpg,/Users/davidfeliperiveraguerra/dev/seneca/cv-project/data/IMG/right_2025_12_03_12_06_26_867.jpg,0,0,0,8.691703E-06
/Users/davidfeliperiveraguerra/dev/seneca/cv-project/data/IMG/center_2025_12_03_12_06_26_937.jpg,/Users/davidfeliperiveraguerra/dev/seneca/cv-project/data/IMG/left_2025_12_03_12_06_26_937.jpg,/Users/davidfeliperiveraguerra/dev/seneca/cv-project/data/IMG/right_2025_12_03_12_06_26_937.jpg,0,0,0,2.018967E-05
/Users/davidfeliperiveraguerra/dev/seneca/cv-project/data/IMG/center_2025_12_03_12_06_27_016.jpg,/Users/davidfeliperiveraguerra/dev/seneca/cv-project/data/IMG/left_2025_12_03_12_06_27_016.jpg,/Users/davidfeliperiveraguerra/dev/seneca/cv-project/data/IMG/right_2025_12_03_12_06_27_016.jpg,0,0,0,1.426915E-05
/Users/davidfeliperiveraguerra/dev/seneca/cv-project/data/IMG/center_2025_12_03_12_06_27_086.jpg,/Users/davidfeliperiveraguerra/dev/seneca/cv-project/data/IMG/left_2025_12_03_12_06_27_086.jpg,/Users/davidfeliperiveraguerra/dev/seneca/cv-project/data/IMG/right_2025_12_03_12_06_27_086.jpg,0,0,0,1.567279E-05
/Users/davidfeliperiveraguerra/dev/seneca/cv-project/data/IMG/center_2025_12_03_12_06_27_153.jpg,/Users/davidfeliperiveraguerra/dev/seneca/cv-project/data/IMG/left_2025_12_03_12_06_27_153.jpg,/Users/davidfeliperiveraguerra/dev/seneca/cv-project/data/IMG/right_2025_12_03_12_06_27_153.jpg,0,0,0,7.484095E-06
/Users/davidfeliperiveraguerra/dev/seneca/cv-project/data/IMG/center_2025_12_03_12_06_27_223.jpg,/Users/davidfeliperiveraguerra/dev/seneca/cv-project/data/IMG/left_2025_12_03_12_06_27_223.jpg,/Users/davidfeliperiveraguerra/dev/seneca/cv-project/data/IMG/right_2025_12_03_12_06_27_223.jpg,0,0,0,1.563374E-05
/Users/davidfeliperiveraguerra/dev/seneca/cv-project/data/IMG/center_2025_12_03_12_06_27_308.jpg,/Users/davidfeliperiveraguerra/dev/seneca/cv-project/data/IMG/left_2025_12_03_12_06_27_308.jpg,/Users/davidfeliperiveraguerra/dev/seneca/cv-project/data/IMG/right_2025_12_03_12_06_27_308.jpg,0,0,0,2.281562E-05
/Users/davidfeliperiveraguerra/dev/seneca/cv-project/data/IMG/center_2025_12_03_12_06_27_375.jpg,/Users/davidfeliperiveraguerra/dev/seneca/cv-project/data/IMG/left_2025_12_03_12_06_27_375.jpg,/Users/davidfeliperiveraguerra/dev/seneca/cv-project/data/IMG/right_2025_12_03_12_06_27_375.jpg,0,0,0,1.034447E-05
/Users/davidfeliperiveraguerra/dev/seneca/cv-project/data/IMG/center_2025_12_03_12_06_27_443.jpg,/Users/davidfeliperiveraguerra/dev/seneca/cv-project/data/IMG/left_2025_12_03_12_06_27_443.jpg,/Users/davidfeliperiveraguerra/dev/seneca/cv-project/data/IMG/right_2025_12_03_12_06_27_443.jpg,0,0.03273618,0,0.02804861
/Users/davidfeliperiveraguerra/dev/seneca/cv-project/data/IMG/center_2025_12_03_12_06_27_511.jpg,/Users/davidfeliperiveraguerra/dev/seneca/cv-project/data/IMG/left_2025_12_03_12_06_27_511.jpg,/Users/davidfeliperiveraguerra/dev/seneca/cv-project/data/IMG/right_2025_12_03_12_06_27_511.jpg,0,0.2138851,0,0.1196797
/Users/davidfeliperiveraguerra/dev/seneca/cv-project/data/IMG/center_2025_12_03_12_06_27_584.jpg,/Users/davidfeliperiveraguerra/dev/seneca/cv-project/data/IMG/left_2025_12_03_12_06_27_584.jpg,/Users/davidfeliperiveraguerra/dev/seneca/cv-project/data/IMG/right_2025_12_03_12_06_27_584.jpg,0,0.4508883,0,0.4431961
/Users/davidfeliperiveraguerra/dev/seneca/cv-project/data/IMG/center_2025_12_03_12_06_27_649.jpg,/Users/davidfeliperiveraguerra/dev/seneca/cv-project/data/IMG/left_2025_12_03_12_06_27_649.jpg,/Users/davidfeliperiveraguerra/dev/seneca/cv-project/data/IMG/right_2025_12_03_12_06_27_649.jpg,0,0.6395971,0,0.841772
/Users/davidfeliperiveraguerra/dev/seneca/cv-project/data/IMG/center_2025_12_03_12_06_27_719.jpg,/Users/davidfeliperiveraguerra/dev/seneca/cv-project/data/IMG/left_2025_12_03_12_06_27_719.jpg,/Users/davidfeliperiveraguerra/dev/seneca/cv-project/data/IMG/right_2025_12_03_12_06_27_719.jpg,-0.15,0.8141191,0,1.392919
/Users/davidfeliperiveraguerra/dev/seneca/cv-project/data/IMG/center_2025_12_03_12_06_27_786.jpg,/Users/davidfeliperiveraguerra/dev/seneca/cv-project/data/IMG/left_2025_12_03_12_06_27_786.jpg,/Users/davidfeliperiveraguerra/dev/seneca/cv-project/data/IMG/right_2025_12_03_12_06_27_786.jpg,-0.35,1,0,2.304112
/Users/davidfeliperiveraguerra/dev/seneca/cv-project/data/IMG/center_2025_12_03_12_06_27_853.jpg,/Users/davidfeliperiveraguerra/dev/seneca/cv-project/data/IMG/left_2025_12_03_12_06_27_853.jpg,/Users/davidfeliperiveraguerra/dev/seneca/cv-project/data/IMG/right_2025_12_03_12_06_27_853.jpg,0,1,0,3.008004
/Users/davidfeliperiveraguerra/dev/seneca/cv-project/data/IMG/center_2025_12_03_12_06_27_923.jpg,/Users/davidfeliperiveraguerra/dev/seneca/cv-project/data/IMG/left_2025_12_03_12_06_27_923.jpg,/Users/davidfeliperiveraguerra/dev/seneca/cv-project/data/IMG/right_2025_12_03_12_06_27_923.jpg,0,1,0,3.948166
/Users/davidfeliperiveraguerra/dev/seneca/cv-project/data/IMG/center_2025_12_03_12_06_27_992.jpg,/Users/davidfeliperiveraguerra/dev/seneca/cv-project/data/IMG/left_2025_12_03_12_06_27_992.jpg,/Users/davidfeliperiveraguerra/dev/seneca/cv-project/data/IMG/right_2025_12_03_12_06_27_992.jpg,0,1,0,4.649788
/Users/davidfeliperiveraguerra/dev/seneca/cv-project/data/IMG/center_2025_12_03_12_06_28_061.jpg,/Users/davidfeliperiveraguerra/dev/seneca/cv-project/data/IMG/left_2025_12_03_12_06_28_061.jpg,/Users/davidfeliperiveraguerra/dev/seneca/cv-project/data/IMG/right_2025_12_03_12_06_28_061.jpg,0,1,0,5.346747
/Users/davidfeliperiveraguerra/dev/seneca/cv-project/data/IMG/center_2025_12_03_12_06_28_128.jpg,/Users/davidfeliperiveraguerra/dev/seneca/cv-project/data/IMG/left_2025_12_03_12_06_28_128.jpg,/Users/davidfeliperiveraguerra/dev/seneca/cv-project/data/IMG/right_2025_12_03_12_06_28_128.jpg,0,1,0,6.269821
/Users/davidfeliperiveraguerra/dev/seneca/cv-project/data/IMG/center_2025_12_03_12_06_28_199.jpg,/Users/davidfeliperiveraguerra/dev/seneca/cv-project/data/IMG/left_2025_12_03_12_06_28_199.jpg,/Users/davidfeliperiveraguerra/dev/seneca/cv-project/data/IMG/right_2025_12_03_12_06_28_199.jpg,-0.1,1,0,6.955475
/Users/davidfeliperiveraguerra/dev/seneca/cv-project/data/IMG/center_2025_12_03_12_06_28_269.jpg,/Users/davidfeliperiveraguerra/dev/seneca/cv-project/data/IMG/left_2025_12_03_12_06_28_269.jpg,/Users/davidfeliperiveraguerra/dev/seneca/cv-project/data/IMG/right_2025_12_03_12_06_28_269.jpg,-0.3,1,0,7.846588
/Users/davidfeliperiveraguerra/dev/seneca/cv-project/data/IMG/center_2025_12_03_12_06_28_339.jpg,/Users/davidfeliperiveraguerra/dev/seneca/cv-project/data/IMG/left_2025_12_03_12_06_28_339.jpg,/Users/davidfeliperiveraguerra/dev/seneca/cv-project/data/IMG/right_2025_12_03_12_06_28_339.jpg,-0.45,1,0,8.494847
/Users/davidfeliperiveraguerra/dev/seneca/cv-project/data/IMG/center_2025_12_03_12_06_28_406.jpg,/Users/davidfeliperiveraguerra/dev/seneca/cv-project/data/IMG/left_2025_12_03_12_06_28_406.jpg,/Users/davidfeliperiveraguerra/dev/seneca/cv-project/data/IMG/right_2025_12_03_12_06_28_406.jpg,0,1,0,9.352172
/Users/davidfeliperiveraguerra/dev/seneca/cv-project/data/IMG/center_2025_12_03_12_06_28_473.jpg,/Users/davidfeliperiveraguerra/dev/seneca/cv-project/data/IMG/left_2025_12_03_12_06_28_473.jpg,/Users/davidfeliperiveraguerra/dev/seneca/cv-project/data/IMG/right_2025_12_03_12_06_28_473.jpg,0,1,0,10.01787
/Users/davidfeliperiveraguerra/dev/seneca/cv-project/data/IMG/center_2025_12_03_12_06_28_540.jpg,/Users/davidfeliperiveraguerra/dev/seneca/cv-project/data/IMG/left_2025_12_03_12_06_28_540.jpg,/Users/davidfeliperiveraguerra/dev/seneca/cv-project/data/IMG/right_2025_12_03_12_06_28_540.jpg,0,1,0,10.68284
/Users/davidfeliperiveraguerra/dev/seneca/cv-project/data/IMG/center_2025_12_03_12_06_28_611.jpg,/Users/davidfeliperiveraguerra/dev/seneca/cv-project/data/IMG/left_2025_12_03_12_06_28_611.jpg,/Users/davidfeliperiveraguerra/dev/seneca/cv-project/data/IMG/right_2025_12_03_12_06_28_611.jpg,0,1,0,11.6626
/Users/davidfeliperiveraguerra/dev/seneca/cv-project/data/IMG/center_2025_12_03_12_06_28_678.jpg,/Users/davidfeliperiveraguerra/dev/seneca/cv-project/data/IMG/left_2025_12_03_12_06_28_678.jpg,/Users/davidfeliperiveraguerra/dev/seneca/cv-project/data/IMG/right_2025_12_03_12_06_28_678.jpg,0,1,0,11.9713
/Users/davidfeliperiveraguerra/dev/seneca/cv-project/data/IMG/center_2025_12_03_12_06_28_745.jpg,/Users/davidfeliperiveraguerra/dev/seneca/cv-project/data/IMG/left_2025_12_03_12_06_28_745.jpg,/Users/davidfeliperiveraguerra/dev/seneca/cv-project/data/IMG/right_2025_12_03_12_06_28_745.jpg,-0.15,1,0,13.11059
/Users/davidfeliperiveraguerra/dev/seneca/cv-project/data/IMG/center_2025_12_03_12_06_28_815.jpg,/Users/davidfeliperiveraguerra/dev/seneca/cv-project/data/IMG/left_2025_12_03_12_06_28_815.jpg,/Users/davidfeliperiveraguerra/dev/seneca/cv-project/data/IMG/right_2025_12_03_12_06_28_815.jpg,-0.3,1,0,13.79771
/Users/davidfeliperiveraguerra/dev/seneca/cv-project/data/IMG/center_2025_12_03_12_06_28_882.jpg,/Users/davidfeliperiveraguerra/dev/seneca/cv-project/data/IMG/left_2025_12_03_12_06_28_882.jpg,/Users/davidfeliperiveraguerra/dev/seneca/cv-project/data/IMG/right_2025_12_03_12_06_28_882.jpg,-0.45,1,0,14.07603
/Users/davidfeliperiveraguerra/dev/seneca/cv-project/data/IMG/center_2025_12_03_12_06_28_948.jpg,/Users/davidfeliperiveraguerra/dev/seneca/cv-project/data/IMG/left_2025_12_03_12_06_28_948.jpg,/Users/davidfeliperiveraguerra/dev/seneca/cv-project/data/IMG/right_2025_12_03_12_06_28_948.jpg,0,1,0,15.15543
/Users/davidfeliperiveraguerra/dev/seneca/cv-project/data/IMG/center_2025_12_03_12_06_29_015.jpg,/Users/davidfeliperiveraguerra/dev/seneca/cv-project/data/IMG/left_2025_12_03_12_06_29_015.jpg,/Users/davidfeliperiveraguerra/dev/seneca/cv-project/data/IMG/right_2025_12_03_12_06_29_015.jpg,0,1,0,15.68061
/Users/davidfeliperiveraguerra/dev/seneca/cv-project/data/IMG/center_2025_12_03_12_06_29_086.jpg,/Users/davidfeliperiveraguerra/dev/seneca/cv-project/data/IMG/left_2025_12_03_12_06_29_086.jpg,/Users/davidfeliperiveraguerra/dev/seneca/cv-project/data/IMG/right_2025_12_03_12_06_29_086.jpg,0,1,0,16.51781
/Users/davidfeliperiveraguerra/dev/seneca/cv-project/data/IMG/center_2025_12_03_12_06_29_153.jpg,/Users/davidfeliperiveraguerra/dev/seneca/cv-project/data/IMG/left_2025_12_03_12_06_29_153.jpg,/Users/davidfeliperiveraguerra/dev/seneca/cv-project/data/IMG/right_2025_12_03_12_06_29_153.jpg,0,1,0,17.30306
/Users/davidfeliperiveraguerra/dev/seneca/cv-project/data/IMG/center_2025_12_03_12_06_29_223.jpg,/Users/davidfeliperiveraguerra/dev/seneca/cv-project/data/IMG/left_2025_12_03_12_06_29_223.jpg,/Users/davidfeliperiveraguerra/dev/seneca/cv-project/data/IMG/right_2025_12_03_12_06_29_223.jpg,-0.05,1,0,18.13603
/Users/davidfeliperiveraguerra/dev/seneca/cv-project/data/IMG/center_2025_12_03_12_06_29_290.jpg,/Users/davidfeliperiveraguerra/dev/seneca/cv-project/data/IMG/left_2025_12_03_12_06_29_290.jpg,/Users/davidfeliperiveraguerra/dev/seneca/cv-project/data/IMG/right_2025_12_03_12_06_29_290.jpg,-0.2,1,0,18.58055
/Users/davidfeliperiveraguerra/dev/seneca/cv-project/data/IMG/center_2025_12_03_12_06_29_358.jpg,/Users/davidfeliperiveraguerra/dev/seneca/cv-project/data/IMG/left_2025_12_03_12_06_29_358.jpg,/Users/davidfeliperiveraguerra/dev/seneca/cv-project/data/IMG/right_2025_12_03_12_06_29_358.jpg,-0.35,1,0,19.298
/Users/davidfeliperiveraguerra/dev/seneca/cv-project/data/IMG/center_2025_12_03_12_06_29_453.jpg,/Users/davidfeliperiveraguerra/dev/seneca/cv-project/data/IMG/left_2025_12_03_12_06_29_453.jpg,/Users/davidfeliperiveraguerra/dev/seneca/cv-project/data/IMG/right_2025_12_03_12_06_29_453.jpg,-0.6000001,1,0,20.0396
/Users/davidfeliperiveraguerra/dev/seneca/cv-project/data/IMG/center_2025_12_03_12_06_29_521.jpg,/Users/davidfeliperiveraguerra/dev/seneca/cv-project/data/IMG/left_2025_12_03_12_06_29_521.jpg,/Users/davidfeliperiveraguerra/dev/seneca/cv-project/data/IMG/right_2025_12_03_12_06_29_521.jpg,-0.7500002,1,0,20.59587
/Users/davidfeliperiveraguerra/dev/seneca/cv-project/data/IMG/center_2025_12_03_12_06_29_589.jpg,/Users/davidfeliperiveraguerra/dev/seneca/cv-project/data/IMG/left_2025_12_03_12_06_29_589.jpg,/Users/davidfeliperiveraguerra/dev/seneca/cv-project/data/IMG/right_2025_12_03_12_06_29_589.jpg,0,1,0,21.19476
/Users/davidfeliperiveraguerra/dev/seneca/cv-project/data/IMG/center_2025_12_03_12_06_29_660.jpg,/Users/davidfeliperiveraguerra/dev/seneca/cv-project/data/IMG/left_2025_12_03_12_06_29_660.jpg,/Users/davidfeliperiveraguerra/dev/seneca/cv-project/data/IMG/right_2025_12_03_12_06_29_660.jpg,0,1,0,21.72258
/Users/davidfeliperiveraguerra/dev/seneca/cv-project/data/IMG/center_2025_12_03_12_06_29_731.jpg,/Users/davidfeliperiveraguerra/dev/seneca/cv-project/data/IMG/left_2025_12_03_12_06_29_731.jpg,/Users/davidfeliperiveraguerra/dev/seneca/cv-project/data/IMG/right_2025_12_03_12_06_29_731.jpg,0,1,0,22.49536
/Users/davidfeliperiveraguerra/dev/seneca/cv-project/data/IMG/center_2025_12_03_12_06_29_800.jpg,/Users/davidfeliperiveraguerra/dev/seneca/cv-project/data/IMG/left_2025_12_03_12_06_29_800.jpg,/Users/davidfeliperiveraguerra/dev/seneca/cv-project/data/IMG/right_2025_12_03_12_06_29_800.jpg,0,1,0,23.09649
/Users/davidfeliperiveraguerra/dev/seneca/cv-project/data/IMG/center_2025_12_03_12_06_29_869.jpg,/Users/davidfeliperiveraguerra/dev/seneca/cv-project/data/IMG/left_2025_12_03_12_06_29_869.jpg,/Users/davidfeliperiveraguerra/dev/seneca/cv-project/data/IMG/right_2025_12_03_12_06_29_869.jpg,0,1,0,23.87384
/Users/davidfeliperiveraguerra/dev/seneca/cv-project/data/IMG/center_2025_12_03_12_06_29_939.jpg,/Users/davidfeliperiveraguerra/dev/seneca/cv-project/data/IMG/left_2025_12_03_12_06_29_939.jpg,/Users/davidfeliperiveraguerra/dev/seneca/cv-project/data/IMG/right_2025_12_03_12_06_29_939.jpg,0,1,0,24.45272
/Users/davidfeliperiveraguerra/dev/seneca/cv-project/data/IMG/center_2025_12_03_12_06_30_009.jpg,/Users/davidfeliperiveraguerra/dev/seneca/cv-project/data/IMG/left_2025_12_03_12_06_30_009.jpg,/Users/davidfeliperiveraguerra/dev/seneca/cv-project/data/IMG/right_2025_12_03_12_06_30_009.jpg,-0.1,1,0,25.22133
/Users/davidfeliperiveraguerra/dev/seneca/cv-project/data/IMG/center_2025_12_03_12_06_30_079.jpg,/Users/davidfeliperiveraguerra/dev/seneca/cv-project/data/IMG/left_2025_12_03_12_06_30_079.jpg,/Users/davidfeliperiveraguerra/dev/seneca/cv-project/data/IMG/right_2025_12_03_12_06_30_079.jpg,-0.25,1,0,25.76855
/Users/davidfeliperiveraguerra/dev/seneca/cv-project/data/IMG/center_2025_12_03_12_06_30_147.jpg,/Users/davidfeliperiveraguerra/dev/seneca/cv-project/data/IMG/left_2025_12_03_12_06_30_147.jpg,/Users/davidfeliperiveraguerra/dev/seneca/cv-project/data/IMG/right_2025_12_03_12_06_30_147.jpg,-0.45,1,0,26.42551
/Users/davidfeliperiveraguerra/dev/seneca/cv-project/data/IMG/center_2025_12_03_12_06_30_217.jpg,/Users/davidfeliperiveraguerra/dev/seneca/cv-project/data/IMG/left_2025_12_03_12_06_30_217.jpg,/Users/davidfeliperiveraguerra/dev/seneca/cv-project/data/IMG/right_2025_12_03_12_06_30_217.jpg,0,1,0,26.89705
/Users/davidfeliperiveraguerra/dev/seneca/cv-project/data/IMG/center_2025_12_03_12_06_30_286.jpg,/Users/davidfeliperiveraguerra/dev/seneca/cv-project/data/IMG/left_2025_12_03_12_06_30_286.jpg,/Users/davidfeliperiveraguerra/dev/seneca/cv-project/data/IMG/right_2025_12_03_12_06_30_286.jpg,0,1,0,27.62544
/Users/davidfeliperiveraguerra/dev/seneca/cv-project/data/IMG/center_2025_12_03_12_06_30_354.jpg,/Users/davidfeliperiveraguerra/dev/seneca/cv-project/data/IMG/left_2025_12_03_12_06_30_354.jpg,/Users/davidfeliperiveraguerra/dev/seneca/cv-project/data/IMG/right_2025_12_03_12_06_30_354.jpg,0,1,0,28.18026
/Users/davidfeliperiveraguerra/dev/seneca/cv-project/data/IMG/center_2025_12_03_12_06_30_422.jpg,/Users/davidfeliperiveraguerra/dev/seneca/cv-project/data/IMG/left_2025_12_03_12_06_30_422.jpg,/Users/davidfeliperiveraguerra/dev/seneca/cv-project/data/IMG/right_2025_12_03_12_06_30_422.jpg,0,1,0,28.91938
/Users/davidfeliperiveraguerra/dev/seneca/cv-project/data/IMG/center_2025_12_03_12_06_30_493.jpg,/Users/davidfeliperiveraguerra/dev/seneca/cv-project/data/IMG/left_2025_12_03_12_06_30_493.jpg,/Users/davidfeliperiveraguerra/dev/seneca/cv-project/data/IMG/right_2025_12_03_12_06_30_493.jpg,-0.1,1,0,29.46937
/Users/davidfeliperiveraguerra/dev/seneca/cv-project/data/IMG/center_2025_12_03_12_06_30_562.jpg,/Users/davidfeliperiveraguerra/dev/seneca/cv-project/data/IMG/left_2025_12_03_12_06_30_562.jpg,/Users/davidfeliperiveraguerra/dev/seneca/cv-project/data/IMG/right_2025_12_03_12_06_30_562.jpg,-0.3,1,0,30.15597
/Users/davidfeliperiveraguerra/dev/seneca/cv-project/data/IMG/center_2025_12_03_12_06_30_629.jpg,/Users/davidfeliperiveraguerra/dev/seneca/cv-project/data/IMG/left_2025_12_03_12_06_30_629.jpg,/Users/davidfeliperiveraguerra/dev/seneca/cv-project/data/IMG/right_2025_12_03_12_06_30_629.jpg,-0.45,1,0,30.15333
/Users/davidfeliperiveraguerra/dev/seneca/cv-project/data/IMG/center_2025_12_03_12_06_30_704.jpg,/Users/davidfeliperiveraguerra/dev/seneca/cv-project/data/IMG/left_2025_12_03_12_06_30_704.jpg,/Users/davidfeliperiveraguerra/dev/seneca/cv-project/data/IMG/right_2025_12_03_12_06_30_704.jpg,0,1,0,30.18799
/Users/davidfeliperiveraguerra/dev/seneca/cv-project/data/IMG/center_2025_12_03_12_06_30_771.jpg,/Users/davidfeliperiveraguerra/dev/seneca/cv-project/data/IMG/left_2025_12_03_12_06_30_771.jpg,/Users/davidfeliperiveraguerra/dev/seneca/cv-project/data/IMG/right_2025_12_03_12_06_30_771.jpg,0,1,0,30.19044
/Users/davidfeliperiveraguerra/dev/seneca/cv-project/data/IMG/center_2025_12_03_12_06_30_842.jpg,/Users/davidfeliperiveraguerra/dev/seneca/cv-project/data/IMG/left_2025_12_03_12_06_30_842.jpg,/Users/davidfeliperiveraguerra/dev/seneca/cv-project/data/IMG/right_2025_12_03_12_06_30_842.jpg,-0.05,1,0,30.18957
/Users/davidfeliperiveraguerra/dev/seneca/cv-project/data/IMG/center_2025_12_03_12_06_30_910.jpg,/Users/davidfeliperiveraguerra/dev/seneca/cv-project/data/IMG/left_2025_12_03_12_06_30_910.jpg,/Users/davidfeliperiveraguerra/dev/seneca/cv-project/data/IMG/right_2025_12_03_12_06_30_910.jpg,-0.25,1,0,30.17773
/Users/davidfeliperiveraguerra/dev/seneca/cv-project/data/IMG/center_2025_12_03_12_06_30_979.jpg,/Users/davidfeliperiveraguerra/dev/seneca/cv-project/data/IMG/left_2025_12_03_12_06_30_979.jpg,/Users/davidfeliperiveraguerra/dev/seneca/cv-project/data/IMG/right_2025_12_03_12_06_30_979.jpg,-0.4,1,0,30.16031
/Users/davidfeliperiveraguerra/dev/seneca/cv-project/data/IMG/center_2025_12_03_12_06_31_046.jpg,/Users/davidfeliperiveraguerra/dev/seneca/cv-project/data/IMG/left_2025_12_03_12_06_31_046.jpg,/Users/davidfeliperiveraguerra/dev/seneca/cv-project/data/IMG/right_2025_12_03_12_06_31_046.jpg,0,1,0,30.17594
/Users/davidfeliperiveraguerra/dev/seneca/cv-project/data/IMG/center_2025_12_03_12_06_31_117.jpg,/Users/davidfeliperiveraguerra/dev/seneca/cv-project/data/IMG/left_2025_12_03_12_06_31_117.jpg,/Users/davidfeliperiveraguerra/dev/seneca/cv-project/data/IMG/right_2025_12_03_12_06_31_117.jpg,0,1,0,30.18644
/Users/davidfeliperiveraguerra/dev/seneca/cv-project/data/IMG/center_2025_12_03_12_06_31_189.jpg,/Users/davidfeliperiveraguerra/dev/seneca/cv-project/data/IMG/left_2025_12_03_12_06_31_189.jpg,/Users/davidfeliperiveraguerra/dev/seneca/cv-project/data/IMG/right_2025_12_03_12_06_31_189.jpg,0,1,0,30.18983
/Users/davidfeliperiveraguerra/dev/seneca/cv-project/data/IMG/center_2025_12_03_12_06_31_259.jpg,/Users/davidfeliperiveraguerra/dev/seneca/cv-project/data/IMG/left_2025_12_03_12_06_31_259.jpg,/Users/davidfeliperiveraguerra/dev/seneca/cv-project/data/IMG/right_2025_12_03_12_06_31_259.jpg,0,1,0,30.19204
/Users/davidfeliperiveraguerra/dev/seneca/cv-project/data/IMG/center_2025_12_03_12_06_31_327.jpg,/Users/davidfeliperiveraguerra/dev/seneca/cv-project/data/IMG/left_2025_12_03_12_06_31_327.jpg,/Users/davidfeliperiveraguerra/dev/seneca/cv-project/data/IMG/right_2025_12_03_12_06_31_327.jpg,0,1,0,30.18996
/Users/davidfeliperiveraguerra/dev/seneca/cv-project/data/IMG/center_2025_12_03_12_06_31_396.jpg,/Users/davidfeliperiveraguerra/dev/seneca/cv-project/data/IMG/left_2025_12_03_12_06_31_396.jpg,/Users/davidfeliperiveraguerra/dev/seneca/cv-project/data/IMG/right_2025_12_03_12_06_31_396.jpg,0,1,0,30.19016
/Users/davidfeliperiveraguerra/dev/seneca/cv-project/data/IMG/center_2025_12_03_12_06_31_466.jpg,/Users/davidfeliperiveraguerra/dev/seneca/cv-project/data/IMG/left_2025_12_03_12_06_31_466.jpg,/Users/davidfeliperiveraguerra/dev/seneca/cv-project/data/IMG/right_2025_12_03_12_06_31_466.jpg,-0.2,1,0,30.18227
/Users/davidfeliperiveraguerra/dev/seneca/cv-project/data/IMG/center_2025_12_03_12_06_31_538.jpg,/Users/davidfeliperiveraguerra/dev/seneca/cv-project/data/IMG/left_2025_12_03_12_06_31_538.jpg,/Users/davidfeliperiveraguerra/dev/seneca/cv-project/data/IMG/right_2025_12_03_12_06_31_538.jpg,-0.35,1,0,30.16401
/Users/davidfeliperiveraguerra/dev/seneca/cv-project/data/IMG/center_2025_12_03_12_06_31_609.jpg,/Users/davidfeliperiveraguerra/dev/seneca/cv-project/data/IMG/left_2025_12_03_12_06_31_609.jpg,/Users/davidfeliperiveraguerra/dev/seneca/cv-project/data/IMG/right_2025_12_03_12_06_31_609.jpg,0,1,0,30.17755
/Users/davidfeliperiveraguerra/dev/seneca/cv-project/data/IMG/center_2025_12_03_12_06_31_677.jpg,/Users/davidfeliperiveraguerra/dev/seneca/cv-project/data/IMG/left_2025_12_03_12_06_31_677.jpg,/Users/davidfeliperiveraguerra/dev/seneca/cv-project/data/IMG/right_2025_12_03_12_06_31_677.jpg,0,1,0,30.18752
/Users/davidfeliperiveraguerra/dev/seneca/cv-project/data/IMG/center_2025_12_03_12_06_31_744.jpg,/Users/davidfeliperiveraguerra/dev/seneca/cv-project/data/IMG/left_2025_12_03_12_06_31_744.jpg,/Users/davidfeliperiveraguerra/dev/seneca/cv-project/data/IMG/right_2025_12_03_12_06_31_744.jpg,0,1,0,30.18993
/Users/davidfeliperiveraguerra/dev/seneca/cv-project/data/IMG/center_2025_12_03_12_06_31_813.jpg,/Users/davidfeliperiveraguerra/dev/seneca/cv-project/data/IMG/left_2025_12_03_12_06_31_813.jpg,/Users/davidfeliperiveraguerra/dev/seneca/cv-project/data/IMG/right_2025_12_03_12_06_31_813.jpg,0,1,0,30.19033
/Users/davidfeliperiveraguerra/dev/seneca/cv-project/data/IMG/center_2025_12_03_12_06_31_880.jpg,/Users/davidfeliperiveraguerra/dev/seneca/cv-project/data/IMG/left_2025_12_03_12_06_31_880.jpg,/Users/davidfeliperiveraguerra/dev/seneca/cv-project/data/IMG/right_2025_12_03_12_06_31_880.jpg,0,1,0,30.19044
/Users/davidfeliperiveraguerra/dev/seneca/cv-project/data/IMG/center_2025_12_03_12_06_31_953.jpg,/Users/davidfeliperiveraguerra/dev/seneca/cv-project/data/IMG/left_2025_12_03_12_06_31_953.jpg,/Users/davidfeliperiveraguerra/dev/seneca/cv-project/data/IMG/right_2025_12_03_12_06_31_953.jpg,-0.05,1,0,30.18993
/Users/davidfeliperiveraguerra/dev/seneca/cv-project/data/IMG/center_2025_12_03_12_06_32_024.jpg,/Users/davidfeliperiveraguerra/dev/seneca/cv-project/data/IMG/left_2025_12_03_12_06_32_024.jpg,/Users/davidfeliperiveraguerra/dev/seneca/cv-project/data/IMG/right_2025_12_03_12_06_32_024.jpg,-0.25,1,0,30.17612
/Users/davidfeliperiveraguerra/dev/seneca/cv-project/data/IMG/center_2025_12_03_12_06_32_096.jpg,/Users/davidfeliperiveraguerra/dev/seneca/cv-project/data/IMG/left_2025_12_03_12_06_32_096.jpg,/Users/davidfeliperiveraguerra/dev/seneca/cv-project/data/IMG/right_2025_12_03_12_06_32_096.jpg,-0.4,1,0,30.15839
/Users/davidfeliperiveraguerra/dev/seneca/cv-project/data/IMG/center_2025_12_03_12_06_32_164.jpg,/Users/davidfeliperiveraguerra/dev/seneca/cv-project/data/IMG/left_2025_12_03_12_06_32_164.jpg,/Users/davidfeliperiveraguerra/dev/seneca/cv-project/data/IMG/right_2025_12_03_12_06_32_164.jpg,0,1,0,30.18917
/Users/davidfeliperiveraguerra/dev/seneca/cv-project/data/IMG/center_2025_12_03_12_06_32_235.jpg,/Users/davidfeliperiveraguerra/dev/seneca/cv-project/data/IMG/left_2025_12_03_12_06_32_235.jpg,/Users/davidfeliperiveraguerra/dev/seneca/cv-project/data/IMG/right_2025_12_03_12_06_32_235.jpg,0,1,0,30.19
/Users/davidfeliperiveraguerra/dev/seneca/cv-project/data/IMG/center_2025_12_03_12_06_32_303.jpg,/Users/davidfeliperiveraguerra/dev/seneca/cv-project/data/IMG/left_2025_12_03_12_06_32_303.jpg,/Users/davidfeliperiveraguerra/dev/seneca/cv-project/data/IMG/right_2025_12_03_12_06_32_303.jpg,0,1,0,30.19024
/Users/davidfeliperiveraguerra/dev/seneca/cv-project/data/IMG/center_2025_12_03_12_06_32_369.jpg,/Users/davidfeliperiveraguerra/dev/seneca/cv-project/data/IMG/left_2025_12_03_12_06_32_369.jpg,/Users/davidfeliperiveraguerra/dev/seneca/cv-project/data/IMG/right_2025_12_03_12_06_32_369.jpg,0,1,0,30.1903
/Users/davidfeliperiveraguerra/dev/seneca/cv-project/data/IMG/center_2025_12_03_12_06_32_440.jpg,/Users/davidfeliperiveraguerra/dev/seneca/cv-project/data/IMG/left_2025_12_03_12_06_32_440.jpg,/Users/davidfeliperiveraguerra/dev/seneca/cv-project/data/IMG/right_2025_12_03_12_06_32_440.jpg,-0.05,1,0,30.18988
/Users/davidfeliperiveraguerra/dev/seneca/cv-project/data/IMG/center_2025_12_03_12_06_32_513.jpg,/Users/davidfeliperiveraguerra/dev/seneca/cv-project/data/IMG/left_2025_12_03_12_06_32_513.jpg,/Users/davidfeliperiveraguerra/dev/seneca/cv-project/data/IMG/right_2025_12_03_12_06_32_513.jpg,-0.25,1,0,30.17546
/Users/davidfeliperiveraguerra/dev/seneca/cv-project/data/IMG/center_2025_12_03_12_06_32_585.jpg,/Users/davidfeliperiveraguerra/dev/seneca/cv-project/data/IMG/left_2025_12_03_12_06_32_585.jpg,/Users/davidfeliperiveraguerra/dev/seneca/cv-project/data/IMG/right_2025_12_03_12_06_32_585.jpg,0,1,0,30.18161
/Users/davidfeliperiveraguerra/dev/seneca/cv-project/data/IMG/center_2025_12_03_12_06_32_652.jpg,/Users/davidfeliperiveraguerra/dev/seneca/cv-project/data/IMG/left_2025_12_03_12_06_32_652.jpg,/Users/davidfeliperiveraguerra/dev/seneca/cv-project/data/IMG/right_2025_12_03_12_06_32_652.jpg,0,1,0,30.18904
/Users/davidfeliperiveraguerra/dev/seneca/cv-project/data/IMG/center_2025_12_03_12_06_32_723.jpg,/Users/davidfeliperiveraguerra/dev/seneca/cv-project/data/IMG/left_2025_12_03_12_06_32_723.jpg,/Users/davidfeliperiveraguerra/dev/seneca/cv-project/data/IMG/right_2025_12_03_12_06_32_723.jpg,0,1,0,30.19003
/Users/davidfeliperiveraguerra/dev/seneca/cv-project/data/IMG/center_2025_12_03_12_06_32_797.jpg,/Users/davidfeliperiveraguerra/dev/seneca/cv-project/data/IMG/left_2025_12_03_12_06_32_797.jpg,/Users/davidfeliperiveraguerra/dev/seneca/cv-project/data/IMG/right_2025_12_03_12_06_32_797.jpg,0,1,0,30.19021
/Users/davidfeliperiveraguerra/dev/seneca/cv-project/data/IMG/center_2025_12_03_12_06_32_868.jpg,/Users/davidfeliperiveraguerra/dev/seneca/cv-project/data/IMG/left_2025_12_03_12_06_32_868.jpg,/Users/davidfeliperiveraguerra/dev/seneca/cv-project/data/IMG/right_2025_12_03_12_06_32_868.jpg,0,1,0,30.19029
/Users/davidfeliperiveraguerra/dev/seneca/cv-project/data/IMG/center_2025_12_03_12_06_32_935.jpg,/Users/davidfeliperiveraguerra/dev/seneca/cv-project/data/IMG/left_2025_12_03_12_06_32_935.jpg,/Users/davidfeliperiveraguerra/dev/seneca/cv-project/data/IMG/right_2025_12_03_12_06_32_935.jpg,-0.05,1,0,30.18979
/Users/davidfeliperiveraguerra/dev/seneca/cv-project/data/IMG/center_2025_12_03_12_06_33_004.jpg,/Users/davidfeliperiveraguerra/dev/seneca/cv-project/data/IMG/left_2025_12_03_12_06_33_004.jpg,/Users/davidfeliperiveraguerra/dev/seneca/cv-project/data/IMG/right_2025_12_03_12_06_33_004.jpg,-0.25,1,0,30.17536
/Users/davidfeliperiveraguerra/dev/seneca/cv-project/data/IMG/center_2025_12_03_12_06_33_074.jpg,/Users/davidfeliperiveraguerra/dev/seneca/cv-project/data/IMG/left_2025_12_03_12_06_33_074.jpg,/Users/davidfeliperiveraguerra/dev/seneca/cv-project/data/IMG/right_2025_12_03_12_06_33_074.jpg,0,1,0,30.18984
/Users/davidfeliperiveraguerra/dev/seneca/cv-project/data/IMG/center_2025_12_03_12_06_33_143.jpg,/Users/davidfeliperiveraguerra/dev/seneca/cv-project/data/IMG/left_2025_12_03_12_06_33_143.jpg,/Users/davidfeliperiveraguerra/dev/seneca/cv-project/data/IMG/right_2025_12_03_12_06_33_143.jpg,0,1,0,30.19022
/Users/davidfeliperiveraguerra/dev/seneca/cv-project/data/IMG/center_2025_12_03_12_06_33_211.jpg,/Users/davidfeliperiveraguerra/dev/seneca/cv-project/data/IMG/left_2025_12_03_12_06_33_211.jpg,/Users/davidfeliperiveraguerra/dev/seneca/cv-project/data/IMG/right_2025_12_03_12_06_33_211.jpg,0,1,0,30.19029
/Users/davidfeliperiveraguerra/dev/seneca/cv-project/data/IMG/center_2025_12_03_12_06_33_283.jpg,/Users/davidfeliperiveraguerra/dev/seneca/cv-project/data/IMG/left_2025_12_03_12_06_33_283.jpg,/Users/davidfeliperiveraguerra/dev/seneca/cv-project/data/IMG/right_2025_12_03_12_06_33_283.jpg,0,1,0,30.19032
/Users/davidfeliperiveraguerra/dev/seneca/cv-project/data/IMG/center_2025_12_03_12_06_33_350.jpg,/Users/davidfeliperiveraguerra/dev/seneca/cv-project/data/IMG/left_2025_12_03_12_06_33_350.jpg,/Users/davidfeliperiveraguerra/dev/seneca/cv-project/data/IMG/right_2025_12_03_12_06_33_350.jpg,0,1,0,30.19029
/Users/davidfeliperiveraguerra/dev/seneca/cv-project/data/IMG/center_2025_12_03_12_06_33_416.jpg,/Users/davidfeliperiveraguerra/dev/seneca/cv-project/data/IMG/left_2025_12_03_12_06_33_416.jpg,/Users/davidfeliperiveraguerra/dev/seneca/cv-project/data/IMG/right_2025_12_03_12_06_33_416.jpg,-0.15,1,0,30.18447
/Users/davidfeliperiveraguerra/dev/seneca/cv-project/data/IMG/center_2025_12_03_12_06_33_485.jpg,/Users/davidfeliperiveraguerra/dev/seneca/cv-project/data/IMG/left_2025_12_03_12_06_33_485.jpg,/Users/davidfeliperiveraguerra/dev/seneca/cv-project/data/IMG/right_2025_12_03_12_06_33_485.jpg,0,1,0,30.18471
/Users/davidfeliperiveraguerra/dev/seneca/cv-project/data/IMG/center_2025_12_03_12_06_33_552.jpg,/Users/davidfeliperiveraguerra/dev/seneca/cv-project/data/IMG/left_2025_12_03_12_06_33_552.jpg,/Users/davidfeliperiveraguerra/dev/seneca/cv-project/data/IMG/right_2025_12_03_12_06_33_552.jpg,0,1,0,30.18993
/Users/davidfeliperiveraguerra/dev/seneca/cv-project/data/IMG/center_2025_12_03_12_06_33_623.jpg,/Users/davidfeliperiveraguerra/dev/seneca/cv-project/data/IMG/left_2025_12_03_12_06_33_623.jpg,/Users/davidfeliperiveraguerra/dev/seneca/cv-project/data/IMG/right_2025_12_03_12_06_33_623.jpg,0,1,0,30.19019
/Users/davidfeliperiveraguerra/dev/seneca/cv-project/data/IMG/center_2025_12_03_12_06_33_693.jpg,/Users/davidfeliperiveraguerra/dev/seneca/cv-project/data/IMG/left_2025_12_03_12_06_33_693.jpg,/Users/davidfeliperiveraguerra/dev/seneca/cv-project/data/IMG/right_2025_12_03_12_06_33_693.jpg,0,1,0,30.19026
/Users/davidfeliperiveraguerra/dev/seneca/cv-project/data/IMG/center_2025_12_03_12_06_33_761.jpg,/Users/davidfeliperiveraguerra/dev/seneca/cv-project/data/IMG/left_2025_12_03_12_06_33_761.jpg,/Users/davidfeliperiveraguerra/dev/seneca/cv-project/data/IMG/right_2025_12_03_12_06_33_761.jpg,0,1,0,30.19053
/Users/davidfeliperiveraguerra/dev/seneca/cv-project/data/IMG/center_2025_12_03_12_06_33_830.jpg,/Users/davidfeliperiveraguerra/dev/seneca/cv-project/data/IMG/left_2025_12_03_12_06_33_830.jpg,/Users/davidfeliperiveraguerra/dev/seneca/cv-project/data/IMG/right_2025_12_03_12_06_33_830.jpg,-0.1,1,0,30.18802
/Users/davidfeliperiveraguerra/dev/seneca/cv-project/data/IMG/center_2025_12_03_12_06_33_897.jpg,/Users/davidfeliperiveraguerra/dev/seneca/cv-project/data/IMG/left_2025_12_03_12_06_33_897.jpg,/Users/davidfeliperiveraguerra/dev/seneca/cv-project/data/IMG/right_2025_12_03_12_06_33_897.jpg,-0.25,1,0,30.17521
/Users/davidfeliperiveraguerra/dev/seneca/cv-project/data/IMG/center_2025_12_03_12_06_33_966.jpg,/Users/davidfeliperiveraguerra/dev/seneca/cv-project/data/IMG/left_2025_12_03_12_06_33_966.jpg,/Users/davidfeliperiveraguerra/dev/seneca/cv-project/data/IMG/right_2025_12_03_12_06_33_966.jpg,0,1,0,30.18982
/Users/davidfeliperiveraguerra/dev/seneca/cv-project/data/IMG/center_2025_12_03_12_06_34_035.jpg,/Users/davidfeliperiveraguerra/dev/seneca/cv-project/data/IMG/left_2025_12_03_12_06_34_035.jpg,/Users/davidfeliperiveraguerra/dev/seneca/cv-project/data/IMG/right_2025_12_03_12_06_34_035.jpg,0,1,0,30.18956
/Users/davidfeliperiveraguerra/dev/seneca/cv-project/data/IMG/center_2025_12_03_12_06_34_104.jpg,/Users/davidfeliperiveraguerra/dev/seneca/cv-project/data/IMG/left_2025_12_03_12_06_34_104.jpg,/Users/davidfeliperiveraguerra/dev/seneca/cv-project/data/IMG/right_2025_12_03_12_06_34_104.jpg,0,1,0,30.19019
/Users/davidfeliperiveraguerra/dev/seneca/cv-project/data/IMG/center_2025_12_03_12_06_34_172.jpg,/Users/davidfeliperiveraguerra/dev/seneca/cv-project/data/IMG/left_2025_12_03_12_06_34_172.jpg,/Users/davidfeliperiveraguerra/dev/seneca/cv-project/data/IMG/right_2025_12_03_12_06_34_172.jpg,0,1,0,30.19029
/Users/davidfeliperiveraguerra/dev/seneca/cv-project/data/IMG/center_2025_12_03_12_06_34_243.jpg,/Users/davidfeliperiveraguerra/dev/seneca/cv-project/data/IMG/left_2025_12_03_12_06_34_243.jpg,/Users/davidfeliperiveraguerra/dev/seneca/cv-project/data/IMG/right_2025_12_03_12_06_34_243.jpg,-0.1,1,0,30.18826
/Users/davidfeliperiveraguerra/dev/seneca/cv-project/data/IMG/center_2025_12_03_12_06_34_309.jpg,/Users/davidfeliperiveraguerra/dev/seneca/cv-project/data/IMG/left_2025_12_03_12_06_34_309.jpg,/Users/davidfeliperiveraguerra/dev/seneca/cv-project/data/IMG/right_2025_12_03_12_06_34_309.jpg,-0.25,1,0,30.17561
/Users/davidfeliperiveraguerra/dev/seneca/cv-project/data/IMG/center_2025_12_03_12_06_34_380.jpg,/Users/davidfeliperiveraguerra/dev/seneca/cv-project/data/IMG/left_2025_12_03_12_06_34_380.jpg,/Users/davidfeliperiveraguerra/dev/seneca/cv-project/data/IMG/right_2025_12_03_12_06_34_380.jpg,-0.4,1,0,30.1582
/Users/davidfeliperiveraguerra/dev/seneca/cv-project/data/IMG/center_2025_12_03_12_06_34_450.jpg,/Users/davidfeliperiveraguerra/dev/seneca/cv-project/data/IMG/left_2025_12_03_12_06_34_450.jpg,/Users/davidfeliperiveraguerra/dev/seneca/cv-project/data/IMG/right_2025_12_03_12_06_34_450.jpg,0,1,0,30.18665
/Users/davidfeliperiveraguerra/dev/seneca/cv-project/data/IMG/center_2025_12_03_12_06_34_521.jpg,/Users/davidfeliperiveraguerra/dev/seneca/cv-project/data/IMG/left_2025_12_03_12_06_34_521.jpg,/Users/davidfeliperiveraguerra/dev/seneca/cv-project/data/IMG/right_2025_12_03_12_06_34_521.jpg,0,1,0,30.1894
/Users/davidfeliperiveraguerra/dev/seneca/cv-project/data/IMG/center_2025_12_03_12_06_34_591.jpg,/Users/davidfeliperiveraguerra/dev/seneca/cv-project/data/IMG/left_2025_12_03_12_06_34_591.jpg,/Users/davidfeliperiveraguerra/dev/seneca/cv-project/data/IMG/right_2025_12_03_12_06_34_591.jpg,0,1,0,30.19013
/Users/davidfeliperiveraguerra/dev/seneca/cv-project/data/IMG/center_2025_12_03_12_06_34_658.jpg,/Users/davidfeliperiveraguerra/dev/seneca/cv-project/data/IMG/left_2025_12_03_12_06_34_658.jpg,/Users/davidfeliperiveraguerra/dev/seneca/cv-project/data/IMG/right_2025_12_03_12_06_34_658.jpg,0,1,0,30.19028
/Users/davidfeliperiveraguerra/dev/seneca/cv-project/data/IMG/center_2025_12_03_12_06_34_731.jpg,/Users/davidfeliperiveraguerra/dev/seneca/cv-project/data/IMG/left_2025_12_03_12_06_34_731.jpg,/Users/davidfeliperiveraguerra/dev/seneca/cv-project/data/IMG/right_2025_12_03_12_06_34_731.jpg,0,1,0,30.19025
/Users/davidfeliperiveraguerra/dev/seneca/cv-project/data/IMG/center_2025_12_03_12_06_34_803.jpg,/Users/davidfeliperiveraguerra/dev/seneca/cv-project/data/IMG/left_2025_12_03_12_06_34_803.jpg,/Users/davidfeliperiveraguerra/dev/seneca/cv-project/data/IMG/right_2025_12_03_12_06_34_803.jpg,-0.05,1,0,30.18979
/Users/davidfeliperiveraguerra/dev/seneca/cv-project/data/IMG/center_2025_12_03_12_06_34_875.jpg,/Users/davidfeliperiveraguerra/dev/seneca/cv-project/data/IMG/left_2025_12_03_12_06_34_875.jpg,/Users/davidfeliperiveraguerra/dev/seneca/cv-project/data/IMG/right_2025_12_03_12_06_34_875.jpg,-0.2,1,0,30.18018
/Users/davidfeliperiveraguerra/dev/seneca/cv-project/data/IMG/center_2025_12_03_12_06_34_948.jpg,/Users/davidfeliperiveraguerra/dev/seneca/cv-project/data/IMG/left_2025_12_03_12_06_34_948.jpg,/Users/davidfeliperiveraguerra/dev/seneca/cv-project/data/IMG/right_2025_12_03_12_06_34_948.jpg,0,1,0,30.18326
/Users/davidfeliperiveraguerra/dev/seneca/cv-project/data/IMG/center_2025_12_03_12_06_35_014.jpg,/Users/davidfeliperiveraguerra/dev/seneca/cv-project/data/IMG/left_2025_12_03_12_06_35_014.jpg,/Users/davidfeliperiveraguerra/dev/seneca/cv-project/data/IMG/right_2025_12_03_12_06_35_014.jpg,0,1,0,30.18958
/Users/davidfeliperiveraguerra/dev/seneca/cv-project/data/IMG/center_2025_12_03_12_06_35_081.jpg,/Users/davidfeliperiveraguerra/dev/seneca/cv-project/data/IMG/left_2025_12_03_12_06_35_081.jpg,/Users/davidfeliperiveraguerra/dev/seneca/cv-project/data/IMG/right_2025_12_03_12_06_35_081.jpg,0,1,0,30.19005
/Users/davidfeliperiveraguerra/dev/seneca/cv-project/data/IMG/center_2025_12_03_12_06_35_153.jpg,/Users/davidfeliperiveraguerra/dev/seneca/cv-project/data/IMG/left_2025_12_03_12_06_35_153.jpg,/Users/davidfeliperiveraguerra/dev/seneca/cv-project/data/IMG/right_2025_12_03_12_06_35_153.jpg,0,1,0,30.19025
/Users/davidfeliperiveraguerra/dev/seneca/cv-project/data/IMG/center_2025_12_03_12_06_35_219.jpg,/Users/davidfeliperiveraguerra/dev/seneca/cv-project/data/IMG/left_2025_12_03_12_06_35_219.jpg,/Users/davidfeliperiveraguerra/dev/seneca/cv-project/data/IMG/right_2025_12_03_12_06_35_219.jpg,0,1,0,30.19029
/Users/davidfeliperiveraguerra/dev/seneca/cv-project/data/IMG/center_2025_12_03_12_06_35_287.jpg,/Users/davidfeliperiveraguerra/dev/seneca/cv-project/data/IMG/left_2025_12_03_12_06_35_287.jpg,/Users/davidfeliperiveraguerra/dev/seneca/cv-project/data/IMG/right_2025_12_03_12_06_35_287.jpg,0,1,0,30.19031
/Users/davidfeliperiveraguerra/dev/seneca/cv-project/data/IMG/center_2025_12_03_12_06_35_354.jpg,/Users/davidfeliperiveraguerra/dev/seneca/cv-project/data/IMG/left_2025_12_03_12_06_35_354.jpg,/Users/davidfeliperiveraguerra/dev/seneca/cv-project/data/IMG/right_2025_12_03_12_06_35_354.jpg,-0.05,1,0,30.18974
/Users/davidfeliperiveraguerra/dev/seneca/cv-project/data/IMG/center_2025_12_03_12_06_35_426.jpg,/Users/davidfeliperiveraguerra/dev/seneca/cv-project/data/IMG/left_2025_12_03_12_06_35_426.jpg,/Users/davidfeliperiveraguerra/dev/seneca/cv-project/data/IMG/right_2025_12_03_12_06_35_426.jpg,-0.25,1,0,30.175
/Users/davidfeliperiveraguerra/dev/seneca/cv-project/data/IMG/center_2025_12_03_12_06_35_495.jpg,/Users/davidfeliperiveraguerra/dev/seneca/cv-project/data/IMG/left_2025_12_03_12_06_35_495.jpg,/Users/davidfeliperiveraguerra/dev/seneca/cv-project/data/IMG/right_2025_12_03_12_06_35_495.jpg,0,1,0,30.19074
/Users/davidfeliperiveraguerra/dev/seneca/cv-project/data/IMG/center_2025_12_03_12_06_35_565.jpg,/Users/davidfeliperiveraguerra/dev/seneca/cv-project/data/IMG/left_2025_12_03_12_06_35_565.jpg,/Users/davidfeliperiveraguerra/dev/seneca/cv-project/data/IMG/right_2025_12_03_12_06_35_565.jpg,0,1,0,30.19007
/Users/davidfeliperiveraguerra/dev/seneca/cv-project/data/IMG/center_2025_12_03_12_06_35_631.jpg,/Users/davidfeliperiveraguerra/dev/seneca/cv-project/data/IMG/left_2025_12_03_12_06_35_631.jpg,/Users/davidfeliperiveraguerra/dev/seneca/cv-project/data/IMG/right_2025_12_03_12_06_35_631.jpg,0,1,0,30.19017
/Users/davidfeliperiveraguerra/dev/seneca/cv-project/data/IMG/center_2025_12_03_12_06_35_699.jpg,/Users/davidfeliperiveraguerra/dev/seneca/cv-project/data/IMG/left_2025_12_03_12_06_35_699.jpg,/Users/davidfeliperiveraguerra/dev/seneca/cv-project/data/IMG/right_2025_12_03_12_06_35_699.jpg,0,1,0,30.19039
/Users/davidfeliperiveraguerra/dev/seneca/cv-project/data/IMG/center_2025_12_03_12_06_35_770.jpg,/Users/davidfeliperiveraguerra/dev/seneca/cv-project/data/IMG/left_2025_12_03_12_06_35_770.jpg,/Users/davidfeliperiveraguerra/dev/seneca/cv-project/data/IMG/right_2025_12_03_12_06_35_770.jpg,0,1,0,30.19032
/Users/davidfeliperiveraguerra/dev/seneca/cv-project/data/IMG/center_2025_12_03_12_06_35_842.jpg,/Users/davidfeliperiveraguerra/dev/seneca/cv-project/data/IMG/left_2025_12_03_12_06_35_842.jpg,/Users/davidfeliperiveraguerra/dev/seneca/cv-project/data/IMG/right_2025_12_03_12_06_35_842.jpg,-0.15,1,0,30.18485
/Users/davidfeliperiveraguerra/dev/seneca/cv-project/data/IMG/center_2025_12_03_12_06_35_909.jpg,/Users/davidfeliperiveraguerra/dev/seneca/cv-project/data/IMG/left_2025_12_03_12_06_35_909.jpg,/Users/davidfeliperiveraguerra/dev/seneca/cv-project/data/IMG/right_2025_12_03_12_06_35_909.jpg,-0.3,1,0,30.16964
/Users/davidfeliperiveraguerra/dev/seneca/cv-project/data/IMG/center_2025_12_03_12_06_35_981.jpg,/Users/davidfeliperiveraguerra/dev/seneca/cv-project/data/IMG/left_2025_12_03_12_06_35_981.jpg,/Users/davidfeliperiveraguerra/dev/seneca/cv-project/data/IMG/right_2025_12_03_12_06_35_981.jpg,-0.45,1,0,30.1517
/Users/davidfeliperiveraguerra/dev/seneca/cv-project/data/IMG/center_2025_12_03_12_06_36_048.jpg,/Users/davidfeliperiveraguerra/dev/seneca/cv-project/data/IMG/left_2025_12_03_12_06_36_048.jpg,/Users/davidfeliperiveraguerra/dev/seneca/cv-project/data/IMG/right_2025_12_03_12_06_36_048.jpg,0,1,0,30.18834
/Users/davidfeliperiveraguerra/dev/seneca/cv-project/data/IMG/center_2025_12_03_12_06_36_115.jpg,/Users/davidfeliperiveraguerra/dev/seneca/cv-project/data/IMG/left_2025_12_03_12_06_36_115.jpg,/Users/davidfeliperiveraguerra/dev/seneca/cv-project/data/IMG/right_2025_12_03_12_06_36_115.jpg,0,1,0,30.18967
/Users/davidfeliperiveraguerra/dev/seneca/cv-project/data/IMG/center_2025_12_03_12_06_36_182.jpg,/Users/davidfeliperiveraguerra/dev/seneca/cv-project/data/IMG/left_2025_12_03_12_06_36_182.jpg,/Users/davidfeliperiveraguerra/dev/seneca/cv-project/data/IMG/right_2025_12_03_12_06_36_182.jpg,0,1,0,30.19022
/Users/davidfeliperiveraguerra/dev/seneca/cv-project/data/IMG/center_2025_12_03_12_06_36_253.jpg,/Users/davidfeliperiveraguerra/dev/seneca/cv-project/data/IMG/left_2025_12_03_12_06_36_253.jpg,/Users/davidfeliperiveraguerra/dev/seneca/cv-project/data/IMG/right_2025_12_03_12_06_36_253.jpg,-0.05,1,0,30.18999
/Users/davidfeliperiveraguerra/dev/seneca/cv-project/data/IMG/center_2025_12_03_12_06_36_325.jpg,/Users/davidfeliperiveraguerra/dev/seneca/cv-project/data/IMG/left_2025_12_03_12_06_36_325.jpg,/Users/davidfeliperiveraguerra/dev/seneca/cv-project/data/IMG/right_2025_12_03_12_06_36_325.jpg,-0.25,1,0,30.17617
/Users/davidfeliperiveraguerra/dev/seneca/cv-project/data/IMG/center_2025_12_03_12_06_36_394.jpg,/Users/davidfeliperiveraguerra/dev/seneca/cv-project/data/IMG/left_2025_12_03_12_06_36_394.jpg,/Users/davidfeliperiveraguerra/dev/seneca/cv-project/data/IMG/right_2025_12_03_12_06_36_394.jpg,0,1,0,30.19044
/Users/davidfeliperiveraguerra/dev/seneca/cv-project/data/IMG/center_2025_12_03_12_06_36_463.jpg,/Users/davidfeliperiveraguerra/dev/seneca/cv-project/data/IMG/left_2025_12_03_12_06_36_463.jpg,/Users/davidfeliperiveraguerra/dev/seneca/cv-project/data/IMG/right_2025_12_03_12_06_36_463.jpg,0,1,0,30.19006
/Users/davidfeliperiveraguerra/dev/seneca/cv-project/data/IMG/center_2025_12_03_12_06_36_531.jpg,/Users/davidfeliperiveraguerra/dev/seneca/cv-project/data/IMG/left_2025_12_03_12_06_36_531.jpg,/Users/davidfeliperiveraguerra/dev/seneca/cv-project/data/IMG/right_2025_12_03_12_06_36_531.jpg,0,1,0,30.19022
/Users/davidfeliperiveraguerra/dev/seneca/cv-project/data/IMG/center_2025_12_03_12_06_36_601.jpg,/Users/davidfeliperiveraguerra/dev/seneca/cv-project/data/IMG/left_2025_12_03_12_06_36_601.jpg,/Users/davidfeliperiveraguerra/dev/seneca/cv-project/data/IMG/right_2025_12_03_12_06_36_601.jpg,0,1,0,30.19029
/Users/davidfeliperiveraguerra/dev/seneca/cv-project/data/IMG/center_2025_12_03_12_06_36_670.jpg,/Users/davidfeliperiveraguerra/dev/seneca/cv-project/data/IMG/left_2025_12_03_12_06_36_670.jpg,/Users/davidfeliperiveraguerra/dev/seneca/cv-project/data/IMG/right_2025_12_03_12_06_36_670.jpg,0,1,0,30.18994
/Users/davidfeliperiveraguerra/dev/seneca/cv-project/data/IMG/center_2025_12_03_12_06_36_740.jpg,/Users/davidfeliperiveraguerra/dev/seneca/cv-project/data/IMG/left_2025_12_03_12_06_36_740.jpg,/Users/davidfeliperiveraguerra/dev/seneca/cv-project/data/IMG/right_2025_12_03_12_06_36_740.jpg,-0.05,1,0,30.18982
/Users/davidfeliperiveraguerra/dev/seneca/cv-project/data/IMG/center_2025_12_03_12_06_36_807.jpg,/Users/davidfeliperiveraguerra/dev/seneca/cv-project/data/IMG/left_2025_12_03_12_06_36_807.jpg,/Users/davidfeliperiveraguerra/dev/seneca/cv-project/data/IMG/right_2025_12_03_12_06_36_807.jpg,-0.25,1,0,30.17505
/Users/davidfeliperiveraguerra/dev/seneca/cv-project/data/IMG/center_2025_12_03_12_06_36_875.jpg,/Users/davidfeliperiveraguerra/dev/seneca/cv-project/data/IMG/left_2025_12_03_12_06_36_875.jpg,/Users/davidfeliperiveraguerra/dev/seneca/cv-project/data/IMG/right_2025_12_03_12_06_36_875.jpg,-0.4,1,0,30.15723
/Users/davidfeliperiveraguerra/dev/seneca/cv-project/data/IMG/center_2025_12_03_12_06_36_941.jpg,/Users/davidfeliperiveraguerra/dev/seneca/cv-project/data/IMG/left_2025_12_03_12_06_36_941.jpg,/Users/davidfeliperiveraguerra/dev/seneca/cv-project/data/IMG/right_2025_12_03_12_06_36_941.jpg,0,1,0,30.18755
/Users/davidfeliperiveraguerra/dev/seneca/cv-project/data/IMG/center_2025_12_03_12_06_37_012.jpg,/Users/davidfeliperiveraguerra/dev/seneca/cv-project/data/IMG/left_2025_12_03_12_06_37_012.jpg,/Users/davidfeliperiveraguerra/dev/seneca/cv-project/data/IMG/right_2025_12_03_12_06_37_012.jpg,0,1,0,30.18986
/Users/davidfeliperiveraguerra/dev/seneca/cv-project/data/IMG/center_2025_12_03_12_06_37_082.jpg,/Users/davidfeliperiveraguerra/dev/seneca/cv-project/data/IMG/left_2025_12_03_12_06_37_082.jpg,/Users/davidfeliperiveraguerra/dev/seneca/cv-project/data/IMG/right_2025_12_03_12_06_37_082.jpg,0,1,0,30.19017
/Users/davidfeliperiveraguerra/dev/seneca/cv-project/data/IMG/center_2025_12_03_12_06_37_148.jpg,/Users/davidfeliperiveraguerra/dev/seneca/cv-project/data/IMG/left_2025_12_03_12_06_37_148.jpg,/Users/davidfeliperiveraguerra/dev/seneca/cv-project/data/IMG/right_2025_12_03_12_06_37_148.jpg,0,1,0,30.19026
/Users/davidfeliperiveraguerra/dev/seneca/cv-project/data/IMG/center_2025_12_03_12_06_37_215.jpg,/Users/davidfeliperiveraguerra/dev/seneca/cv-project/data/IMG/left_2025_12_03_12_06_37_215.jpg,/Users/davidfeliperiveraguerra/dev/seneca/cv-project/data/IMG/right_2025_12_03_12_06_37_215.jpg,-0.05,1,0,30.18986
/Users/davidfeliperiveraguerra/dev/seneca/cv-project/data/IMG/center_2025_12_03_12_06_37_286.jpg,/Users/davidfeliperiveraguerra/dev/seneca/cv-project/data/IMG/left_2025_12_03_12_06_37_286.jpg,/Users/davidfeliperiveraguerra/dev/seneca/cv-project/data/IMG/right_2025_12_03_12_06_37_286.jpg,-0.25,1,0,30.17549
/Users/davidfeliperiveraguerra/dev/seneca/cv-project/data/IMG/center_2025_12_03_12_06_37_355.jpg,/Users/davidfeliperiveraguerra/dev/seneca/cv-project/data/IMG/left_2025_12_03_12_06_37_355.jpg,/Users/davidfeliperiveraguerra/dev/seneca/cv-project/data/IMG/right_2025_12_03_12_06_37_355.jpg,0,1,0,30.18332
/Users/davidfeliperiveraguerra/dev/seneca/cv-project/data/IMG/center_2025_12_03_12_06_37_424.jpg,/Users/davidfeliperiveraguerra/dev/seneca/cv-project/data/IMG/left_2025_12_03_12_06_37_424.jpg,/Users/davidfeliperiveraguerra/dev/seneca/cv-project/data/IMG/right_2025_12_03_12_06_37_424.jpg,0,1,0,30.18958
/Users/davidfeliperiveraguerra/dev/seneca/cv-project/data/IMG/center_2025_12_03_12_06_37_492.jpg,/Users/davidfeliperiveraguerra/dev/seneca/cv-project/data/IMG/left_2025_12_03_12_06_37_492.jpg,/Users/davidfeliperiveraguerra/dev/seneca/cv-project/data/IMG/right_2025_12_03_12_06_37_492.jpg,0,1,0,30.19011
/Users/davidfeliperiveraguerra/dev/seneca/cv-project/data/IMG/center_2025_12_03_12_06_37_560.jpg,/Users/davidfeliperiveraguerra/dev/seneca/cv-project/data/IMG/left_2025_12_03_12_06_37_560.jpg,/Users/davidfeliperiveraguerra/dev/seneca/cv-project/data/IMG/right_2025_12_03_12_06_37_560.jpg,0,1,0,30.19022
/Users/davidfeliperiveraguerra/dev/seneca/cv-project/data/IMG/center_2025_12_03_12_06_37_629.jpg,/Users/davidfeliperiveraguerra/dev/seneca/cv-project/data/IMG/left_2025_12_03_12_06_37_629.jpg,/Users/davidfeliperiveraguerra/dev/seneca/cv-project/data/IMG/right_2025_12_03_12_06_37_629.jpg,0,1,0,30.19026
/Users/davidfeliperiveraguerra/dev/seneca/cv-project/data/IMG/center_2025_12_03_12_06_37_695.jpg,/Users/davidfeliperiveraguerra/dev/seneca/cv-project/data/IMG/left_2025_12_03_12_06_37_695.jpg,/Users/davidfeliperiveraguerra/dev/seneca/cv-project/data/IMG/right_2025_12_03_12_06_37_695.jpg,0,1,0,30.18965
/Users/davidfeliperiveraguerra/dev/seneca/cv-project/data/IMG/center_2025_12_03_12_06_37_766.jpg,/Users/davidfeliperiveraguerra/dev/seneca/cv-project/data/IMG/left_2025_12_03_12_06_37_766.jpg,/Users/davidfeliperiveraguerra/dev/seneca/cv-project/data/IMG/right_2025_12_03_12_06_37_766.jpg,0,1,0,30.19031
/Users/davidfeliperiveraguerra/dev/seneca/cv-project/data/IMG/center_2025_12_03_12_06_37_837.jpg,/Users/davidfeliperiveraguerra/dev/seneca/cv-project/data/IMG/left_2025_12_03_12_06_37_837.jpg,/Users/davidfeliperiveraguerra/dev/seneca/cv-project/data/IMG/right_2025_12_03_12_06_37_837.jpg,0,1,0,30.1903
/Users/davidfeliperiveraguerra/dev/seneca/cv-project/data/IMG/center_2025_12_03_12_06_37_904.jpg,/Users/davidfeliperiveraguerra/dev/seneca/cv-project/data/IMG/left_2025_12_03_12_06_37_904.jpg,/Users/davidfeliperiveraguerra/dev/seneca/cv-project/data/IMG/right_2025_12_03_12_06_37_904.jpg,0,1,0,30.18983
/Users/davidfeliperiveraguerra/dev/seneca/cv-project/data/IMG/center_2025_12_03_12_06_37_974.jpg,/Users/davidfeliperiveraguerra/dev/seneca/cv-project/data/IMG/left_2025_12_03_12_06_37_974.jpg,/Users/davidfeliperiveraguerra/dev/seneca/cv-project/data/IMG/right_2025_12_03_12_06_37_974.jpg,0,1,0,30.19031
/Users/davidfeliperiveraguerra/dev/seneca/cv-project/data/IMG/center_2025_12_03_12_06_38_043.jpg,/Users/davidfeliperiveraguerra/dev/seneca/cv-project/data/IMG/left_2025_12_03_12_06_38_043.jpg,/Users/davidfeliperiveraguerra/dev/seneca/cv-project/data/IMG/right_2025_12_03_12_06_38_043.jpg,-0.15,1,0,30.18422
/Users/davidfeliperiveraguerra/dev/seneca/cv-project/data/IMG/center_2025_12_03_12_06_38_111.jpg,/Users/davidfeliperiveraguerra/dev/seneca/cv-project/data/IMG/left_2025_12_03_12_06_38_111.jpg,/Users/davidfeliperiveraguerra/dev/seneca/cv-project/data/IMG/right_2025_12_03_12_06_38_111.jpg,-0.3,1,0,30.16921
/Users/davidfeliperiveraguerra/dev/seneca/cv-project/data/IMG/center_2025_12_03_12_06_38_179.jpg,/Users/davidfeliperiveraguerra/dev/seneca/cv-project/data/IMG/left_2025_12_03_12_06_38_179.jpg,/Users/davidfeliperiveraguerra/dev/seneca/cv-project/data/IMG/right_2025_12_03_12_06_38_179.jpg,0,1,0,30.19011
/Users/davidfeliperiveraguerra/dev/seneca/cv-project/data/IMG/center_2025_12_03_12_06_38_247.jpg,/Users/davidfeliperiveraguerra/dev/seneca/cv-project/data/IMG/left_2025_12_03_12_06_38_247.jpg,/Users/davidfeliperiveraguerra/dev/seneca/cv-project/data/IMG/right_2025_12_03_12_06_38_247.jpg,0,1,0,30.18987
/Users/davidfeliperiveraguerra/dev/seneca/cv-project/data/IMG/center_2025_12_03_12_06_38_316.jpg,/Users/davidfeliperiveraguerra/dev/seneca/cv-project/data/IMG/left_2025_12_03_12_06_38_316.jpg,/Users/davidfeliperiveraguerra/dev/seneca/cv-project/data/IMG/right_2025_12_03_12_06_38_316.jpg,0,1,0,30.19015
/Users/davidfeliperiveraguerra/dev/seneca/cv-project/data/IMG/center_2025_12_03_12_06_38_386.jpg,/Users/davidfeliperiveraguerra/dev/seneca/cv-project/data/IMG/left_2025_12_03_12_06_38_386.jpg,/Users/davidfeliperiveraguerra/dev/seneca/cv-project/data/IMG/right_2025_12_03_12_06_38_386.jpg,0,1,0,30.19027
/Users/davidfeliperiveraguerra/dev/seneca/cv-project/data/IMG/center_2025_12_03_12_06_38_453.jpg,/Users/davidfeliperiveraguerra/dev/seneca/cv-project/data/IMG/left_2025_12_03_12_06_38_453.jpg,/Users/davidfeliperiveraguerra/dev/seneca/cv-project/data/IMG/right_2025_12_03_12_06_38_453.jpg,0,1,0,30.19029
/Users/davidfeliperiveraguerra/dev/seneca/cv-project/data/IMG/center_2025_12_03_12_06_38_522.jpg,/Users/davidfeliperiveraguerra/dev/seneca/cv-project/data/IMG/left_2025_12_03_12_06_38_522.jpg,/Users/davidfeliperiveraguerra/dev/seneca/cv-project/data/IMG/right_2025_12_03_12_06_38_522.jpg,0,1,0,30.1903
/Users/davidfeliperiveraguerra/dev/seneca/cv-project/data/IMG/center_2025_12_03_12_06_38_589.jpg,/Users/davidfeliperiveraguerra/dev/seneca/cv-project/data/IMG/left_2025_12_03_12_06_38_589.jpg,/Users/davidfeliperiveraguerra/dev/seneca/cv-project/data/IMG/right_2025_12_03_12_06_38_589.jpg,-0.05,1,0,30.18974
/Users/davidfeliperiveraguerra/dev/seneca/cv-project/data/IMG/center_2025_12_03_12_06_38_658.jpg,/Users/davidfeliperiveraguerra/dev/seneca/cv-project/data/IMG/left_2025_12_03_12_06_38_658.jpg,/Users/davidfeliperiveraguerra/dev/seneca/cv-project/data/IMG/right_2025_12_03_12_06_38_658.jpg,-0.2,1,0,30.18003
/Users/davidfeliperiveraguerra/dev/seneca/cv-project/data/IMG/center_2025_12_03_12_06_38_726.jpg,/Users/davidfeliperiveraguerra/dev/seneca/cv-project/data/IMG/left_2025_12_03_12_06_38_726.jpg,/Users/davidfeliperiveraguerra/dev/seneca/cv-project/data/IMG/right_2025_12_03_12_06_38_726.jpg,0,1,0,30.19087
/Users/davidfeliperiveraguerra/dev/seneca/cv-project/data/IMG/center_2025_12_03_12_06_38_795.jpg,/Users/davidfeliperiveraguerra/dev/seneca/cv-project/data/IMG/left_2025_12_03_12_06_38_795.jpg,/Users/davidfeliperiveraguerra/dev/seneca/cv-project/data/IMG/right_2025_12_03_12_06_38_795.jpg,0,1,0,30.18976
/Users/davidfeliperiveraguerra/dev/seneca/cv-project/data/IMG/center_2025_12_03_12_06_38_862.jpg,/Users/davidfeliperiveraguerra/dev/seneca/cv-project/data/IMG/left_2025_12_03_12_06_38_862.jpg,/Users/davidfeliperiveraguerra/dev/seneca/cv-project/data/IMG/right_2025_12_03_12_06_38_862.jpg,0,1,0,30.19024
/Users/davidfeliperiveraguerra/dev/seneca/cv-project/data/IMG/center_2025_12_03_12_06_38_930.jpg,/Users/davidfeliperiveraguerra/dev/seneca/cv-project/data/IMG/left_2025_12_03_12_06_38_930.jpg,/Users/davidfeliperiveraguerra/dev/seneca/cv-project/data/IMG/right_2025_12_03_12_06_38_930.jpg,0,1,0,30.19029
/Users/davidfeliperiveraguerra/dev/seneca/cv-project/data/IMG/center_2025_12_03_12_06_38_999.jpg,/Users/davidfeliperiveraguerra/dev/seneca/cv-project/data/IMG/left_2025_12_03_12_06_38_999.jpg,/Users/davidfeliperiveraguerra/dev/seneca/cv-project/data/IMG/right_2025_12_03_12_06_38_999.jpg,0,1,0,30.19037
/Users/davidfeliperiveraguerra/dev/seneca/cv-project/data/IMG/center_2025_12_03_12_06_39_070.jpg,/Users/davidfeliperiveraguerra/dev/seneca/cv-project/data/IMG/left_2025_12_03_12_06_39_070.jpg,/Users/davidfeliperiveraguerra/dev/seneca/cv-project/data/IMG/right_2025_12_03_12_06_39_070.jpg,0,1,0,30.19031
/Users/davidfeliperiveraguerra/dev/seneca/cv-project/data/IMG/center_2025_12_03_12_06_39_140.jpg,/Users/davidfeliperiveraguerra/dev/seneca/cv-project/data/IMG/left_2025_12_03_12_06_39_140.jpg,/Users/davidfeliperiveraguerra/dev/seneca/cv-project/data/IMG/right_2025_12_03_12_06_39_140.jpg,0,1,0,30.19032
/Users/davidfeliperiveraguerra/dev/seneca/cv-project/data/IMG/center_2025_12_03_12_06_39_210.jpg,/Users/davidfeliperiveraguerra/dev/seneca/cv-project/data/IMG/left_2025_12_03_12_06_39_210.jpg,/Users/davidfeliperiveraguerra/dev/seneca/cv-project/data/IMG/right_2025_12_03_12_06_39_210.jpg,0,1,0,30.19029
/Users/davidfeliperiveraguerra/dev/seneca/cv-project/data/IMG/center_2025_12_03_12_06_39_280.jpg,/Users/davidfeliperiveraguerra/dev/seneca/cv-project/data/IMG/left_2025_12_03_12_06_39_280.jpg,/Users/davidfeliperiveraguerra/dev/seneca/cv-project/data/IMG/right_2025_12_03_12_06_39_280.jpg,0,1,0,30.1903
/Users/davidfeliperiveraguerra/dev/seneca/cv-project/data/IMG/center_2025_12_03_12_06_39_349.jpg,/Users/davidfeliperiveraguerra/dev/seneca/cv-project/data/IMG/left_2025_12_03_12_06_39_349.jpg,/Users/davidfeliperiveraguerra/dev/seneca/cv-project/data/IMG/right_2025_12_03_12_06_39_349.jpg,0,1,0,30.19029
/Users/davidfeliperiveraguerra/dev/seneca/cv-project/data/IMG/center_2025_12_03_12_06_39_420.jpg,/Users/davidfeliperiveraguerra/dev/seneca/cv-project/data/IMG/left_2025_12_03_12_06_39_420.jpg,/Users/davidfeliperiveraguerra/dev/seneca/cv-project/data/IMG/right_2025_12_03_12_06_39_420.jpg,0,1,0,30.19029
/Users/davidfeliperiveraguerra/dev/seneca/cv-project/data/IMG/center_2025_12_03_12_06_39_490.jpg,/Users/davidfeliperiveraguerra/dev/seneca/cv-project/data/IMG/left_2025_12_03_12_06_39_490.jpg,/Users/davidfeliperiveraguerra/dev/seneca/cv-project/data/IMG/right_2025_12_03_12_06_39_490.jpg,0,1,0,30.19031
/Users/davidfeliperiveraguerra/dev/seneca/cv-project/data/IMG/center_2025_12_03_12_06_39_557.jpg,/Users/davidfeliperiveraguerra/dev/seneca/cv-project/data/IMG/left_2025_12_03_12_06_39_557.jpg,/Users/davidfeliperiveraguerra/dev/seneca/cv-project/data/IMG/right_2025_12_03_12_06_39_557.jpg,-0.15,1,0,30.1842
/Users/davidfeliperiveraguerra/dev/seneca/cv-project/data/IMG/center_2025_12_03_12_06_39_624.jpg,/Users/davidfeliperiveraguerra/dev/seneca/cv-project/data/IMG/left_2025_12_03_12_06_39_624.jpg,/Users/davidfeliperiveraguerra/dev/seneca/cv-project/data/IMG/right_2025_12_03_12_06_39_624.jpg,-0.35,1,0,30.16343
/Users/davidfeliperiveraguerra/dev/seneca/cv-project/data/IMG/center_2025_12_03_12_06_39_691.jpg,/Users/davidfeliperiveraguerra/dev/seneca/cv-project/data/IMG/left_2025_12_03_12_06_39_691.jpg,/Users/davidfeliperiveraguerra/dev/seneca/cv-project/data/IMG/right_2025_12_03_12_06_39_691.jpg,-0.5000001,1,0,30.14534
/Users/davidfeliperiveraguerra/dev/seneca/cv-project/data/IMG/center_2025_12_03_12_06_39_762.jpg,/Users/davidfeliperiveraguerra/dev/seneca/cv-project/data/IMG/left_2025_12_03_12_06_39_762.jpg,/Users/davidfeliperiveraguerra/dev/seneca/cv-project/data/IMG/right_2025_12_03_12_06_39_762.jpg,0,1,0,30.18541
/Users/davidfeliperiveraguerra/dev/seneca/cv-project/data/IMG/center_2025_12_03_12_06_39_833.jpg,/Users/davidfeliperiveraguerra/dev/seneca/cv-project/data/IMG/left_2025_12_03_12_06_39_833.jpg,/Users/davidfeliperiveraguerra/dev/seneca/cv-project/data/IMG/right_2025_12_03_12_06_39_833.jpg,0,1,0,30.18939
/Users/davidfeliperiveraguerra/dev/seneca/cv-project/data/IMG/center_2025_12_03_12_06_39_903.jpg,/Users/davidfeliperiveraguerra/dev/seneca/cv-project/data/IMG/left_2025_12_03_12_06_39_903.jpg,/Users/davidfeliperiveraguerra/dev/seneca/cv-project/data/IMG/right_2025_12_03_12_06_39_903.jpg,0,1,0,30.19008
/Users/davidfeliperiveraguerra/dev/seneca/cv-project/data/IMG/center_2025_12_03_12_06_39_970.jpg,/Users/davidfeliperiveraguerra/dev/seneca/cv-project/data/IMG/left_2025_12_03_12_06_39_970.jpg,/Users/davidfeliperiveraguerra/dev/seneca/cv-project/data/IMG/right_2025_12_03_12_06_39_970.jpg,0,1,0,30.19028
/Users/davidfeliperiveraguerra/dev/seneca/cv-project/data/IMG/center_2025_12_03_12_06_40_040.jpg,/Users/davidfeliperiveraguerra/dev/seneca/cv-project/data/IMG/left_2025_12_03_12_06_40_040.jpg,/Users/davidfeliperiveraguerra/dev/seneca/cv-project/data/IMG/right_2025_12_03_12_06_40_040.jpg,0,1,0,30.19027
/Users/davidfeliperiveraguerra/dev/seneca/cv-project/data/IMG/center_2025_12_03_12_06_40_107.jpg,/Users/davidfeliperiveraguerra/dev/seneca/cv-project/data/IMG/left_2025_12_03_12_06_40_107.jpg,/Users/davidfeliperiveraguerra/dev/seneca/cv-project/data/IMG/right_2025_12_03_12_06_40_107.jpg,0,1,0,30.19035
/Users/davidfeliperiveraguerra/dev/seneca/cv-project/data/IMG/center_2025_12_03_12_06_40_177.jpg,/Users/davidfeliperiveraguerra/dev/seneca/cv-project/data/IMG/left_2025_12_03_12_06_40_177.jpg,/Users/davidfeliperiveraguerra/dev/seneca/cv-project/data/IMG/right_2025_12_03_12_06_40_177.jpg,0,1,0,30.19031
/Users/davidfeliperiveraguerra/dev/seneca/cv-project/data/IMG/center_2025_12_03_12_06_40_244.jpg,/Users/davidfeliperiveraguerra/dev/seneca/cv-project/data/IMG/left_2025_12_03_12_06_40_244.jpg,/Users/davidfeliperiveraguerra/dev/seneca/cv-project/data/IMG/right_2025_12_03_12_06_40_244.jpg,0,1,0,30.1903
/Users/davidfeliperiveraguerra/dev/seneca/cv-project/data/IMG/center_2025_12_03_12_06_40_312.jpg,/Users/davidfeliperiveraguerra/dev/seneca/cv-project/data/IMG/left_2025_12_03_12_06_40_312.jpg,/Users/davidfeliperiveraguerra/dev/seneca/cv-project/data/IMG/right_2025_12_03_12_06_40_312.jpg,0,1,0,30.19029
/Users/davidfeliperiveraguerra/dev/seneca/cv-project/data/IMG/center_2025_12_03_12_06_40_379.jpg,/Users/davidfeliperiveraguerra/dev/seneca/cv-project/data/IMG/left_2025_12_03_12_06_40_379.jpg,/Users/davidfeliperiveraguerra/dev/seneca/cv-project/data/IMG/right_2025_12_03_12_06_40_379.jpg,0,1,0,30.1903
/Users/davidfeliperiveraguerra/dev/seneca/cv-project/data/IMG/center_2025_12_03_12_06_40_447.jpg,/Users/davidfeliperiveraguerra/dev/seneca/cv-project/data/IMG/left_2025_12_03_12_06_40_447.jpg,/Users/davidfeliperiveraguerra/dev/seneca/cv-project/data/IMG/right_2025_12_03_12_06_40_447.jpg,0,1,0,30.19032
/Users/davidfeliperiveraguerra/dev/seneca/cv-project/data/IMG/center_2025_12_03_12_06_40_517.jpg,/Users/davidfeliperiveraguerra/dev/seneca/cv-project/data/IMG/left_2025_12_03_12_06_40_517.jpg,/Users/davidfeliperiveraguerra/dev/seneca/cv-project/data/IMG/right_2025_12_03_12_06_40_517.jpg,0,1,0,30.1903
/Users/davidfeliperiveraguerra/dev/seneca/cv-project/data/IMG/center_2025_12_03_12_06_40_587.jpg,/Users/davidfeliperiveraguerra/dev/seneca/cv-project/data/IMG/left_2025_12_03_12_06_40_587.jpg,/Users/davidfeliperiveraguerra/dev/seneca/cv-project/data/IMG/right_2025_12_03_12_06_40_587.jpg,0,1,0,30.19028
/Users/davidfeliperiveraguerra/dev/seneca/cv-project/data/IMG/center_2025_12_03_12_06_40_657.jpg,/Users/davidfeliperiveraguerra/dev/seneca/cv-project/data/IMG/left_2025_12_03_12_06_40_657.jpg,/Users/davidfeliperiveraguerra/dev/seneca/cv-project/data/IMG/right_2025_12_03_12_06_40_657.jpg,0,1,0,30.19029
/Users/davidfeliperiveraguerra/dev/seneca/cv-project/data/IMG/center_2025_12_03_12_06_40_724.jpg,/Users/davidfeliperiveraguerra/dev/seneca/cv-project/data/IMG/left_2025_12_03_12_06_40_724.jpg,/Users/davidfeliperiveraguerra/dev/seneca/cv-project/data/IMG/right_2025_12_03_12_06_40_724.jpg,0,1,0,30.19028
/Users/davidfeliperiveraguerra/dev/seneca/cv-project/data/IMG/center_2025_12_03_12_06_40_794.jpg,/Users/davidfeliperiveraguerra/dev/seneca/cv-project/data/IMG/left_2025_12_03_12_06_40_794.jpg,/Users/davidfeliperiveraguerra/dev/seneca/cv-project/data/IMG/right_2025_12_03_12_06_40_794.jpg,0,1,0,30.19028
/Users/davidfeliperiveraguerra/dev/seneca/cv-project/data/IMG/center_2025_12_03_12_06_40_861.jpg,/Users/davidfeliperiveraguerra/dev/seneca/cv-project/data/IMG/left_2025_12_03_12_06_40_861.jpg,/Users/davidfeliperiveraguerra/dev/seneca/cv-project/data/IMG/right_2025_12_03_12_06_40_861.jpg,0,1,0,30.19031
/Users/davidfeliperiveraguerra/dev/seneca/cv-project/data/IMG/center_2025_12_03_12_06_40_928.jpg,/Users/davidfeliperiveraguerra/dev/seneca/cv-project/data/IMG/left_2025_12_03_12_06_40_928.jpg,/Users/davidfeliperiveraguerra/dev/seneca/cv-project/data/IMG/right_2025_12_03_12_06_40_928.jpg,0,1,0,30.19029
/Users/davidfeliperiveraguerra/dev/seneca/cv-project/data/IMG/center_2025_12_03_12_06_41_000.jpg,/Users/davidfeliperiveraguerra/dev/seneca/cv-project/data/IMG/left_2025_12_03_12_06_41_000.jpg,/Users/davidfeliperiveraguerra/dev/seneca/cv-project/data/IMG/right_2025_12_03_12_06_41_000.jpg,0,1,0,30.19029
/Users/davidfeliperiveraguerra/dev/seneca/cv-project/data/IMG/center_2025_12_03_12_06_41_067.jpg,/Users/davidfeliperiveraguerra/dev/seneca/cv-project/data/IMG/left_2025_12_03_12_06_41_067.jpg,/Users/davidfeliperiveraguerra/dev/seneca/cv-project/data/IMG/right_2025_12_03_12_06_41_067.jpg,-0.2,1,0,30.17983
/Users/davidfeliperiveraguerra/dev/seneca/cv-project/data/IMG/center_2025_12_03_12_06_41_133.jpg,/Users/davidfeliperiveraguerra/dev/seneca/cv-project/data/IMG/left_2025_12_03_12_06_41_133.jpg,/Users/davidfeliperiveraguerra/dev/seneca/cv-project/data/IMG/right_2025_12_03_12_06_41_133.jpg,0,1,0,30.1845
/Users/davidfeliperiveraguerra/dev/seneca/cv-project/data/IMG/center_2025_12_03_12_06_41_204.jpg,/Users/davidfeliperiveraguerra/dev/seneca/cv-project/data/IMG/left_2025_12_03_12_06_41_204.jpg,/Users/davidfeliperiveraguerra/dev/seneca/cv-project/data/IMG/right_2025_12_03_12_06_41_204.jpg,0,1,0,30.18978
/Users/davidfeliperiveraguerra/dev/seneca/cv-project/data/IMG/center_2025_12_03_12_06_41_270.jpg,/Users/davidfeliperiveraguerra/dev/seneca/cv-project/data/IMG/left_2025_12_03_12_06_41_270.jpg,/Users/davidfeliperiveraguerra/dev/seneca/cv-project/data/IMG/right_2025_12_03_12_06_41_270.jpg,0,1,0,30.19018
/Users/davidfeliperiveraguerra/dev/seneca/cv-project/data/IMG/center_2025_12_03_12_06_41_337.jpg,/Users/davidfeliperiveraguerra/dev/seneca/cv-project/data/IMG/left_2025_12_03_12_06_41_337.jpg,/Users/davidfeliperiveraguerra/dev/seneca/cv-project/data/IMG/right_2025_12_03_12_06_41_337.jpg,0,1,0,30.19025
/Users/davidfeliperiveraguerra/dev/seneca/cv-project/data/IMG/center_2025_12_03_12_06_41_407.jpg,/Users/davidfeliperiveraguerra/dev/seneca/cv-project/data/IMG/left_2025_12_03_12_06_41_407.jpg,/Users/davidfeliperiveraguerra/dev/seneca/cv-project/data/IMG/right_2025_12_03_12_06_41_407.jpg,0,1,0,30.1903
/Users/davidfeliperiveraguerra/dev/seneca/cv-project/data/IMG/center_2025_12_03_12_06_41_478.jpg,/Users/davidfeliperiveraguerra/dev/seneca/cv-project/data/IMG/left_2025_12_03_12_06_41_478.jpg,/Users/davidfeliperiveraguerra/dev/seneca/cv-project/data/IMG/right_2025_12_03_12_06_41_478.jpg,0,1,0,30.19031
/Users/davidfeliperiveraguerra/dev/seneca/cv-project/data/IMG/center_2025_12_03_12_06_41_548.jpg,/Users/davidfeliperiveraguerra/dev/seneca/cv-project/data/IMG/left_2025_12_03_12_06_41_548.jpg,/Users/davidfeliperiveraguerra/dev/seneca/cv-project/data/IMG/right_2025_12_03_12_06_41_548.jpg,0,1,0,30.1903
/Users/davidfeliperiveraguerra/dev/seneca/cv-project/data/IMG/center_2025_12_03_12_06_41_614.jpg,/Users/davidfeliperiveraguerra/dev/seneca/cv-project/data/IMG/left_2025_12_03_12_06_41_614.jpg,/Users/davidfeliperiveraguerra/dev/seneca/cv-project/data/IMG/right_2025_12_03_12_06_41_614.jpg,0,1,0,30.1903
/Users/davidfeliperiveraguerra/dev/seneca/cv-project/data/IMG/center_2025_12_03_12_06_41_685.jpg,/Users/davidfeliperiveraguerra/dev/seneca/cv-project/data/IMG/left_2025_12_03_12_06_41_685.jpg,/Users/davidfeliperiveraguerra/dev/seneca/cv-project/data/IMG/right_2025_12_03_12_06_41_685.jpg,0,1,0,30.19031
/Users/davidfeliperiveraguerra/dev/seneca/cv-project/data/IMG/center_2025_12_03_12_06_41_755.jpg,/Users/davidfeliperiveraguerra/dev/seneca/cv-project/data/IMG/left_2025_12_03_12_06_41_755.jpg,/Users/davidfeliperiveraguerra/dev/seneca/cv-project/data/IMG/right_2025_12_03_12_06_41_755.jpg,0,1,0,30.19031
/Users/davidfeliperiveraguerra/dev/seneca/cv-project/data/IMG/center_2025_12_03_12_06_41_825.jpg,/Users/davidfeliperiveraguerra/dev/seneca/cv-project/data/IMG/left_2025_12_03_12_06_41_825.jpg,/Users/davidfeliperiveraguerra/dev/seneca/cv-project/data/IMG/right_2025_12_03_12_06_41_825.jpg,0,1,0,30.1903
/Users/davidfeliperiveraguerra/dev/seneca/cv-project/data/IMG/center_2025_12_03_12_06_41_895.jpg,/Users/davidfeliperiveraguerra/dev/seneca/cv-project/data/IMG/left_2025_12_03_12_06_41_895.jpg,/Users/davidfeliperiveraguerra/dev/seneca/cv-project/data/IMG/right_2025_12_03_12_06_41_895.jpg,0,1,0,30.1903
/Users/davidfeliperiveraguerra/dev/seneca/cv-project/data/IMG/center_2025_12_03_12_06_41_961.jpg,/Users/davidfeliperiveraguerra/dev/seneca/cv-project/data/IMG/left_2025_12_03_12_06_41_961.jpg,/Users/davidfeliperiveraguerra/dev/seneca/cv-project/data/IMG/right_2025_12_03_12_06_41_961.jpg,0,1,0,30.19031
/Users/davidfeliperiveraguerra/dev/seneca/cv-project/data/IMG/center_2025_12_03_12_06_42_030.jpg,/Users/davidfeliperiveraguerra/dev/seneca/cv-project/data/IMG/left_2025_12_03_12_06_42_030.jpg,/Users/davidfeliperiveraguerra/dev/seneca/cv-project/data/IMG/right_2025_12_03_12_06_42_030.jpg,0,1,0,30.19024
/Users/davidfeliperiveraguerra/dev/seneca/cv-project/data/IMG/center_2025_12_03_12_06_42_100.jpg,/Users/davidfeliperiveraguerra/dev/seneca/cv-project/data/IMG/left_2025_12_03_12_06_42_100.jpg,/Users/davidfeliperiveraguerra/dev/seneca/cv-project/data/IMG/right_2025_12_03_12_06_42_100.jpg,0,1,0,30.19023
/Users/davidfeliperiveraguerra/dev/seneca/cv-project/data/IMG/center_2025_12_03_12_06_42_168.jpg,/Users/davidfeliperiveraguerra/dev/seneca/cv-project/data/IMG/left_2025_12_03_12_06_42_168.jpg,/Users/davidfeliperiveraguerra/dev/seneca/cv-project/data/IMG/right_2025_12_03_12_06_42_168.jpg,-0.05,1,0,30.18964
/Users/davidfeliperiveraguerra/dev/seneca/cv-project/data/IMG/center_2025_12_03_12_06_42_238.jpg,/Users/davidfeliperiveraguerra/dev/seneca/cv-project/data/IMG/left_2025_12_03_12_06_42_238.jpg,/Users/davidfeliperiveraguerra/dev/seneca/cv-project/data/IMG/right_2025_12_03_12_06_42_238.jpg,-0.2,1,0,30.18032
/Users/davidfeliperiveraguerra/dev/seneca/cv-project/data/IMG/center_2025_12_03_12_06_42_308.jpg,/Users/davidfeliperiveraguerra/dev/seneca/cv-project/data/IMG/left_2025_12_03_12_06_42_308.jpg,/Users/davidfeliperiveraguerra/dev/seneca/cv-project/data/IMG/right_2025_12_03_12_06_42_308.jpg,-0.4,1,0,30.15753
/Users/davidfeliperiveraguerra/dev/seneca/cv-project/data/IMG/center_2025_12_03_12_06_42_377.jpg,/Users/davidfeliperiveraguerra/dev/seneca/cv-project/data/IMG/left_2025_12_03_12_06_42_377.jpg,/Users/davidfeliperiveraguerra/dev/seneca/cv-project/data/IMG/right_2025_12_03_12_06_42_377.jpg,0,1,0,30.18715
/Users/davidfeliperiveraguerra/dev/seneca/cv-project/data/IMG/center_2025_12_03_12_06_42_447.jpg,/Users/davidfeliperiveraguerra/dev/seneca/cv-project/data/IMG/left_2025_12_03_12_06_42_447.jpg,/Users/davidfeliperiveraguerra/dev/seneca/cv-project/data/IMG/right_2025_12_03_12_06_42_447.jpg,0,1,0,30.19067
/Users/davidfeliperiveraguerra/dev/seneca/cv-project/data/IMG/center_2025_12_03_12_06_42_514.jpg,/Users/davidfeliperiveraguerra/dev/seneca/cv-project/data/IMG/left_2025_12_03_12_06_42_514.jpg,/Users/davidfeliperiveraguerra/dev/seneca/cv-project/data/IMG/right_2025_12_03_12_06_42_514.jpg,0,1,0,30.1897
/Users/davidfeliperiveraguerra/dev/seneca/cv-project/data/IMG/center_2025_12_03_12_06_42_581.jpg,/Users/davidfeliperiveraguerra/dev/seneca/cv-project/data/IMG/left_2025_12_03_12_06_42_581.jpg,/Users/davidfeliperiveraguerra/dev/seneca/cv-project/data/IMG/right_2025_12_03_12_06_42_581.jpg,0,1,0,30.1901
/Users/davidfeliperiveraguerra/dev/seneca/cv-project/data/IMG/center_2025_12_03_12_06_42_650.jpg,/Users/davidfeliperiveraguerra/dev/seneca/cv-project/data/IMG/left_2025_12_03_12_06_42_650.jpg,/Users/davidfeliperiveraguerra/dev/seneca/cv-project/data/IMG/right_2025_12_03_12_06_42_650.jpg,0,1,0,30.19024
/Users/davidfeliperiveraguerra/dev/seneca/cv-project/data/IMG/center_2025_12_03_12_06_42_718.jpg,/Users/davidfeliperiveraguerra/dev/seneca/cv-project/data/IMG/left_2025_12_03_12_06_42_718.jpg,/Users/davidfeliperiveraguerra/dev/seneca/cv-project/data/IMG/right_2025_12_03_12_06_42_718.jpg,0,1,0,30.19028
/Users/davidfeliperiveraguerra/dev/seneca/cv-project/data/IMG/center_2025_12_03_12_06_42_787.jpg,/Users/davidfeliperiveraguerra/dev/seneca/cv-project/data/IMG/left_2025_12_03_12_06_42_787.jpg,/Users/davidfeliperiveraguerra/dev/seneca/cv-project/data/IMG/right_2025_12_03_12_06_42_787.jpg,0,1,0,30.19028
/Users/davidfeliperiveraguerra/dev/seneca/cv-project/data/IMG/center_2025_12_03_12_06_42_854.jpg,/Users/davidfeliperiveraguerra/dev/seneca/cv-project/data/IMG/left_2025_12_03_12_06_42_854.jpg,/Users/davidfeliperiveraguerra/dev/seneca/cv-project/data/IMG/right_2025_12_03_12_06_42_854.jpg,0,1,0,30.19029
/Users/davidfeliperiveraguerra/dev/seneca/cv-project/data/IMG/center_2025_12_03_12_06_42_921.jpg,/Users/davidfeliperiveraguerra/dev/seneca/cv-project/data/IMG/left_2025_12_03_12_06_42_921.jpg,/Users/davidfeliperiveraguerra/dev/seneca/cv-project/data/IMG/right_2025_12_03_12_06_42_921.jpg,0,1,0,30.1903
/Users/davidfeliperiveraguerra/dev/seneca/cv-project/data/IMG/center_2025_12_03_12_06_42_988.jpg,/Users/davidfeliperiveraguerra/dev/seneca/cv-project/data/IMG/left_2025_12_03_12_06_42_988.jpg,/Users/davidfeliperiveraguerra/dev/seneca/cv-project/data/IMG/right_2025_12_03_12_06_42_988.jpg,0,1,0,30.1903
/Users/davidfeliperiveraguerra/dev/seneca/cv-project/data/IMG/center_2025_12_03_12_06_43_057.jpg,/Users/davidfeliperiveraguerra/dev/seneca/cv-project/data/IMG/left_2025_12_03_12_06_43_057.jpg,/Users/davidfeliperiveraguerra/dev/seneca/cv-project/data/IMG/right_2025_12_03_12_06_43_057.jpg,0,1,0,30.19027
/Users/davidfeliperiveraguerra/dev/seneca/cv-project/data/IMG/center_2025_12_03_12_06_43_127.jpg,/Users/davidfeliperiveraguerra/dev/seneca/cv-project/data/IMG/left_2025_12_03_12_06_43_127.jpg,/Users/davidfeliperiveraguerra/dev/seneca/cv-project/data/IMG/right_2025_12_03_12_06_43_127.jpg,0,1,0,30.19028
/Users/davidfeliperiveraguerra/dev/seneca/cv-project/data/IMG/center_2025_12_03_12_06_43_195.jpg,/Users/davidfeliperiveraguerra/dev/seneca/cv-project/data/IMG/left_2025_12_03_12_06_43_195.jpg,/Users/davidfeliperiveraguerra/dev/seneca/cv-project/data/IMG/right_2025_12_03_12_06_43_195.jpg,0,1,0,30.19029
/Users/davidfeliperiveraguerra/dev/seneca/cv-project/data/IMG/center_2025_12_03_12_06_43_264.jpg,/Users/davidfeliperiveraguerra/dev/seneca/cv-project/data/IMG/left_2025_12_03_12_06_43_264.jpg,/Users/davidfeliperiveraguerra/dev/seneca/cv-project/data/IMG/right_2025_12_03_12_06_43_264.jpg,0,1,0,30.19028
/Users/davidfeliperiveraguerra/dev/seneca/cv-project/data/IMG/center_2025_12_03_12_06_43_331.jpg,/Users/davidfeliperiveraguerra/dev/seneca/cv-project/data/IMG/left_2025_12_03_12_06_43_331.jpg,/Users/davidfeliperiveraguerra/dev/seneca/cv-project/data/IMG/right_2025_12_03_12_06_43_331.jpg,0,1,0,30.1903
/Users/davidfeliperiveraguerra/dev/seneca/cv-project/data/IMG/center_2025_12_03_12_06_43_398.jpg,/Users/davidfeliperiveraguerra/dev/seneca/cv-project/data/IMG/left_2025_12_03_12_06_43_398.jpg,/Users/davidfeliperiveraguerra/dev/seneca/cv-project/data/IMG/right_2025_12_03_12_06_43_398.jpg,-0.05,1,0,30.18978
/Users/davidfeliperiveraguerra/dev/seneca/cv-project/data/IMG/center_2025_12_03_12_06_43_468.jpg,/Users/davidfeliperiveraguerra/dev/seneca/cv-project/data/IMG/left_2025_12_03_12_06_43_468.jpg,/Users/davidfeliperiveraguerra/dev/seneca/cv-project/data/IMG/right_2025_12_03_12_06_43_468.jpg,-0.25,1,0,30.17521
/Users/davidfeliperiveraguerra/dev/seneca/cv-project/data/IMG/center_2025_12_03_12_06_43_535.jpg,/Users/davidfeliperiveraguerra/dev/seneca/cv-project/data/IMG/left_2025_12_03_12_06_43_535.jpg,/Users/davidfeliperiveraguerra/dev/seneca/cv-project/data/IMG/right_2025_12_03_12_06_43_535.jpg,0,1,0,30.18865
/Users/davidfeliperiveraguerra/dev/seneca/cv-project/data/IMG/center_2025_12_03_12_06_43_604.jpg,/Users/davidfeliperiveraguerra/dev/seneca/cv-project/data/IMG/left_2025_12_03_12_06_43_604.jpg,/Users/davidfeliperiveraguerra/dev/seneca/cv-project/data/IMG/right_2025_12_03_12_06_43_604.jpg,0,1,0,30.19002
/Users/davidfeliperiveraguerra/dev/seneca/cv-project/data/IMG/center_2025_12_03_12_06_43_674.jpg,/Users/davidfeliperiveraguerra/dev/seneca/cv-project/data/IMG/left_2025_12_03_12_06_43_674.jpg,/Users/davidfeliperiveraguerra/dev/seneca/cv-project/data/IMG/right_2025_12_03_12_06_43_674.jpg,0,1,0,30.19021
/Users/davidfeliperiveraguerra/dev/seneca/cv-project/data/IMG/center_2025_12_03_12_06_43_744.jpg,/Users/davidfeliperiveraguerra/dev/seneca/cv-project/data/IMG/left_2025_12_03_12_06_43_744.jpg,/Users/davidfeliperiveraguerra/dev/seneca/cv-project/data/IMG/right_2025_12_03_12_06_43_744.jpg,0,1,0,30.18981
/Users/davidfeliperiveraguerra/dev/seneca/cv-project/data/IMG/center_2025_12_03_12_06_43_813.jpg,/Users/davidfeliperiveraguerra/dev/seneca/cv-project/data/IMG/left_2025_12_03_12_06_43_813.jpg,/Users/davidfeliperiveraguerra/dev/seneca/cv-project/data/IMG/right_2025_12_03_12_06_43_813.jpg,0,1,0,30.19008
/Users/davidfeliperiveraguerra/dev/seneca/cv-project/data/IMG/center_2025_12_03_12_06_43_880.jpg,/Users/davidfeliperiveraguerra/dev/seneca/cv-project/data/IMG/left_2025_12_03_12_06_43_880.jpg,/Users/davidfeliperiveraguerra/dev/seneca/cv-project/data/IMG/right_2025_12_03_12_06_43_880.jpg,0,1,0,30.19016
/Users/davidfeliperiveraguerra/dev/seneca/cv-project/data/IMG/center_2025_12_03_12_06_43_947.jpg,/Users/davidfeliperiveraguerra/dev/seneca/cv-project/data/IMG/left_2025_12_03_12_06_43_947.jpg,/Users/davidfeliperiveraguerra/dev/seneca/cv-project/data/IMG/right_2025_12_03_12_06_43_947.jpg,0,1,0,30.19018
/Users/davidfeliperiveraguerra/dev/seneca/cv-project/data/IMG/center_2025_12_03_12_06_44_017.jpg,/Users/davidfeliperiveraguerra/dev/seneca/cv-project/data/IMG/left_2025_12_03_12_06_44_017.jpg,/Users/davidfeliperiveraguerra/dev/seneca/cv-project/data/IMG/right_2025_12_03_12_06_44_017.jpg,0,1,0,30.19018
/Users/davidfeliperiveraguerra/dev/seneca/cv-project/data/IMG/center_2025_12_03_12_06_44_084.jpg,/Users/davidfeliperiveraguerra/dev/seneca/cv-project/data/IMG/left_2025_12_03_12_06_44_084.jpg,/Users/davidfeliperiveraguerra/dev/seneca/cv-project/data/IMG/right_2025_12_03_12_06_44_084.jpg,0,1,0,30.19018
/Users/davidfeliperiveraguerra/dev/seneca/cv-project/data/IMG/center_2025_12_03_12_06_44_151.jpg,/Users/davidfeliperiveraguerra/dev/seneca/cv-project/data/IMG/left_2025_12_03_12_06_44_151.jpg,/Users/davidfeliperiveraguerra/dev/seneca/cv-project/data/IMG/right_2025_12_03_12_06_44_151.jpg,-0.1,1,0,30.18774
/Users/davidfeliperiveraguerra/dev/seneca/cv-project/data/IMG/center_2025_12_03_12_06_44_218.jpg,/Users/davidfeliperiveraguerra/dev/seneca/cv-project/data/IMG/left_2025_12_03_12_06_44_218.jpg,/Users/davidfeliperiveraguerra/dev/seneca/cv-project/data/IMG/right_2025_12_03_12_06_44_218.jpg,-0.25,1,0,30.17513
/Users/davidfeliperiveraguerra/dev/seneca/cv-project/data/IMG/center_2025_12_03_12_06_44_288.jpg,/Users/davidfeliperiveraguerra/dev/seneca/cv-project/data/IMG/left_2025_12_03_12_06_44_288.jpg,/Users/davidfeliperiveraguerra/dev/seneca/cv-project/data/IMG/right_2025_12_03_12_06_44_288.jpg,0,1,0,30.19003
/Users/davidfeliperiveraguerra/dev/seneca/cv-project/data/IMG/center_2025_12_03_12_06_44_357.jpg,/Users/davidfeliperiveraguerra/dev/seneca/cv-project/data/IMG/left_2025_12_03_12_06_44_357.jpg,/Users/davidfeliperiveraguerra/dev/seneca/cv-project/data/IMG/right_2025_12_03_12_06_44_357.jpg,0,1,0,30.19013
/Users/davidfeliperiveraguerra/dev/seneca/cv-project/data/IMG/center_2025_12_03_12_06_44_424.jpg,/Users/davidfeliperiveraguerra/dev/seneca/cv-project/data/IMG/left_2025_12_03_12_06_44_424.jpg,/Users/davidfeliperiveraguerra/dev/seneca/cv-project/data/IMG/right_2025_12_03_12_06_44_424.jpg,0,1,0,30.19027
/Users/davidfeliperiveraguerra/dev/seneca/cv-project/data/IMG/center_2025_12_03_12_06_44_491.jpg,/Users/davidfeliperiveraguerra/dev/seneca/cv-project/data/IMG/left_2025_12_03_12_06_44_491.jpg,/Users/davidfeliperiveraguerra/dev/seneca/cv-project/data/IMG/right_2025_12_03_12_06_44_491.jpg,0,1,0,30.19028
/Users/davidfeliperiveraguerra/dev/seneca/cv-project/data/IMG/center_2025_12_03_12_06_44_557.jpg,/Users/davidfeliperiveraguerra/dev/seneca/cv-project/data/IMG/left_2025_12_03_12_06_44_557.jpg,/Users/davidfeliperiveraguerra/dev/seneca/cv-project/data/IMG/right_2025_12_03_12_06_44_557.jpg,0,1,0,30.1903
/Users/davidfeliperiveraguerra/dev/seneca/cv-project/data/IMG/center_2025_12_03_12_06_44_624.jpg,/Users/davidfeliperiveraguerra/dev/seneca/cv-project/data/IMG/left_2025_12_03_12_06_44_624.jpg,/Users/davidfeliperiveraguerra/dev/seneca/cv-project/data/IMG/right_2025_12_03_12_06_44_624.jpg,0,1,0,30.19031
/Users/davidfeliperiveraguerra/dev/seneca/cv-project/data/IMG/center_2025_12_03_12_06_44_692.jpg,/Users/davidfeliperiveraguerra/dev/seneca/cv-project/data/IMG/left_2025_12_03_12_06_44_692.jpg,/Users/davidfeliperiveraguerra/dev/seneca/cv-project/data/IMG/right_2025_12_03_12_06_44_692.jpg,-0.15,1,0,30.18467
/Users/davidfeliperiveraguerra/dev/seneca/cv-project/data/IMG/center_2025_12_03_12_06_44_761.jpg,/Users/davidfeliperiveraguerra/dev/seneca/cv-project/data/IMG/left_2025_12_03_12_06_44_761.jpg,/Users/davidfeliperiveraguerra/dev/seneca/cv-project/data/IMG/right_2025_12_03_12_06_44_761.jpg,0,1,0,30.18613
/Users/davidfeliperiveraguerra/dev/seneca/cv-project/data/IMG/center_2025_12_03_12_06_44_831.jpg,/Users/davidfeliperiveraguerra/dev/seneca/cv-project/data/IMG/left_2025_12_03_12_06_44_831.jpg,/Users/davidfeliperiveraguerra/dev/seneca/cv-project/data/IMG/right_2025_12_03_12_06_44_831.jpg,0,1,0,30.18927
/Users/davidfeliperiveraguerra/dev/seneca/cv-project/data/IMG/center_2025_12_03_12_06_44_901.jpg,/Users/davidfeliperiveraguerra/dev/seneca/cv-project/data/IMG/left_2025_12_03_12_06_44_901.jpg,/Users/davidfeliperiveraguerra/dev/seneca/cv-project/data/IMG/right_2025_12_03_12_06_44_901.jpg,0,1,0,30.19016
/Users/davidfeliperiveraguerra/dev/seneca/cv-project/data/IMG/center_2025_12_03_12_06_44_968.jpg,/Users/davidfeliperiveraguerra/dev/seneca/cv-project/data/IMG/left_2025_12_03_12_06_44_968.jpg,/Users/davidfeliperiveraguerra/dev/seneca/cv-project/data/IMG/right_2025_12_03_12_06_44_968.jpg,0,1,0,30.19027
/Users/davidfeliperiveraguerra/dev/seneca/cv-project/data/IMG/center_2025_12_03_12_06_45_038.jpg,/Users/davidfeliperiveraguerra/dev/seneca/cv-project/data/IMG/left_2025_12_03_12_06_45_038.jpg,/Users/davidfeliperiveraguerra/dev/seneca/cv-project/data/IMG/right_2025_12_03_12_06_45_038.jpg,0,1,0,30.1906
/Users/davidfeliperiveraguerra/dev/seneca/cv-project/data/IMG/center_2025_12_03_12_06_45_105.jpg,/Users/davidfeliperiveraguerra/dev/seneca/cv-project/data/IMG/left_2025_12_03_12_06_45_105.jpg,/Users/davidfeliperiveraguerra/dev/seneca/cv-project/data/IMG/right_2025_12_03_12_06_45_105.jpg,0,1,0,30.19012
/Users/davidfeliperiveraguerra/dev/seneca/cv-project/data/IMG/center_2025_12_03_12_06_45_171.jpg,/Users/davidfeliperiveraguerra/dev/seneca/cv-project/data/IMG/left_2025_12_03_12_06_45_171.jpg,/Users/davidfeliperiveraguerra/dev/seneca/cv-project/data/IMG/right_2025_12_03_12_06_45_171.jpg,0,1,0,30.1902
/Users/davidfeliperiveraguerra/dev/seneca/cv-project/data/IMG/center_2025_12_03_12_06_45_238.jpg,/Users/davidfeliperiveraguerra/dev/seneca/cv-project/data/IMG/left_2025_12_03_12_06_45_238.jpg,/Users/davidfeliperiveraguerra/dev/seneca/cv-project/data/IMG/right_2025_12_03_12_06_45_238.jpg,0,1,0,30.19025
/Users/davidfeliperiveraguerra/dev/seneca/cv-project/data/IMG/center_2025_12_03_12_06_45_306.jpg,/Users/davidfeliperiveraguerra/dev/seneca/cv-project/data/IMG/left_2025_12_03_12_06_45_306.jpg,/Users/davidfeliperiveraguerra/dev/seneca/cv-project/data/IMG/right_2025_12_03_12_06_45_306.jpg,0,1,0,30.19023
/Users/davidfeliperiveraguerra/dev/seneca/cv-project/data/IMG/center_2025_12_03_12_06_45_375.jpg,/Users/davidfeliperiveraguerra/dev/seneca/cv-project/data/IMG/left_2025_12_03_12_06_45_375.jpg,/Users/davidfeliperiveraguerra/dev/seneca/cv-project/data/IMG/right_2025_12_03_12_06_45_375.jpg,0,1,0,30.19025
/Users/davidfeliperiveraguerra/dev/seneca/cv-project/data/IMG/center_2025_12_03_12_06_45_446.jpg,/Users/davidfeliperiveraguerra/dev/seneca/cv-project/data/IMG/left_2025_12_03_12_06_45_446.jpg,/Users/davidfeliperiveraguerra/dev/seneca/cv-project/data/IMG/right_2025_12_03_12_06_45_446.jpg,0,1,0,30.19024
/Users/davidfeliperiveraguerra/dev/seneca/cv-project/data/IMG/center_2025_12_03_12_06_45_516.jpg,/Users/davidfeliperiveraguerra/dev/seneca/cv-project/data/IMG/left_2025_12_03_12_06_45_516.jpg,/Users/davidfeliperiveraguerra/dev/seneca/cv-project/data/IMG/right_2025_12_03_12_06_45_516.jpg,0,1,0,30.19024
/Users/davidfeliperiveraguerra/dev/seneca/cv-project/data/IMG/center_2025_12_03_12_06_45_585.jpg,/Users/davidfeliperiveraguerra/dev/seneca/cv-project/data/IMG/left_2025_12_03_12_06_45_585.jpg,/Users/davidfeliperiveraguerra/dev/seneca/cv-project/data/IMG/right_2025_12_03_12_06_45_585.jpg,-0.1,1,0,30.18779
/Users/davidfeliperiveraguerra/dev/seneca/cv-project/data/IMG/center_2025_12_03_12_06_45_652.jpg,/Users/davidfeliperiveraguerra/dev/seneca/cv-project/data/IMG/left_2025_12_03_12_06_45_652.jpg,/Users/davidfeliperiveraguerra/dev/seneca/cv-project/data/IMG/right_2025_12_03_12_06_45_652.jpg,0,1,0,30.18722
/Users/davidfeliperiveraguerra/dev/seneca/cv-project/data/IMG/center_2025_12_03_12_06_45_719.jpg,/Users/davidfeliperiveraguerra/dev/seneca/cv-project/data/IMG/left_2025_12_03_12_06_45_719.jpg,/Users/davidfeliperiveraguerra/dev/seneca/cv-project/data/IMG/right_2025_12_03_12_06_45_719.jpg,0,1,0,30.19024
/Users/davidfeliperiveraguerra/dev/seneca/cv-project/data/IMG/center_2025_12_03_12_06_45_786.jpg,/Users/davidfeliperiveraguerra/dev/seneca/cv-project/data/IMG/left_2025_12_03_12_06_45_786.jpg,/Users/davidfeliperiveraguerra/dev/seneca/cv-project/data/IMG/right_2025_12_03_12_06_45_786.jpg,0,1,0,30.19028
/Users/davidfeliperiveraguerra/dev/seneca/cv-project/data/IMG/center_2025_12_03_12_06_45_856.jpg,/Users/davidfeliperiveraguerra/dev/seneca/cv-project/data/IMG/left_2025_12_03_12_06_45_856.jpg,/Users/davidfeliperiveraguerra/dev/seneca/cv-project/data/IMG/right_2025_12_03_12_06_45_856.jpg,0,1,0,30.19029
/Users/davidfeliperiveraguerra/dev/seneca/cv-project/data/IMG/center_2025_12_03_12_06_45_926.jpg,/Users/davidfeliperiveraguerra/dev/seneca/cv-project/data/IMG/left_2025_12_03_12_06_45_926.jpg,/Users/davidfeliperiveraguerra/dev/seneca/cv-project/data/IMG/right_2025_12_03_12_06_45_926.jpg,0,1,0,30.19033
/Users/davidfeliperiveraguerra/dev/seneca/cv-project/data/IMG/center_2025_12_03_12_06_45_993.jpg,/Users/davidfeliperiveraguerra/dev/seneca/cv-project/data/IMG/left_2025_12_03_12_06_45_993.jpg,/Users/davidfeliperiveraguerra/dev/seneca/cv-project/data/IMG/right_2025_12_03_12_06_45_993.jpg,0,1,0,30.19032
/Users/davidfeliperiveraguerra/dev/seneca/cv-project/data/IMG/center_2025_12_03_12_06_46_063.jpg,/Users/davidfeliperiveraguerra/dev/seneca/cv-project/data/IMG/left_2025_12_03_12_06_46_063.jpg,/Users/davidfeliperiveraguerra/dev/seneca/cv-project/data/IMG/right_2025_12_03_12_06_46_063.jpg,0,1,0,30.19032
/Users/davidfeliperiveraguerra/dev/seneca/cv-project/data/IMG/center_2025_12_03_12_06_46_132.jpg,/Users/davidfeliperiveraguerra/dev/seneca/cv-project/data/IMG/left_2025_12_03_12_06_46_132.jpg,/Users/davidfeliperiveraguerra/dev/seneca/cv-project/data/IMG/right_2025_12_03_12_06_46_132.jpg,0,1,0,30.19033
/Users/davidfeliperiveraguerra/dev/seneca/cv-project/data/IMG/center_2025_12_03_12_06_46_201.jpg,/Users/davidfeliperiveraguerra/dev/seneca/cv-project/data/IMG/left_2025_12_03_12_06_46_201.jpg,/Users/davidfeliperiveraguerra/dev/seneca/cv-project/data/IMG/right_2025_12_03_12_06_46_201.jpg,0,1,0,30.19018
/Users/davidfeliperiveraguerra/dev/seneca/cv-project/data/IMG/center_2025_12_03_12_06_46_268.jpg,/Users/davidfeliperiveraguerra/dev/seneca/cv-project/data/IMG/left_2025_12_03_12_06_46_268.jpg,/Users/davidfeliperiveraguerra/dev/seneca/cv-project/data/IMG/right_2025_12_03_12_06_46_268.jpg,-0.1,1,0,30.18775
/Users/davidfeliperiveraguerra/dev/seneca/cv-project/data/IMG/center_2025_12_03_12_06_46_337.jpg,/Users/davidfeliperiveraguerra/dev/seneca/cv-project/data/IMG/left_2025_12_03_12_06_46_337.jpg,/Users/davidfeliperiveraguerra/dev/seneca/cv-project/data/IMG/right_2025_12_03_12_06_46_337.jpg,-0.25,1,0,30.17515
/Users/davidfeliperiveraguerra/dev/seneca/cv-project/data/IMG/center_2025_12_03_12_06_46_406.jpg,/Users/davidfeliperiveraguerra/dev/seneca/cv-project/data/IMG/left_2025_12_03_12_06_46_406.jpg,/Users/davidfeliperiveraguerra/dev/seneca/cv-project/data/IMG/right_2025_12_03_12_06_46_406.jpg,0,1,0,30.18977
/Users/davidfeliperiveraguerra/dev/seneca/cv-project/data/IMG/center_2025_12_03_12_06_46_473.jpg,/Users/davidfeliperiveraguerra/dev/seneca/cv-project/data/IMG/left_2025_12_03_12_06_46_473.jpg,/Users/davidfeliperiveraguerra/dev/seneca/cv-project/data/IMG/right_2025_12_03_12_06_46_473.jpg,0,1,0,30.19003
/Users/davidfeliperiveraguerra/dev/seneca/cv-project/data/IMG/center_2025_12_03_12_06_46_544.jpg,/Users/davidfeliperiveraguerra/dev/seneca/cv-project/data/IMG/left_2025_12_03_12_06_46_544.jpg,/Users/davidfeliperiveraguerra/dev/seneca/cv-project/data/IMG/right_2025_12_03_12_06_46_544.jpg,0,1,0,30.1902
/Users/davidfeliperiveraguerra/dev/seneca/cv-project/data/IMG/center_2025_12_03_12_06_46_611.jpg,/Users/davidfeliperiveraguerra/dev/seneca/cv-project/data/IMG/left_2025_12_03_12_06_46_611.jpg,/Users/davidfeliperiveraguerra/dev/seneca/cv-project/data/IMG/right_2025_12_03_12_06_46_611.jpg,0,1,0,30.19026
/Users/davidfeliperiveraguerra/dev/seneca/cv-project/data/IMG/center_2025_12_03_12_06_46_680.jpg,/Users/davidfeliperiveraguerra/dev/seneca/cv-project/data/IMG/left_2025_12_03_12_06_46_680.jpg,/Users/davidfeliperiveraguerra/dev/seneca/cv-project/data/IMG/right_2025_12_03_12_06_46_680.jpg,0,1,0,30.19026
/Users/davidfeliperiveraguerra/dev/seneca/cv-project/data/IMG/center_2025_12_03_12_06_46_752.jpg,/Users/davidfeliperiveraguerra/dev/seneca/cv-project/data/IMG/left_2025_12_03_12_06_46_752.jpg,/Users/davidfeliperiveraguerra/dev/seneca/cv-project/data/IMG/right_2025_12_03_12_06_46_752.jpg,0,1,0,30.19027
/Users/davidfeliperiveraguerra/dev/seneca/cv-project/data/IMG/center_2025_12_03_12_06_46_820.jpg,/Users/davidfeliperiveraguerra/dev/seneca/cv-project/data/IMG/left_2025_12_03_12_06_46_820.jpg,/Users/davidfeliperiveraguerra/dev/seneca/cv-project/data/IMG/right_2025_12_03_12_06_46_820.jpg,0,1,0,30.19026
/Users/davidfeliperiveraguerra/dev/seneca/cv-project/data/IMG/center_2025_12_03_12_06_46_890.jpg,/Users/davidfeliperiveraguerra/dev/seneca/cv-project/data/IMG/left_2025_12_03_12_06_46_890.jpg,/Users/davidfeliperiveraguerra/dev/seneca/cv-project/data/IMG/right_2025_12_03_12_06_46_890.jpg,0,1,0,30.1903
/Users/davidfeliperiveraguerra/dev/seneca/cv-project/data/IMG/center_2025_12_03_12_06_46_959.jpg,/Users/davidfeliperiveraguerra/dev/seneca/cv-project/data/IMG/left_2025_12_03_12_06_46_959.jpg,/Users/davidfeliperiveraguerra/dev/seneca/cv-project/data/IMG/right_2025_12_03_12_06_46_959.jpg,0,1,0,30.19028
/Users/davidfeliperiveraguerra/dev/seneca/cv-project/data/IMG/center_2025_12_03_12_06_47_029.jpg,/Users/davidfeliperiveraguerra/dev/seneca/cv-project/data/IMG/left_2025_12_03_12_06_47_029.jpg,/Users/davidfeliperiveraguerra/dev/seneca/cv-project/data/IMG/right_2025_12_03_12_06_47_029.jpg,0,1,0,30.19029
/Users/davidfeliperiveraguerra/dev/seneca/cv-project/data/IMG/center_2025_12_03_12_06_47_097.jpg,/Users/davidfeliperiveraguerra/dev/seneca/cv-project/data/IMG/left_2025_12_03_12_06_47_097.jpg,/Users/davidfeliperiveraguerra/dev/seneca/cv-project/data/IMG/right_2025_12_03_12_06_47_097.jpg,-0.05,1,0,30.18975
/Users/davidfeliperiveraguerra/dev/seneca/cv-project/data/IMG/center_2025_12_03_12_06_47_169.jpg,/Users/davidfeliperiveraguerra/dev/seneca/cv-project/data/IMG/left_2025_12_03_12_06_47_169.jpg,/Users/davidfeliperiveraguerra/dev/seneca/cv-project/data/IMG/right_2025_12_03_12_06_47_169.jpg,0,1,0,30.18725
/Users/davidfeliperiveraguerra/dev/seneca/cv-project/data/IMG/center_2025_12_03_12_06_47_239.jpg,/Users/davidfeliperiveraguerra/dev/seneca/cv-project/data/IMG/left_2025_12_03_12_06_47_239.jpg,/Users/davidfeliperiveraguerra/dev/seneca/cv-project/data/IMG/right_2025_12_03_12_06_47_239.jpg,0,1,0,30.19025
/Users/davidfeliperiveraguerra/dev/seneca/cv-project/data/IMG/center_2025_12_03_12_06_47_305.jpg,/Users/davidfeliperiveraguerra/dev/seneca/cv-project/data/IMG/left_2025_12_03_12_06_47_305.jpg,/Users/davidfeliperiveraguerra/dev/seneca/cv-project/data/IMG/right_2025_12_03_12_06_47_305.jpg,0,1,0,30.19031
/Users/davidfeliperiveraguerra/dev/seneca/cv-project/data/IMG/center_2025_12_03_12_06_47_372.jpg,/Users/davidfeliperiveraguerra/dev/seneca/cv-project/data/IMG/left_2025_12_03_12_06_47_372.jpg,/Users/davidfeliperiveraguerra/dev/seneca/cv-project/data/IMG/right_2025_12_03_12_06_47_372.jpg,0,1,0,30.19033
/Users/davidfeliperiveraguerra/dev/seneca/cv-project/data/IMG/center_2025_12_03_12_06_47_443.jpg,/Users/davidfeliperiveraguerra/dev/seneca/cv-project/data/IMG/left_2025_12_03_12_06_47_443.jpg,/Users/davidfeliperiveraguerra/dev/seneca/cv-project/data/IMG/right_2025_12_03_12_06_47_443.jpg,0,1,0,30.19036
/Users/davidfeliperiveraguerra/dev/seneca/cv-project/data/IMG/center_2025_12_03_12_06_47_510.jpg,/Users/davidfeliperiveraguerra/dev/seneca/cv-project/data/IMG/left_2025_12_03_12_06_47_510.jpg,/Users/davidfeliperiveraguerra/dev/seneca/cv-project/data/IMG/right_2025_12_03_12_06_47_510.jpg,0,1,0,30.19054
/Users/davidfeliperiveraguerra/dev/seneca/cv-project/data/IMG/center_2025_12_03_12_06_47_580.jpg,/Users/davidfeliperiveraguerra/dev/seneca/cv-project/data/IMG/left_2025_12_03_12_06_47_580.jpg,/Users/davidfeliperiveraguerra/dev/seneca/cv-project/data/IMG/right_2025_12_03_12_06_47_580.jpg,-0.1,1,0,30.18789
/Users/davidfeliperiveraguerra/dev/seneca/cv-project/data/IMG/center_2025_12_03_12_06_47_647.jpg,/Users/davidfeliperiveraguerra/dev/seneca/cv-project/data/IMG/left_2025_12_03_12_06_47_647.jpg,/Users/davidfeliperiveraguerra/dev/seneca/cv-project/data/IMG/right_2025_12_03_12_06_47_647.jpg,0,1,0,30.18598
/Users/davidfeliperiveraguerra/dev/seneca/cv-project/data/IMG/center_2025_12_03_12_06_47_714.jpg,/Users/davidfeliperiveraguerra/dev/seneca/cv-project/data/IMG/left_2025_12_03_12_06_47_714.jpg,/Users/davidfeliperiveraguerra/dev/seneca/cv-project/data/IMG/right_2025_12_03_12_06_47_714.jpg,0,1,0,30.19011
/Users/davidfeliperiveraguerra/dev/seneca/cv-project/data/IMG/center_2025_12_03_12_06_47_783.jpg,/Users/davidfeliperiveraguerra/dev/seneca/cv-project/data/IMG/left_2025_12_03_12_06_47_783.jpg,/Users/davidfeliperiveraguerra/dev/seneca/cv-project/data/IMG/right_2025_12_03_12_06_47_783.jpg,0,1,0,30.19004
/Users/davidfeliperiveraguerra/dev/seneca/cv-project/data/IMG/center_2025_12_03_12_06_47_853.jpg,/Users/davidfeliperiveraguerra/dev/seneca/cv-project/data/IMG/left_2025_12_03_12_06_47_853.jpg,/Users/davidfeliperiveraguerra/dev/seneca/cv-project/data/IMG/right_2025_12_03_12_06_47_853.jpg,0,1,0,30.19021
/Users/davidfeliperiveraguerra/dev/seneca/cv-project/data/IMG/center_2025_12_03_12_06_47_922.jpg,/Users/davidfeliperiveraguerra/dev/seneca/cv-project/data/IMG/left_2025_12_03_12_06_47_922.jpg,/Users/davidfeliperiveraguerra/dev/seneca/cv-project/data/IMG/right_2025_12_03_12_06_47_922.jpg,0,1,0,30.19029
/Users/davidfeliperiveraguerra/dev/seneca/cv-project/data/IMG/center_2025_12_03_12_06_47_990.jpg,/Users/davidfeliperiveraguerra/dev/seneca/cv-project/data/IMG/left_2025_12_03_12_06_47_990.jpg,/Users/davidfeliperiveraguerra/dev/seneca/cv-project/data/IMG/right_2025_12_03_12_06_47_990.jpg,0,1,0,30.19033
/Users/davidfeliperiveraguerra/dev/seneca/cv-project/data/IMG/center_2025_12_03_12_06_48_059.jpg,/Users/davidfeliperiveraguerra/dev/seneca/cv-project/data/IMG/left_2025_12_03_12_06_48_059.jpg,/Users/davidfeliperiveraguerra/dev/seneca/cv-project/data/IMG/right_2025_12_03_12_06_48_059.jpg,0,1,0,30.19029
/Users/davidfeliperiveraguerra/dev/seneca/cv-project/data/IMG/center_2025_12_03_12_06_48_127.jpg,/Users/davidfeliperiveraguerra/dev/seneca/cv-project/data/IMG/left_2025_12_03_12_06_48_127.jpg,/Users/davidfeliperiveraguerra/dev/seneca/cv-project/data/IMG/right_2025_12_03_12_06_48_127.jpg,0,1,0,30.19032
/Users/davidfeliperiveraguerra/dev/seneca/cv-project/data/IMG/center_2025_12_03_12_06_48_194.jpg,/Users/davidfeliperiveraguerra/dev/seneca/cv-project/data/IMG/left_2025_12_03_12_06_48_194.jpg,/Users/davidfeliperiveraguerra/dev/seneca/cv-project/data/IMG/right_2025_12_03_12_06_48_194.jpg,0,1,0,30.19031
/Users/davidfeliperiveraguerra/dev/seneca/cv-project/data/IMG/center_2025_12_03_12_06_48_263.jpg,/Users/davidfeliperiveraguerra/dev/seneca/cv-project/data/IMG/left_2025_12_03_12_06_48_263.jpg,/Users/davidfeliperiveraguerra/dev/seneca/cv-project/data/IMG/right_2025_12_03_12_06_48_263.jpg,0,1,0,30.19031
/Users/davidfeliperiveraguerra/dev/seneca/cv-project/data/IMG/center_2025_12_03_12_06_48_329.jpg,/Users/davidfeliperiveraguerra/dev/seneca/cv-project/data/IMG/left_2025_12_03_12_06_48_329.jpg,/Users/davidfeliperiveraguerra/dev/seneca/cv-project/data/IMG/right_2025_12_03_12_06_48_329.jpg,-0.15,1,0,30.18454
/Users/davidfeliperiveraguerra/dev/seneca/cv-project/data/IMG/center_2025_12_03_12_06_48_396.jpg,/Users/davidfeliperiveraguerra/dev/seneca/cv-project/data/IMG/left_2025_12_03_12_06_48_396.jpg,/Users/davidfeliperiveraguerra/dev/seneca/cv-project/data/IMG/right_2025_12_03_12_06_48_396.jpg,0,1,0,30.18997
/Users/davidfeliperiveraguerra/dev/seneca/cv-project/data/IMG/center_2025_12_03_12_06_48_466.jpg,/Users/davidfeliperiveraguerra/dev/seneca/cv-project/data/IMG/left_2025_12_03_12_06_48_466.jpg,/Users/davidfeliperiveraguerra/dev/seneca/cv-project/data/IMG/right_2025_12_03_12_06_48_466.jpg,0,1,0,30.19031
/Users/davidfeliperiveraguerra/dev/seneca/cv-project/data/IMG/center_2025_12_03_12_06_48_533.jpg,/Users/davidfeliperiveraguerra/dev/seneca/cv-project/data/IMG/left_2025_12_03_12_06_48_533.jpg,/Users/davidfeliperiveraguerra/dev/seneca/cv-project/data/IMG/right_2025_12_03_12_06_48_533.jpg,0,1,0,30.19036
/Users/davidfeliperiveraguerra/dev/seneca/cv-project/data/IMG/center_2025_12_03_12_06_48_603.jpg,/Users/davidfeliperiveraguerra/dev/seneca/cv-project/data/IMG/left_2025_12_03_12_06_48_603.jpg,/Users/davidfeliperiveraguerra/dev/seneca/cv-project/data/IMG/right_2025_12_03_12_06_48_603.jpg,0,1,0,30.19037
/Users/davidfeliperiveraguerra/dev/seneca/cv-project/data/IMG/center_2025_12_03_12_06_48_671.jpg,/Users/davidfeliperiveraguerra/dev/seneca/cv-project/data/IMG/left_2025_12_03_12_06_48_671.jpg,/Users/davidfeliperiveraguerra/dev/seneca/cv-project/data/IMG/right_2025_12_03_12_06_48_671.jpg,0,1,0,30.19035
/Users/davidfeliperiveraguerra/dev/seneca/cv-project/data/IMG/center_2025_12_03_12_06_48_738.jpg,/Users/davidfeliperiveraguerra/dev/seneca/cv-project/data/IMG/left_2025_12_03_12_06_48_738.jpg,/Users/davidfeliperiveraguerra/dev/seneca/cv-project/data/IMG/right_2025_12_03_12_06_48_738.jpg,0,1,0,30.19038
/Users/davidfeliperiveraguerra/dev/seneca/cv-project/data/IMG/center_2025_12_03_12_06_48_806.jpg,/Users/davidfeliperiveraguerra/dev/seneca/cv-project/data/IMG/left_2025_12_03_12_06_48_806.jpg,/Users/davidfeliperiveraguerra/dev/seneca/cv-project/data/IMG/right_2025_12_03_12_06_48_806.jpg,0,1,0,30.19038
/Users/davidfeliperiveraguerra/dev/seneca/cv-project/data/IMG/center_2025_12_03_12_06_48_877.jpg,/Users/davidfeliperiveraguerra/dev/seneca/cv-project/data/IMG/left_2025_12_03_12_06_48_877.jpg,/Users/davidfeliperiveraguerra/dev/seneca/cv-project/data/IMG/right_2025_12_03_12_06_48_877.jpg,0,1,0,30.19039
/Users/davidfeliperiveraguerra/dev/seneca/cv-project/data/IMG/center_2025_12_03_12_06_48_947.jpg,/Users/davidfeliperiveraguerra/dev/seneca/cv-project/data/IMG/left_2025_12_03_12_06_48_947.jpg,/Users/davidfeliperiveraguerra/dev/seneca/cv-project/data/IMG/right_2025_12_03_12_06_48_947.jpg,-0.1,1,0,30.1877
/Users/davidfeliperiveraguerra/dev/seneca/cv-project/data/IMG/center_2025_12_03_12_06_49_016.jpg,/Users/davidfeliperiveraguerra/dev/seneca/cv-project/data/IMG/left_2025_12_03_12_06_49_016.jpg,/Users/davidfeliperiveraguerra/dev/seneca/cv-project/data/IMG/right_2025_12_03_12_06_49_016.jpg,-0.25,1,0,30.17513
/Users/davidfeliperiveraguerra/dev/seneca/cv-project/data/IMG/center_2025_12_03_12_06_49_083.jpg,/Users/davidfeliperiveraguerra/dev/seneca/cv-project/data/IMG/left_2025_12_03_12_06_49_083.jpg,/Users/davidfeliperiveraguerra/dev/seneca/cv-project/data/IMG/right_2025_12_03_12_06_49_083.jpg,0,1,0,30.19011
/Users/davidfeliperiveraguerra/dev/seneca/cv-project/data/IMG/center_2025_12_03_12_06_49_151.jpg,/Users/davidfeliperiveraguerra/dev/seneca/cv-project/data/IMG/left_2025_12_03_12_06_49_151.jpg,/Users/davidfeliperiveraguerra/dev/seneca/cv-project/data/IMG/right_2025_12_03_12_06_49_151.jpg,0,1,0,30.18973
/Users/davidfeliperiveraguerra/dev/seneca/cv-project/data/IMG/center_2025_12_03_12_06_49_221.jpg,/Users/davidfeliperiveraguerra/dev/seneca/cv-project/data/IMG/left_2025_12_03_12_06_49_221.jpg,/Users/davidfeliperiveraguerra/dev/seneca/cv-project/data/IMG/right_2025_12_03_12_06_49_221.jpg,0,1,0,30.19019
/Users/davidfeliperiveraguerra/dev/seneca/cv-project/data/IMG/center_2025_12_03_12_06_49_290.jpg,/Users/davidfeliperiveraguerra/dev/seneca/cv-project/data/IMG/left_2025_12_03_12_06_49_290.jpg,/Users/davidfeliperiveraguerra/dev/seneca/cv-project/data/IMG/right_2025_12_03_12_06_49_290.jpg,0,1,0,30.19028
/Users/davidfeliperiveraguerra/dev/seneca/cv-project/data/IMG/center_2025_12_03_12_06_49_361.jpg,/Users/davidfeliperiveraguerra/dev/seneca/cv-project/data/IMG/left_2025_12_03_12_06_49_361.jpg,/Users/davidfeliperiveraguerra/dev/seneca/cv-project/data/IMG/right_2025_12_03_12_06_49_361.jpg,0,1,0,30.19032
/Users/davidfeliperiveraguerra/dev/seneca/cv-project/data/IMG/center_2025_12_03_12_06_49_427.jpg,/Users/davidfeliperiveraguerra/dev/seneca/cv-project/data/IMG/left_2025_12_03_12_06_49_427.jpg,/Users/davidfeliperiveraguerra/dev/seneca/cv-project/data/IMG/right_2025_12_03_12_06_49_427.jpg,0,1,0,30.19033
/Users/davidfeliperiveraguerra/dev/seneca/cv-project/data/IMG/center_2025_12_03_12_06_49_494.jpg,/Users/davidfeliperiveraguerra/dev/seneca/cv-project/data/IMG/left_2025_12_03_12_06_49_494.jpg,/Users/davidfeliperiveraguerra/dev/seneca/cv-project/data/IMG/right_2025_12_03_12_06_49_494.jpg,0,1,0,30.19033
/Users/davidfeliperiveraguerra/dev/seneca/cv-project/data/IMG/center_2025_12_03_12_06_49_565.jpg,/Users/davidfeliperiveraguerra/dev/seneca/cv-project/data/IMG/left_2025_12_03_12_06_49_565.jpg,/Users/davidfeliperiveraguerra/dev/seneca/cv-project/data/IMG/right_2025_12_03_12_06_49_565.jpg,0,1,0,30.19032
/Users/davidfeliperiveraguerra/dev/seneca/cv-project/data/IMG/center_2025_12_03_12_06_49_632.jpg,/Users/davidfeliperiveraguerra/dev/seneca/cv-project/data/IMG/left_2025_12_03_12_06_49_632.jpg,/Users/davidfeliperiveraguerra/dev/seneca/cv-project/data/IMG/right_2025_12_03_12_06_49_632.jpg,0,1,0,30.19034
/Users/davidfeliperiveraguerra/dev/seneca/cv-project/data/IMG/center_2025_12_03_12_06_49_703.jpg,/Users/davidfeliperiveraguerra/dev/seneca/cv-project/data/IMG/left_2025_12_03_12_06_49_703.jpg,/Users/davidfeliperiveraguerra/dev/seneca/cv-project/data/IMG/right_2025_12_03_12_06_49_703.jpg,0,1,0,30.19032
/Users/davidfeliperiveraguerra/dev/seneca/cv-project/data/IMG/center_2025_12_03_12_06_49_773.jpg,/Users/davidfeliperiveraguerra/dev/seneca/cv-project/data/IMG/left_2025_12_03_12_06_49_773.jpg,/Users/davidfeliperiveraguerra/dev/seneca/cv-project/data/IMG/right_2025_12_03_12_06_49_773.jpg,0,1,0,30.19034
/Users/davidfeliperiveraguerra/dev/seneca/cv-project/data/IMG/center_2025_12_03_12_06_49_844.jpg,/Users/davidfeliperiveraguerra/dev/seneca/cv-project/data/IMG/left_2025_12_03_12_06_49_844.jpg,/Users/davidfeliperiveraguerra/dev/seneca/cv-project/data/IMG/right_2025_12_03_12_06_49_844.jpg,0,1,0,30.19033
/Users/davidfeliperiveraguerra/dev/seneca/cv-project/data/IMG/center_2025_12_03_12_06_49_912.jpg,/Users/davidfeliperiveraguerra/dev/seneca/cv-project/data/IMG/left_2025_12_03_12_06_49_912.jpg,/Users/davidfeliperiveraguerra/dev/seneca/cv-project/data/IMG/right_2025_12_03_12_06_49_912.jpg,0,1,0,30.19033
/Users/davidfeliperiveraguerra/dev/seneca/cv-project/data/IMG/center_2025_12_03_12_06_49_981.jpg,/Users/davidfeliperiveraguerra/dev/seneca/cv-project/data/IMG/left_2025_12_03_12_06_49_981.jpg,/Users/davidfeliperiveraguerra/dev/seneca/cv-project/data/IMG/right_2025_12_03_12_06_49_981.jpg,0,1,0,30.19033
/Users/davidfeliperiveraguerra/dev/seneca/cv-project/data/IMG/center_2025_12_03_12_06_50_049.jpg,/Users/davidfeliperiveraguerra/dev/seneca/cv-project/data/IMG/left_2025_12_03_12_06_50_049.jpg,/Users/davidfeliperiveraguerra/dev/seneca/cv-project/data/IMG/right_2025_12_03_12_06_50_049.jpg,0,1,0,30.19034
/Users/davidfeliperiveraguerra/dev/seneca/cv-project/data/IMG/center_2025_12_03_12_06_50_116.jpg,/Users/davidfeliperiveraguerra/dev/seneca/cv-project/data/IMG/left_2025_12_03_12_06_50_116.jpg,/Users/davidfeliperiveraguerra/dev/seneca/cv-project/data/IMG/right_2025_12_03_12_06_50_116.jpg,0,1,0,30.19035
/Users/davidfeliperiveraguerra/dev/seneca/cv-project/data/IMG/center_2025_12_03_12_06_50_183.jpg,/Users/davidfeliperiveraguerra/dev/seneca/cv-project/data/IMG/left_2025_12_03_12_06_50_183.jpg,/Users/davidfeliperiveraguerra/dev/seneca/cv-project/data/IMG/right_2025_12_03_12_06_50_183.jpg,0,1,0,30.19035
/Users/davidfeliperiveraguerra/dev/seneca/cv-project/data/IMG/center_2025_12_03_12_06_50_250.jpg,/Users/davidfeliperiveraguerra/dev/seneca/cv-project/data/IMG/left_2025_12_03_12_06_50_250.jpg,/Users/davidfeliperiveraguerra/dev/seneca/cv-project/data/IMG/right_2025_12_03_12_06_50_250.jpg,0,1,0,30.19033
/Users/davidfeliperiveraguerra/dev/seneca/cv-project/data/IMG/center_2025_12_03_12_06_50_320.jpg,/Users/davidfeliperiveraguerra/dev/seneca/cv-project/data/IMG/left_2025_12_03_12_06_50_320.jpg,/Users/davidfeliperiveraguerra/dev/seneca/cv-project/data/IMG/right_2025_12_03_12_06_50_320.jpg,0,1,0,30.19055
/Users/davidfeliperiveraguerra/dev/seneca/cv-project/data/IMG/center_2025_12_03_12_06_50_389.jpg,/Users/davidfeliperiveraguerra/dev/seneca/cv-project/data/IMG/left_2025_12_03_12_06_50_389.jpg,/Users/davidfeliperiveraguerra/dev/seneca/cv-project/data/IMG/right_2025_12_03_12_06_50_389.jpg,0,1,0,30.19012
/Users/davidfeliperiveraguerra/dev/seneca/cv-project/data/IMG/center_2025_12_03_12_06_50_459.jpg,/Users/davidfeliperiveraguerra/dev/seneca/cv-project/data/IMG/left_2025_12_03_12_06_50_459.jpg,/Users/davidfeliperiveraguerra/dev/seneca/cv-project/data/IMG/right_2025_12_03_12_06_50_459.jpg,0,1,0,30.19018
/Users/davidfeliperiveraguerra/dev/seneca/cv-project/data/IMG/center_2025_12_03_12_06_50_527.jpg,/Users/davidfeliperiveraguerra/dev/seneca/cv-project/data/IMG/left_2025_12_03_12_06_50_527.jpg,/Users/davidfeliperiveraguerra/dev/seneca/cv-project/data/IMG/right_2025_12_03_12_06_50_527.jpg,0,1,0,30.19083
/Users/davidfeliperiveraguerra/dev/seneca/cv-project/data/IMG/center_2025_12_03_12_06_50_596.jpg,/Users/davidfeliperiveraguerra/dev/seneca/cv-project/data/IMG/left_2025_12_03_12_06_50_596.jpg,/Users/davidfeliperiveraguerra/dev/seneca/cv-project/data/IMG/right_2025_12_03_12_06_50_596.jpg,0,1,0,30.19
/Users/davidfeliperiveraguerra/dev/seneca/cv-project/data/IMG/center_2025_12_03_12_06_50_664.jpg,/Users/davidfeliperiveraguerra/dev/seneca/cv-project/data/IMG/left_2025_12_03_12_06_50_664.jpg,/Users/davidfeliperiveraguerra/dev/seneca/cv-project/data/IMG/right_2025_12_03_12_06_50_664.jpg,0,1,0,30.19016
/Users/davidfeliperiveraguerra/dev/seneca/cv-project/data/IMG/center_2025_12_03_12_06_50_733.jpg,/Users/davidfeliperiveraguerra/dev/seneca/cv-project/data/IMG/left_2025_12_03_12_06_50_733.jpg,/Users/davidfeliperiveraguerra/dev/seneca/cv-project/data/IMG/right_2025_12_03_12_06_50_733.jpg,0,1,0,30.19018
/Users/davidfeliperiveraguerra/dev/seneca/cv-project/data/IMG/center_2025_12_03_12_06_50_801.jpg,/Users/davidfeliperiveraguerra/dev/seneca/cv-project/data/IMG/left_2025_12_03_12_06_50_801.jpg,/Users/davidfeliperiveraguerra/dev/seneca/cv-project/data/IMG/right_2025_12_03_12_06_50_801.jpg,0,1,0,30.19018
/Users/davidfeliperiveraguerra/dev/seneca/cv-project/data/IMG/center_2025_12_03_12_06_50_872.jpg,/Users/davidfeliperiveraguerra/dev/seneca/cv-project/data/IMG/left_2025_12_03_12_06_50_872.jpg,/Users/davidfeliperiveraguerra/dev/seneca/cv-project/data/IMG/right_2025_12_03_12_06_50_872.jpg,-0.1,1,0,30.18772
/Users/davidfeliperiveraguerra/dev/seneca/cv-project/data/IMG/center_2025_12_03_12_06_50_941.jpg,/Users/davidfeliperiveraguerra/dev/seneca/cv-project/data/IMG/left_2025_12_03_12_06_50_941.jpg,/Users/davidfeliperiveraguerra/dev/seneca/cv-project/data/IMG/right_2025_12_03_12_06_50_941.jpg,-0.25,1,0,30.1751
/Users/davidfeliperiveraguerra/dev/seneca/cv-project/data/IMG/center_2025_12_03_12_06_51_009.jpg,/Users/davidfeliperiveraguerra/dev/seneca/cv-project/data/IMG/left_2025_12_03_12_06_51_009.jpg,/Users/davidfeliperiveraguerra/dev/seneca/cv-project/data/IMG/right_2025_12_03_12_06_51_009.jpg,0,1,0,30.19001
/Users/davidfeliperiveraguerra/dev/seneca/cv-project/data/IMG/center_2025_12_03_12_06_51_079.jpg,/Users/davidfeliperiveraguerra/dev/seneca/cv-project/data/IMG/left_2025_12_03_12_06_51_079.jpg,/Users/davidfeliperiveraguerra/dev/seneca/cv-project/data/IMG/right_2025_12_03_12_06_51_079.jpg,0,1,0,30.19011
/Users/davidfeliperiveraguerra/dev/seneca/cv-project/data/IMG/center_2025_12_03_12_06_51_151.jpg,/Users/davidfeliperiveraguerra/dev/seneca/cv-project/data/IMG/left_2025_12_03_12_06_51_151.jpg,/Users/davidfeliperiveraguerra/dev/seneca/cv-project/data/IMG/right_2025_12_03_12_06_51_151.jpg,0,1,0,30.19023
/Users/davidfeliperiveraguerra/dev/seneca/cv-project/data/IMG/center_2025_12_03_12_06_51_218.jpg,/Users/davidfeliperiveraguerra/dev/seneca/cv-project/data/IMG/left_2025_12_03_12_06_51_218.jpg,/Users/davidfeliperiveraguerra/dev/seneca/cv-project/data/IMG/right_2025_12_03_12_06_51_218.jpg,0,1,0,30.1903
/Users/davidfeliperiveraguerra/dev/seneca/cv-project/data/IMG/center_2025_12_03_12_06_51_288.jpg,/Users/davidfeliperiveraguerra/dev/seneca/cv-project/data/IMG/left_2025_12_03_12_06_51_288.jpg,/Users/davidfeliperiveraguerra/dev/seneca/cv-project/data/IMG/right_2025_12_03_12_06_51_288.jpg,0,1,0,30.1903
/Users/davidfeliperiveraguerra/dev/seneca/cv-project/data/IMG/center_2025_12_03_12_06_51_359.jpg,/Users/davidfeliperiveraguerra/dev/seneca/cv-project/data/IMG/left_2025_12_03_12_06_51_359.jpg,/Users/davidfeliperiveraguerra/dev/seneca/cv-project/data/IMG/right_2025_12_03_12_06_51_359.jpg,-0.1,1,0,30.18803
/Users/davidfeliperiveraguerra/dev/seneca/cv-project/data/IMG/center_2025_12_03_12_06_51_426.jpg,/Users/davidfeliperiveraguerra/dev/seneca/cv-project/data/IMG/left_2025_12_03_12_06_51_426.jpg,/Users/davidfeliperiveraguerra/dev/seneca/cv-project/data/IMG/right_2025_12_03_12_06_51_426.jpg,0,1,0,30.18611
/Users/davidfeliperiveraguerra/dev/seneca/cv-project/data/IMG/center_2025_12_03_12_06_51_499.jpg,/Users/davidfeliperiveraguerra/dev/seneca/cv-project/data/IMG/left_2025_12_03_12_06_51_499.jpg,/Users/davidfeliperiveraguerra/dev/seneca/cv-project/data/IMG/right_2025_12_03_12_06_51_499.jpg,0,1,0,30.19016
/Users/davidfeliperiveraguerra/dev/seneca/cv-project/data/IMG/center_2025_12_03_12_06_51_611.jpg,/Users/davidfeliperiveraguerra/dev/seneca/cv-project/data/IMG/left_2025_12_03_12_06_51_611.jpg,/Users/davidfeliperiveraguerra/dev/seneca/cv-project/data/IMG/right_2025_12_03_12_06_51_611.jpg,0,1,0,30.19036
/Users/davidfeliperiveraguerra/dev/seneca/cv-project/data/IMG/center_2025_12_03_12_06_51_689.jpg,/Users/davidfeliperiveraguerra/dev/seneca/cv-project/data/IMG/left_2025_12_03_12_06_51_689.jpg,/Users/davidfeliperiveraguerra/dev/seneca/cv-project/data/IMG/right_2025_12_03_12_06_51_689.jpg,0,1,0,30.1904
/Users/davidfeliperiveraguerra/dev/seneca/cv-project/data/IMG/center_2025_12_03_12_06_51_760.jpg,/Users/davidfeliperiveraguerra/dev/seneca/cv-project/data/IMG/left_2025_12_03_12_06_51_760.jpg,/Users/davidfeliperiveraguerra/dev/seneca/cv-project/data/IMG/right_2025_12_03_12_06_51_760.jpg,0,1,0,30.19015
/Users/davidfeliperiveraguerra/dev/seneca/cv-project/data/IMG/center_2025_12_03_12_06_51_829.jpg,/Users/davidfeliperiveraguerra/dev/seneca/cv-project/data/IMG/left_2025_12_03_12_06_51_829.jpg,/Users/davidfeliperiveraguerra/dev/seneca/cv-project/data/IMG/right_2025_12_03_12_06_51_829.jpg,0,1,0,30.19028
/Users/davidfeliperiveraguerra/dev/seneca/cv-project/data/IMG/center_2025_12_03_12_06_51_897.jpg,/Users/davidfeliperiveraguerra/dev/seneca/cv-project/data/IMG/left_2025_12_03_12_06_51_897.jpg,/Users/davidfeliperiveraguerra/dev/seneca/cv-project/data/IMG/right_2025_12_03_12_06_51_897.jpg,0,1,0,30.19033
/Users/davidfeliperiveraguerra/dev/seneca/cv-project/data/IMG/center_2025_12_03_12_06_51_964.jpg,/Users/davidfeliperiveraguerra/dev/seneca/cv-project/data/IMG/left_2025_12_03_12_06_51_964.jpg,/Users/davidfeliperiveraguerra/dev/seneca/cv-project/data/IMG/right_2025_12_03_12_06_51_964.jpg,0,1,0,30.18988
/Users/davidfeliperiveraguerra/dev/seneca/cv-project/data/IMG/center_2025_12_03_12_06_52_031.jpg,/Users/davidfeliperiveraguerra/dev/seneca/cv-project/data/IMG/left_2025_12_03_12_06_52_031.jpg,/Users/davidfeliperiveraguerra/dev/seneca/cv-project/data/IMG/right_2025_12_03_12_06_52_031.jpg,0,1,0,30.19016
/Users/davidfeliperiveraguerra/dev/seneca/cv-project/data/IMG/center_2025_12_03_12_06_52_101.jpg,/Users/davidfeliperiveraguerra/dev/seneca/cv-project/data/IMG/left_2025_12_03_12_06_52_101.jpg,/Users/davidfeliperiveraguerra/dev/seneca/cv-project/data/IMG/right_2025_12_03_12_06_52_101.jpg,0,1,0,30.19023
/Users/davidfeliperiveraguerra/dev/seneca/cv-project/data/IMG/center_2025_12_03_12_06_52_171.jpg,/Users/davidfeliperiveraguerra/dev/seneca/cv-project/data/IMG/left_2025_12_03_12_06_52_171.jpg,/Users/davidfeliperiveraguerra/dev/seneca/cv-project/data/IMG/right_2025_12_03_12_06_52_171.jpg,0,1,0,30.19028
/Users/davidfeliperiveraguerra/dev/seneca/cv-project/data/IMG/center_2025_12_03_12_06_52_239.jpg,/Users/davidfeliperiveraguerra/dev/seneca/cv-project/data/IMG/left_2025_12_03_12_06_52_239.jpg,/Users/davidfeliperiveraguerra/dev/seneca/cv-project/data/IMG/right_2025_12_03_12_06_52_239.jpg,0,1,0,30.19028
/Users/davidfeliperiveraguerra/dev/seneca/cv-project/data/IMG/center_2025_12_03_12_06_52_309.jpg,/Users/davidfeliperiveraguerra/dev/seneca/cv-project/data/IMG/left_2025_12_03_12_06_52_309.jpg,/Users/davidfeliperiveraguerra/dev/seneca/cv-project/data/IMG/right_2025_12_03_12_06_52_309.jpg,0,1,0,30.19027
/Users/davidfeliperiveraguerra/dev/seneca/cv-project/data/IMG/center_2025_12_03_12_06_52_379.jpg,/Users/davidfeliperiveraguerra/dev/seneca/cv-project/data/IMG/left_2025_12_03_12_06_52_379.jpg,/Users/davidfeliperiveraguerra/dev/seneca/cv-project/data/IMG/right_2025_12_03_12_06_52_379.jpg,0,1,0,30.19028
/Users/davidfeliperiveraguerra/dev/seneca/cv-project/data/IMG/center_2025_12_03_12_06_52_448.jpg,/Users/davidfeliperiveraguerra/dev/seneca/cv-project/data/IMG/left_2025_12_03_12_06_52_448.jpg,/Users/davidfeliperiveraguerra/dev/seneca/cv-project/data/IMG/right_2025_12_03_12_06_52_448.jpg,0,1,0,30.19029
/Users/davidfeliperiveraguerra/dev/seneca/cv-project/data/IMG/center_2025_12_03_12_06_52_517.jpg,/Users/davidfeliperiveraguerra/dev/seneca/cv-project/data/IMG/left_2025_12_03_12_06_52_517.jpg,/Users/davidfeliperiveraguerra/dev/seneca/cv-project/data/IMG/right_2025_12_03_12_06_52_517.jpg,0,1,0,30.19027
/Users/davidfeliperiveraguerra/dev/seneca/cv-project/data/IMG/center_2025_12_03_12_06_52_585.jpg,/Users/davidfeliperiveraguerra/dev/seneca/cv-project/data/IMG/left_2025_12_03_12_06_52_585.jpg,/Users/davidfeliperiveraguerra/dev/seneca/cv-project/data/IMG/right_2025_12_03_12_06_52_585.jpg,-0.2,1,0,30.18018
/Users/davidfeliperiveraguerra/dev/seneca/cv-project/data/IMG/center_2025_12_03_12_06_52_656.jpg,/Users/davidfeliperiveraguerra/dev/seneca/cv-project/data/IMG/left_2025_12_03_12_06_52_656.jpg,/Users/davidfeliperiveraguerra/dev/seneca/cv-project/data/IMG/right_2025_12_03_12_06_52_656.jpg,0,1,0,30.19088
/Users/davidfeliperiveraguerra/dev/seneca/cv-project/data/IMG/center_2025_12_03_12_06_52_727.jpg,/Users/davidfeliperiveraguerra/dev/seneca/cv-project/data/IMG/left_2025_12_03_12_06_52_727.jpg,/Users/davidfeliperiveraguerra/dev/seneca/cv-project/data/IMG/right_2025_12_03_12_06_52_727.jpg,0,1,0,30.1902
/Users/davidfeliperiveraguerra/dev/seneca/cv-project/data/IMG/center_2025_12_03_12_06_52_798.jpg,/Users/davidfeliperiveraguerra/dev/seneca/cv-project/data/IMG/left_2025_12_03_12_06_52_798.jpg,/Users/davidfeliperiveraguerra/dev/seneca/cv-project/data/IMG/right_2025_12_03_12_06_52_798.jpg,0,1,0,30.19028
/Users/davidfeliperiveraguerra/dev/seneca/cv-project/data/IMG/center_2025_12_03_12_06_52_865.jpg,/Users/davidfeliperiveraguerra/dev/seneca/cv-project/data/IMG/left_2025_12_03_12_06_52_865.jpg,/Users/davidfeliperiveraguerra/dev/seneca/cv-project/data/IMG/right_2025_12_03_12_06_52_865.jpg,0,1,0,30.19037
/Users/davidfeliperiveraguerra/dev/seneca/cv-project/data/IMG/center_2025_12_03_12_06_52_934.jpg,/Users/davidfeliperiveraguerra/dev/seneca/cv-project/data/IMG/left_2025_12_03_12_06_52_934.jpg,/Users/davidfeliperiveraguerra/dev/seneca/cv-project/data/IMG/right_2025_12_03_12_06_52_934.jpg,0,1,0,30.19037
/Users/davidfeliperiveraguerra/dev/seneca/cv-project/data/IMG/center_2025_12_03_12_06_53_004.jpg,/Users/davidfeliperiveraguerra/dev/seneca/cv-project/data/IMG/left_2025_12_03_12_06_53_004.jpg,/Users/davidfeliperiveraguerra/dev/seneca/cv-project/data/IMG/right_2025_12_03_12_06_53_004.jpg,0,1,0,30.19043
/Users/davidfeliperiveraguerra/dev/seneca/cv-project/data/IMG/center_2025_12_03_12_06_53_071.jpg,/Users/davidfeliperiveraguerra/dev/seneca/cv-project/data/IMG/left_2025_12_03_12_06_53_071.jpg,/Users/davidfeliperiveraguerra/dev/seneca/cv-project/data/IMG/right_2025_12_03_12_06_53_071.jpg,0,1,0,30.19039
/Users/davidfeliperiveraguerra/dev/seneca/cv-project/data/IMG/center_2025_12_03_12_06_53_143.jpg,/Users/davidfeliperiveraguerra/dev/seneca/cv-project/data/IMG/left_2025_12_03_12_06_53_143.jpg,/Users/davidfeliperiveraguerra/dev/seneca/cv-project/data/IMG/right_2025_12_03_12_06_53_143.jpg,0,1,0,30.19083
/Users/davidfeliperiveraguerra/dev/seneca/cv-project/data/IMG/center_2025_12_03_12_06_53_212.jpg,/Users/davidfeliperiveraguerra/dev/seneca/cv-project/data/IMG/left_2025_12_03_12_06_53_212.jpg,/Users/davidfeliperiveraguerra/dev/seneca/cv-project/data/IMG/right_2025_12_03_12_06_53_212.jpg,0,1,0,30.19018
/Users/davidfeliperiveraguerra/dev/seneca/cv-project/data/IMG/center_2025_12_03_12_06_53_282.jpg,/Users/davidfeliperiveraguerra/dev/seneca/cv-project/data/IMG/left_2025_12_03_12_06_53_282.jpg,/Users/davidfeliperiveraguerra/dev/seneca/cv-project/data/IMG/right_2025_12_03_12_06_53_282.jpg,0,1,0,30.19028
/Users/davidfeliperiveraguerra/dev/seneca/cv-project/data/IMG/center_2025_12_03_12_06_53_353.jpg,/Users/davidfeliperiveraguerra/dev/seneca/cv-project/data/IMG/left_2025_12_03_12_06_53_353.jpg,/Users/davidfeliperiveraguerra/dev/seneca/cv-project/data/IMG/right_2025_12_03_12_06_53_353.jpg,0,1,0,30.19079
/Users/davidfeliperiveraguerra/dev/seneca/cv-project/data/IMG/center_2025_12_03_12_06_53_423.jpg,/Users/davidfeliperiveraguerra/dev/seneca/cv-project/data/IMG/left_2025_12_03_12_06_53_423.jpg,/Users/davidfeliperiveraguerra/dev/seneca/cv-project/data/IMG/right_2025_12_03_12_06_53_423.jpg,0,1,0,30.19015
/Users/davidfeliperiveraguerra/dev/seneca/cv-project/data/IMG/center_2025_12_03_12_06_53_492.jpg,/Users/davidfeliperiveraguerra/dev/seneca/cv-project/data/IMG/left_2025_12_03_12_06_53_492.jpg,/Users/davidfeliperiveraguerra/dev/seneca/cv-project/data/IMG/right_2025_12_03_12_06_53_492.jpg,0,1,0,30.19022
/Users/davidfeliperiveraguerra/dev/seneca/cv-project/data/IMG/center_2025_12_03_12_06_53_560.jpg,/Users/davidfeliperiveraguerra/dev/seneca/cv-project/data/IMG/left_2025_12_03_12_06_53_560.jpg,/Users/davidfeliperiveraguerra/dev/seneca/cv-project/data/IMG/right_2025_12_03_12_06_53_560.jpg,0,1,0,30.19024
/Users/davidfeliperiveraguerra/dev/seneca/cv-project/data/IMG/center_2025_12_03_12_06_53_629.jpg,/Users/davidfeliperiveraguerra/dev/seneca/cv-project/data/IMG/left_2025_12_03_12_06_53_629.jpg,/Users/davidfeliperiveraguerra/dev/seneca/cv-project/data/IMG/right_2025_12_03_12_06_53_629.jpg,0,1,0,30.19027
/Users/davidfeliperiveraguerra/dev/seneca/cv-project/data/IMG/center_2025_12_03_12_06_53_698.jpg,/Users/davidfeliperiveraguerra/dev/seneca/cv-project/data/IMG/left_2025_12_03_12_06_53_698.jpg,/Users/davidfeliperiveraguerra/dev/seneca/cv-project/data/IMG/right_2025_12_03_12_06_53_698.jpg,0,1,0,30.19028
/Users/davidfeliperiveraguerra/dev/seneca/cv-project/data/IMG/center_2025_12_03_12_06_53_769.jpg,/Users/davidfeliperiveraguerra/dev/seneca/cv-project/data/IMG/left_2025_12_03_12_06_53_769.jpg,/Users/davidfeliperiveraguerra/dev/seneca/cv-project/data/IMG/right_2025_12_03_12_06_53_769.jpg,0,1,0,30.19026
/Users/davidfeliperiveraguerra/dev/seneca/cv-project/data/IMG/center_2025_12_03_12_06_53_840.jpg,/Users/davidfeliperiveraguerra/dev/seneca/cv-project/data/IMG/left_2025_12_03_12_06_53_840.jpg,/Users/davidfeliperiveraguerra/dev/seneca/cv-project/data/IMG/right_2025_12_03_12_06_53_840.jpg,0,1,0,30.19025
/Users/davidfeliperiveraguerra/dev/seneca/cv-project/data/IMG/center_2025_12_03_12_06_53_910.jpg,/Users/davidfeliperiveraguerra/dev/seneca/cv-project/data/IMG/left_2025_12_03_12_06_53_910.jpg,/Users/davidfeliperiveraguerra/dev/seneca/cv-project/data/IMG/right_2025_12_03_12_06_53_910.jpg,0,1,0,30.19026
/Users/davidfeliperiveraguerra/dev/seneca/cv-project/data/IMG/center_2025_12_03_12_06_53_979.jpg,/Users/davidfeliperiveraguerra/dev/seneca/cv-project/data/IMG/left_2025_12_03_12_06_53_979.jpg,/Users/davidfeliperiveraguerra/dev/seneca/cv-project/data/IMG/right_2025_12_03_12_06_53_979.jpg,0,1,0,30.19025
/Users/davidfeliperiveraguerra/dev/seneca/cv-project/data/IMG/center_2025_12_03_12_06_54_049.jpg,/Users/davidfeliperiveraguerra/dev/seneca/cv-project/data/IMG/left_2025_12_03_12_06_54_049.jpg,/Users/davidfeliperiveraguerra/dev/seneca/cv-project/data/IMG/right_2025_12_03_12_06_54_049.jpg,0,1,0,30.19024
/Users/davidfeliperiveraguerra/dev/seneca/cv-project/data/IMG/center_2025_12_03_12_06_54_117.jpg,/Users/davidfeliperiveraguerra/dev/seneca/cv-project/data/IMG/left_2025_12_03_12_06_54_117.jpg,/Users/davidfeliperiveraguerra/dev/seneca/cv-project/data/IMG/right_2025_12_03_12_06_54_117.jpg,0,1,0,30.19025
/Users/davidfeliperiveraguerra/dev/seneca/cv-project/data/IMG/center_2025_12_03_12_06_54_188.jpg,/Users/davidfeliperiveraguerra/dev/seneca/cv-project/data/IMG/left_2025_12_03_12_06_54_188.jpg,/Users/davidfeliperiveraguerra/dev/seneca/cv-project/data/IMG/right_2025_12_03_12_06_54_188.jpg,-0.1,1,0,30.18779
/Users/davidfeliperiveraguerra/dev/seneca/cv-project/data/IMG/center_2025_12_03_12_06_54_255.jpg,/Users/davidfeliperiveraguerra/dev/seneca/cv-project/data/IMG/left_2025_12_03_12_06_54_255.jpg,/Users/davidfeliperiveraguerra/dev/seneca/cv-project/data/IMG/right_2025_12_03_12_06_54_255.jpg,0,1,0,30.18724
/Users/davidfeliperiveraguerra/dev/seneca/cv-project/data/IMG/center_2025_12_03_12_06_54_322.jpg,/Users/davidfeliperiveraguerra/dev/seneca/cv-project/data/IMG/left_2025_12_03_12_06_54_322.jpg,/Users/davidfeliperiveraguerra/dev/seneca/cv-project/data/IMG/right_2025_12_03_12_06_54_322.jpg,0,1,0,30.1902
/Users/davidfeliperiveraguerra/dev/seneca/cv-project/data/IMG/center_2025_12_03_12_06_54_388.jpg,/Users/davidfeliperiveraguerra/dev/seneca/cv-project/data/IMG/left_2025_12_03_12_06_54_388.jpg,/Users/davidfeliperiveraguerra/dev/seneca/cv-project/data/IMG/right_2025_12_03_12_06_54_388.jpg,0,1,0,30.19029
/Users/davidfeliperiveraguerra/dev/seneca/cv-project/data/IMG/center_2025_12_03_12_06_54_455.jpg,/Users/davidfeliperiveraguerra/dev/seneca/cv-project/data/IMG/left_2025_12_03_12_06_54_455.jpg,/Users/davidfeliperiveraguerra/dev/seneca/cv-project/data/IMG/right_2025_12_03_12_06_54_455.jpg,0,1,0,30.19032
/Users/davidfeliperiveraguerra/dev/seneca/cv-project/data/IMG/center_2025_12_03_12_06_54_522.jpg,/Users/davidfeliperiveraguerra/dev/seneca/cv-project/data/IMG/left_2025_12_03_12_06_54_522.jpg,/Users/davidfeliperiveraguerra/dev/seneca/cv-project/data/IMG/right_2025_12_03_12_06_54_522.jpg,0,1,0,30.19031
/Users/davidfeliperiveraguerra/dev/seneca/cv-project/data/IMG/center_2025_12_03_12_06_54_589.jpg,/Users/davidfeliperiveraguerra/dev/seneca/cv-project/data/IMG/left_2025_12_03_12_06_54_589.jpg,/Users/davidfeliperiveraguerra/dev/seneca/cv-project/data/IMG/right_2025_12_03_12_06_54_589.jpg,-0.15,1,0,30.18472
/Users/davidfeliperiveraguerra/dev/seneca/cv-project/data/IMG/center_2025_12_03_12_06_54_656.jpg,/Users/davidfeliperiveraguerra/dev/seneca/cv-project/data/IMG/left_2025_12_03_12_06_54_656.jpg,/Users/davidfeliperiveraguerra/dev/seneca/cv-project/data/IMG/right_2025_12_03_12_06_54_656.jpg,-0.3,1,0,30.16997
/Users/davidfeliperiveraguerra/dev/seneca/cv-project/data/IMG/center_2025_12_03_12_06_54_727.jpg,/Users/davidfeliperiveraguerra/dev/seneca/cv-project/data/IMG/left_2025_12_03_12_06_54_727.jpg,/Users/davidfeliperiveraguerra/dev/seneca/cv-project/data/IMG/right_2025_12_03_12_06_54_727.jpg,0,1,0,30.18985
/Users/davidfeliperiveraguerra/dev/seneca/cv-project/data/IMG/center_2025_12_03_12_06_54_799.jpg,/Users/davidfeliperiveraguerra/dev/seneca/cv-project/data/IMG/left_2025_12_03_12_06_54_799.jpg,/Users/davidfeliperiveraguerra/dev/seneca/cv-project/data/IMG/right_2025_12_03_12_06_54_799.jpg,0,1,0,30.18977
/Users/davidfeliperiveraguerra/dev/seneca/cv-project/data/IMG/center_2025_12_03_12_06_54_866.jpg,/Users/davidfeliperiveraguerra/dev/seneca/cv-project/data/IMG/left_2025_12_03_12_06_54_866.jpg,/Users/davidfeliperiveraguerra/dev/seneca/cv-project/data/IMG/right_2025_12_03_12_06_54_866.jpg,0,1,0,30.19022
/Users/davidfeliperiveraguerra/dev/seneca/cv-project/data/IMG/center_2025_12_03_12_06_54_939.jpg,/Users/davidfeliperiveraguerra/dev/seneca/cv-project/data/IMG/left_2025_12_03_12_06_54_939.jpg,/Users/davidfeliperiveraguerra/dev/seneca/cv-project/data/IMG/right_2025_12_03_12_06_54_939.jpg,0,1,0,30.19031
/Users/davidfeliperiveraguerra/dev/seneca/cv-project/data/IMG/center_2025_12_03_12_06_55_006.jpg,/Users/davidfeliperiveraguerra/dev/seneca/cv-project/data/IMG/left_2025_12_03_12_06_55_006.jpg,/Users/davidfeliperiveraguerra/dev/seneca/cv-project/data/IMG/right_2025_12_03_12_06_55_006.jpg,0,1,0,30.19037
/Users/davidfeliperiveraguerra/dev/seneca/cv-project/data/IMG/center_2025_12_03_12_06_55_077.jpg,/Users/davidfeliperiveraguerra/dev/seneca/cv-project/data/IMG/left_2025_12_03_12_06_55_077.jpg,/Users/davidfeliperiveraguerra/dev/seneca/cv-project/data/IMG/right_2025_12_03_12_06_55_077.jpg,0,1,0,30.19036
/Users/davidfeliperiveraguerra/dev/seneca/cv-project/data/IMG/center_2025_12_03_12_06_55_149.jpg,/Users/davidfeliperiveraguerra/dev/seneca/cv-project/data/IMG/left_2025_12_03_12_06_55_149.jpg,/Users/davidfeliperiveraguerra/dev/seneca/cv-project/data/IMG/right_2025_12_03_12_06_55_149.jpg,0,1,0,30.19034
/Users/davidfeliperiveraguerra/dev/seneca/cv-project/data/IMG/center_2025_12_03_12_06_55_217.jpg,/Users/davidfeliperiveraguerra/dev/seneca/cv-project/data/IMG/left_2025_12_03_12_06_55_217.jpg,/Users/davidfeliperiveraguerra/dev/seneca/cv-project/data/IMG/right_2025_12_03_12_06_55_217.jpg,0,1,0,30.19034
/Users/davidfeliperiveraguerra/dev/seneca/cv-project/data/IMG/center_2025_12_03_12_06_55_289.jpg,/Users/davidfeliperiveraguerra/dev/seneca/cv-project/data/IMG/left_2025_12_03_12_06_55_289.jpg,/Users/davidfeliperiveraguerra/dev/seneca/cv-project/data/IMG/right_2025_12_03_12_06_55_289.jpg,0,1,0,30.19032
/Users/davidfeliperiveraguerra/dev/seneca/cv-project/data/IMG/center_2025_12_03_12_06_55_355.jpg,/Users/davidfeliperiveraguerra/dev/seneca/cv-project/data/IMG/left_2025_12_03_12_06_55_355.jpg,/Users/davidfeliperiveraguerra/dev/seneca/cv-project/data/IMG/right_2025_12_03_12_06_55_355.jpg,0,1,0,30.19038
/Users/davidfeliperiveraguerra/dev/seneca/cv-project/data/IMG/center_2025_12_03_12_06_55_427.jpg,/Users/davidfeliperiveraguerra/dev/seneca/cv-project/data/IMG/left_2025_12_03_12_06_55_427.jpg,/Users/davidfeliperiveraguerra/dev/seneca/cv-project/data/IMG/right_2025_12_03_12_06_55_427.jpg,0,1,0,30.19034
/Users/davidfeliperiveraguerra/dev/seneca/cv-project/data/IMG/center_2025_12_03_12_06_55_494.jpg,/Users/davidfeliperiveraguerra/dev/seneca/cv-project/data/IMG/left_2025_12_03_12_06_55_494.jpg,/Users/davidfeliperiveraguerra/dev/seneca/cv-project/data/IMG/right_2025_12_03_12_06_55_494.jpg,0,1,0,30.19036
/Users/davidfeliperiveraguerra/dev/seneca/cv-project/data/IMG/center_2025_12_03_12_06_55_561.jpg,/Users/davidfeliperiveraguerra/dev/seneca/cv-project/data/IMG/left_2025_12_03_12_06_55_561.jpg,/Users/davidfeliperiveraguerra/dev/seneca/cv-project/data/IMG/right_2025_12_03_12_06_55_561.jpg,0,1,0,30.19035
/Users/davidfeliperiveraguerra/dev/seneca/cv-project/data/IMG/center_2025_12_03_12_06_55_627.jpg,/Users/davidfeliperiveraguerra/dev/seneca/cv-project/data/IMG/left_2025_12_03_12_06_55_627.jpg,/Users/davidfeliperiveraguerra/dev/seneca/cv-project/data/IMG/right_2025_12_03_12_06_55_627.jpg,0,1,0,30.19037
/Users/davidfeliperiveraguerra/dev/seneca/cv-project/data/IMG/center_2025_12_03_12_06_55_699.jpg,/Users/davidfeliperiveraguerra/dev/seneca/cv-project/data/IMG/left_2025_12_03_12_06_55_699.jpg,/Users/davidfeliperiveraguerra/dev/seneca/cv-project/data/IMG/right_2025_12_03_12_06_55_699.jpg,0,1,0,30.19034
/Users/davidfeliperiveraguerra/dev/seneca/cv-project/data/IMG/center_2025_12_03_12_06_55_772.jpg,/Users/davidfeliperiveraguerra/dev/seneca/cv-project/data/IMG/left_2025_12_03_12_06_55_772.jpg,/Users/davidfeliperiveraguerra/dev/seneca/cv-project/data/IMG/right_2025_12_03_12_06_55_772.jpg,0,1,0,30.19038
/Users/davidfeliperiveraguerra/dev/seneca/cv-project/data/IMG/center_2025_12_03_12_06_55_844.jpg,/Users/davidfeliperiveraguerra/dev/seneca/cv-project/data/IMG/left_2025_12_03_12_06_55_844.jpg,/Users/davidfeliperiveraguerra/dev/seneca/cv-project/data/IMG/right_2025_12_03_12_06_55_844.jpg,0,1,0,30.19037
/Users/davidfeliperiveraguerra/dev/seneca/cv-project/data/IMG/center_2025_12_03_12_06_55_911.jpg,/Users/davidfeliperiveraguerra/dev/seneca/cv-project/data/IMG/left_2025_12_03_12_06_55_911.jpg,/Users/davidfeliperiveraguerra/dev/seneca/cv-project/data/IMG/right_2025_12_03_12_06_55_911.jpg,0,1,0,30.19041
/Users/davidfeliperiveraguerra/dev/seneca/cv-project/data/IMG/center_2025_12_03_12_06_55_978.jpg,/Users/davidfeliperiveraguerra/dev/seneca/cv-project/data/IMG/left_2025_12_03_12_06_55_978.jpg,/Users/davidfeliperiveraguerra/dev/seneca/cv-project/data/IMG/right_2025_12_03_12_06_55_978.jpg,0,1,0,30.1903
/Users/davidfeliperiveraguerra/dev/seneca/cv-project/data/IMG/center_2025_12_03_12_06_56_044.jpg,/Users/davidfeliperiveraguerra/dev/seneca/cv-project/data/IMG/left_2025_12_03_12_06_56_044.jpg,/Users/davidfeliperiveraguerra/dev/seneca/cv-project/data/IMG/right_2025_12_03_12_06_56_044.jpg,0,1,0,30.19026
/Users/davidfeliperiveraguerra/dev/seneca/cv-project/data/IMG/center_2025_12_03_12_06_56_116.jpg,/Users/davidfeliperiveraguerra/dev/seneca/cv-project/data/IMG/left_2025_12_03_12_06_56_116.jpg,/Users/davidfeliperiveraguerra/dev/seneca/cv-project/data/IMG/right_2025_12_03_12_06_56_116.jpg,-0.15,1,0,30.18449
/Users/davidfeliperiveraguerra/dev/seneca/cv-project/data/IMG/center_2025_12_03_12_06_56_183.jpg,/Users/davidfeliperiveraguerra/dev/seneca/cv-project/data/IMG/left_2025_12_03_12_06_56_183.jpg,/Users/davidfeliperiveraguerra/dev/seneca/cv-project/data/IMG/right_2025_12_03_12_06_56_183.jpg,0,1,0,30.19062
/Users/davidfeliperiveraguerra/dev/seneca/cv-project/data/IMG/center_2025_12_03_12_06_56_256.jpg,/Users/davidfeliperiveraguerra/dev/seneca/cv-project/data/IMG/left_2025_12_03_12_06_56_256.jpg,/Users/davidfeliperiveraguerra/dev/seneca/cv-project/data/IMG/right_2025_12_03_12_06_56_256.jpg,0,1,0,30.18988
/Users/davidfeliperiveraguerra/dev/seneca/cv-project/data/IMG/center_2025_12_03_12_06_56_327.jpg,/Users/davidfeliperiveraguerra/dev/seneca/cv-project/data/IMG/left_2025_12_03_12_06_56_327.jpg,/Users/davidfeliperiveraguerra/dev/seneca/cv-project/data/IMG/right_2025_12_03_12_06_56_327.jpg,0,1,0,30.19022
/Users/davidfeliperiveraguerra/dev/seneca/cv-project/data/IMG/center_2025_12_03_12_06_56_394.jpg,/Users/davidfeliperiveraguerra/dev/seneca/cv-project/data/IMG/left_2025_12_03_12_06_56_394.jpg,/Users/davidfeliperiveraguerra/dev/seneca/cv-project/data/IMG/right_2025_12_03_12_06_56_394.jpg,0,1,0,30.19029
/Users/davidfeliperiveraguerra/dev/seneca/cv-project/data/IMG/center_2025_12_03_12_06_56_466.jpg,/Users/davidfeliperiveraguerra/dev/seneca/cv-project/data/IMG/left_2025_12_03_12_06_56_466.jpg,/Users/davidfeliperiveraguerra/dev/seneca/cv-project/data/IMG/right_2025_12_03_12_06_56_466.jpg,0,1,0,30.19031
/Users/davidfeliperiveraguerra/dev/seneca/cv-project/data/IMG/center_2025_12_03_12_06_56_533.jpg,/Users/davidfeliperiveraguerra/dev/seneca/cv-project/data/IMG/left_2025_12_03_12_06_56_533.jpg,/Users/davidfeliperiveraguerra/dev/seneca/cv-project/data/IMG/right_2025_12_03_12_06_56_533.jpg,0,1,0,30.19028
/Users/davidfeliperiveraguerra/dev/seneca/cv-project/data/IMG/center_2025_12_03_12_06_56_600.jpg,/Users/davidfeliperiveraguerra/dev/seneca/cv-project/data/IMG/left_2025_12_03_12_06_56_600.jpg,/Users/davidfeliperiveraguerra/dev/seneca/cv-project/data/IMG/right_2025_12_03_12_06_56_600.jpg,-0.15,1,0,30.18471
/Users/davidfeliperiveraguerra/dev/seneca/cv-project/data/IMG/center_2025_12_03_12_06_56_673.jpg,/Users/davidfeliperiveraguerra/dev/seneca/cv-project/data/IMG/left_2025_12_03_12_06_56_673.jpg,/Users/davidfeliperiveraguerra/dev/seneca/cv-project/data/IMG/right_2025_12_03_12_06_56_673.jpg,0,1,0,30.18971
/Users/davidfeliperiveraguerra/dev/seneca/cv-project/data/IMG/center_2025_12_03_12_06_56_739.jpg,/Users/davidfeliperiveraguerra/dev/seneca/cv-project/data/IMG/left_2025_12_03_12_06_56_739.jpg,/Users/davidfeliperiveraguerra/dev/seneca/cv-project/data/IMG/right_2025_12_03_12_06_56_739.jpg,0,1,0,30.19028
/Users/davidfeliperiveraguerra/dev/seneca/cv-project/data/IMG/center_2025_12_03_12_06_56_811.jpg,/Users/davidfeliperiveraguerra/dev/seneca/cv-project/data/IMG/left_2025_12_03_12_06_56_811.jpg,/Users/davidfeliperiveraguerra/dev/seneca/cv-project/data/IMG/right_2025_12_03_12_06_56_811.jpg,0,1,0,30.19035
/Users/davidfeliperiveraguerra/dev/seneca/cv-project/data/IMG/center_2025_12_03_12_06_56_878.jpg,/Users/davidfeliperiveraguerra/dev/seneca/cv-project/data/IMG/left_2025_12_03_12_06_56_878.jpg,/Users/davidfeliperiveraguerra/dev/seneca/cv-project/data/IMG/right_2025_12_03_12_06_56_878.jpg,0,1,0,30.19036
/Users/davidfeliperiveraguerra/dev/seneca/cv-project/data/IMG/center_2025_12_03_12_06_56_950.jpg,/Users/davidfeliperiveraguerra/dev/seneca/cv-project/data/IMG/left_2025_12_03_12_06_56_950.jpg,/Users/davidfeliperiveraguerra/dev/seneca/cv-project/data/IMG/right_2025_12_03_12_06_56_950.jpg,0,1,0,30.1904
/Users/davidfeliperiveraguerra/dev/seneca/cv-project/data/IMG/center_2025_12_03_12_06_57_019.jpg,/Users/davidfeliperiveraguerra/dev/seneca/cv-project/data/IMG/left_2025_12_03_12_06_57_019.jpg,/Users/davidfeliperiveraguerra/dev/seneca/cv-project/data/IMG/right_2025_12_03_12_06_57_019.jpg,0,1,0,30.1904
/Users/davidfeliperiveraguerra/dev/seneca/cv-project/data/IMG/center_2025_12_03_12_06_57_091.jpg,/Users/davidfeliperiveraguerra/dev/seneca/cv-project/data/IMG/left_2025_12_03_12_06_57_091.jpg,/Users/davidfeliperiveraguerra/dev/seneca/cv-project/data/IMG/right_2025_12_03_12_06_57_091.jpg,0,1,0,30.19039
/Users/davidfeliperiveraguerra/dev/seneca/cv-project/data/IMG/center_2025_12_03_12_06_57_162.jpg,/Users/davidfeliperiveraguerra/dev/seneca/cv-project/data/IMG/left_2025_12_03_12_06_57_162.jpg,/Users/davidfeliperiveraguerra/dev/seneca/cv-project/data/IMG/right_2025_12_03_12_06_57_162.jpg,0,1,0,30.19038
/Users/davidfeliperiveraguerra/dev/seneca/cv-project/data/IMG/center_2025_12_03_12_06_57_233.jpg,/Users/davidfeliperiveraguerra/dev/seneca/cv-project/data/IMG/left_2025_12_03_12_06_57_233.jpg,/Users/davidfeliperiveraguerra/dev/seneca/cv-project/data/IMG/right_2025_12_03_12_06_57_233.jpg,0,1,0,30.1904
/Users/davidfeliperiveraguerra/dev/seneca/cv-project/data/IMG/center_2025_12_03_12_06_57_305.jpg,/Users/davidfeliperiveraguerra/dev/seneca/cv-project/data/IMG/left_2025_12_03_12_06_57_305.jpg,/Users/davidfeliperiveraguerra/dev/seneca/cv-project/data/IMG/right_2025_12_03_12_06_57_305.jpg,0,1,0,30.19003
/Users/davidfeliperiveraguerra/dev/seneca/cv-project/data/IMG/center_2025_12_03_12_06_57_375.jpg,/Users/davidfeliperiveraguerra/dev/seneca/cv-project/data/IMG/left_2025_12_03_12_06_57_375.jpg,/Users/davidfeliperiveraguerra/dev/seneca/cv-project/data/IMG/right_2025_12_03_12_06_57_375.jpg,0,1,0,30.19021
/Users/davidfeliperiveraguerra/dev/seneca/cv-project/data/IMG/center_2025_12_03_12_06_57_446.jpg,/Users/davidfeliperiveraguerra/dev/seneca/cv-project/data/IMG/left_2025_12_03_12_06_57_446.jpg,/Users/davidfeliperiveraguerra/dev/seneca/cv-project/data/IMG/right_2025_12_03_12_06_57_446.jpg,0,1,0,30.19031
/Users/davidfeliperiveraguerra/dev/seneca/cv-project/data/IMG/center_2025_12_03_12_06_57_513.jpg,/Users/davidfeliperiveraguerra/dev/seneca/cv-project/data/IMG/left_2025_12_03_12_06_57_513.jpg,/Users/davidfeliperiveraguerra/dev/seneca/cv-project/data/IMG/right_2025_12_03_12_06_57_513.jpg,0,1,0,30.19
/Users/davidfeliperiveraguerra/dev/seneca/cv-project/data/IMG/center_2025_12_03_12_06_57_580.jpg,/Users/davidfeliperiveraguerra/dev/seneca/cv-project/data/IMG/left_2025_12_03_12_06_57_580.jpg,/Users/davidfeliperiveraguerra/dev/seneca/cv-project/data/IMG/right_2025_12_03_12_06_57_580.jpg,0,1,0,30.19011
/Users/davidfeliperiveraguerra/dev/seneca/cv-project/data/IMG/center_2025_12_03_12_06_57_650.jpg,/Users/davidfeliperiveraguerra/dev/seneca/cv-project/data/IMG/left_2025_12_03_12_06_57_650.jpg,/Users/davidfeliperiveraguerra/dev/seneca/cv-project/data/IMG/right_2025_12_03_12_06_57_650.jpg,-0.1,1,0,30.18777
/Users/davidfeliperiveraguerra/dev/seneca/cv-project/data/IMG/center_2025_12_03_12_06_57_718.jpg,/Users/davidfeliperiveraguerra/dev/seneca/cv-project/data/IMG/left_2025_12_03_12_06_57_718.jpg,/Users/davidfeliperiveraguerra/dev/seneca/cv-project/data/IMG/right_2025_12_03_12_06_57_718.jpg,0,1,0,30.18719
/Users/davidfeliperiveraguerra/dev/seneca/cv-project/data/IMG/center_2025_12_03_12_06_57_786.jpg,/Users/davidfeliperiveraguerra/dev/seneca/cv-project/data/IMG/left_2025_12_03_12_06_57_786.jpg,/Users/davidfeliperiveraguerra/dev/seneca/cv-project/data/IMG/right_2025_12_03_12_06_57_786.jpg,0,1,0,30.19009
/Users/davidfeliperiveraguerra/dev/seneca/cv-project/data/IMG/center_2025_12_03_12_06_57_857.jpg,/Users/davidfeliperiveraguerra/dev/seneca/cv-project/data/IMG/left_2025_12_03_12_06_57_857.jpg,/Users/davidfeliperiveraguerra/dev/seneca/cv-project/data/IMG/right_2025_12_03_12_06_57_857.jpg,0,1,0,30.19025
/Users/davidfeliperiveraguerra/dev/seneca/cv-project/data/IMG/center_2025_12_03_12_06_57_926.jpg,/Users/davidfeliperiveraguerra/dev/seneca/cv-project/data/IMG/left_2025_12_03_12_06_57_926.jpg,/Users/davidfeliperiveraguerra/dev/seneca/cv-project/data/IMG/right_2025_12_03_12_06_57_926.jpg,0,1,0,30.19026
/Users/davidfeliperiveraguerra/dev/seneca/cv-project/data/IMG/center_2025_12_03_12_06_57_997.jpg,/Users/davidfeliperiveraguerra/dev/seneca/cv-project/data/IMG/left_2025_12_03_12_06_57_997.jpg,/Users/davidfeliperiveraguerra/dev/seneca/cv-project/data/IMG/right_2025_12_03_12_06_57_997.jpg,0,1,0,30.19032
/Users/davidfeliperiveraguerra/dev/seneca/cv-project/data/IMG/center_2025_12_03_12_06_58_067.jpg,/Users/davidfeliperiveraguerra/dev/seneca/cv-project/data/IMG/left_2025_12_03_12_06_58_067.jpg,/Users/davidfeliperiveraguerra/dev/seneca/cv-project/data/IMG/right_2025_12_03_12_06_58_067.jpg,0,1,0,30.1903
/Users/davidfeliperiveraguerra/dev/seneca/cv-project/data/IMG/center_2025_12_03_12_06_58_133.jpg,/Users/davidfeliperiveraguerra/dev/seneca/cv-project/data/IMG/left_2025_12_03_12_06_58_133.jpg,/Users/davidfeliperiveraguerra/dev/seneca/cv-project/data/IMG/right_2025_12_03_12_06_58_133.jpg,0,1,0,30.19033
/Users/davidfeliperiveraguerra/dev/seneca/cv-project/data/IMG/center_2025_12_03_12_06_58_202.jpg,/Users/davidfeliperiveraguerra/dev/seneca/cv-project/data/IMG/left_2025_12_03_12_06_58_202.jpg,/Users/davidfeliperiveraguerra/dev/seneca/cv-project/data/IMG/right_2025_12_03_12_06_58_202.jpg,0,1,0,30.19029
/Users/davidfeliperiveraguerra/dev/seneca/cv-project/data/IMG/center_2025_12_03_12_06_58_269.jpg,/Users/davidfeliperiveraguerra/dev/seneca/cv-project/data/IMG/left_2025_12_03_12_06_58_269.jpg,/Users/davidfeliperiveraguerra/dev/seneca/cv-project/data/IMG/right_2025_12_03_12_06_58_269.jpg,0,1,0,30.1903
/Users/davidfeliperiveraguerra/dev/seneca/cv-project/data/IMG/center_2025_12_03_12_06_58_340.jpg,/Users/davidfeliperiveraguerra/dev/seneca/cv-project/data/IMG/left_2025_12_03_12_06_58_340.jpg,/Users/davidfeliperiveraguerra/dev/seneca/cv-project/data/IMG/right_2025_12_03_12_06_58_340.jpg,0,1,0,30.19031
/Users/davidfeliperiveraguerra/dev/seneca/cv-project/data/IMG/center_2025_12_03_12_06_58_410.jpg,/Users/davidfeliperiveraguerra/dev/seneca/cv-project/data/IMG/left_2025_12_03_12_06_58_410.jpg,/Users/davidfeliperiveraguerra/dev/seneca/cv-project/data/IMG/right_2025_12_03_12_06_58_410.jpg,0,1,0,30.19034
/Users/davidfeliperiveraguerra/dev/seneca/cv-project/data/IMG/center_2025_12_03_12_06_58_478.jpg,/Users/davidfeliperiveraguerra/dev/seneca/cv-project/data/IMG/left_2025_12_03_12_06_58_478.jpg,/Users/davidfeliperiveraguerra/dev/seneca/cv-project/data/IMG/right_2025_12_03_12_06_58_478.jpg,0,1,0,30.1903
/Users/davidfeliperiveraguerra/dev/seneca/cv-project/data/IMG/center_2025_12_03_12_06_58_550.jpg,/Users/davidfeliperiveraguerra/dev/seneca/cv-project/data/IMG/left_2025_12_03_12_06_58_550.jpg,/Users/davidfeliperiveraguerra/dev/seneca/cv-project/data/IMG/right_2025_12_03_12_06_58_550.jpg,-0.05,1,0,30.18979
/Users/davidfeliperiveraguerra/dev/seneca/cv-project/data/IMG/center_2025_12_03_12_06_58_618.jpg,/Users/davidfeliperiveraguerra/dev/seneca/cv-project/data/IMG/left_2025_12_03_12_06_58_618.jpg,/Users/davidfeliperiveraguerra/dev/seneca/cv-project/data/IMG/right_2025_12_03_12_06_58_618.jpg,-0.2,1,0,30.18022
/Users/davidfeliperiveraguerra/dev/seneca/cv-project/data/IMG/center_2025_12_03_12_06_58_686.jpg,/Users/davidfeliperiveraguerra/dev/seneca/cv-project/data/IMG/left_2025_12_03_12_06_58_686.jpg,/Users/davidfeliperiveraguerra/dev/seneca/cv-project/data/IMG/right_2025_12_03_12_06_58_686.jpg,0,1,0,30.18912
/Users/davidfeliperiveraguerra/dev/seneca/cv-project/data/IMG/center_2025_12_03_12_06_58_757.jpg,/Users/davidfeliperiveraguerra/dev/seneca/cv-project/data/IMG/left_2025_12_03_12_06_58_757.jpg,/Users/davidfeliperiveraguerra/dev/seneca/cv-project/data/IMG/right_2025_12_03_12_06_58_757.jpg,0,1,0,30.19004
/Users/davidfeliperiveraguerra/dev/seneca/cv-project/data/IMG/center_2025_12_03_12_06_58_826.jpg,/Users/davidfeliperiveraguerra/dev/seneca/cv-project/data/IMG/left_2025_12_03_12_06_58_826.jpg,/Users/davidfeliperiveraguerra/dev/seneca/cv-project/data/IMG/right_2025_12_03_12_06_58_826.jpg,0,1,0,30.18995
/Users/davidfeliperiveraguerra/dev/seneca/cv-project/data/IMG/center_2025_12_03_12_06_58_895.jpg,/Users/davidfeliperiveraguerra/dev/seneca/cv-project/data/IMG/left_2025_12_03_12_06_58_895.jpg,/Users/davidfeliperiveraguerra/dev/seneca/cv-project/data/IMG/right_2025_12_03_12_06_58_895.jpg,0,1,0,30.1901
/Users/davidfeliperiveraguerra/dev/seneca/cv-project/data/IMG/center_2025_12_03_12_06_58_962.jpg,/Users/davidfeliperiveraguerra/dev/seneca/cv-project/data/IMG/left_2025_12_03_12_06_58_962.jpg,/Users/davidfeliperiveraguerra/dev/seneca/cv-project/data/IMG/right_2025_12_03_12_06_58_962.jpg,0,1,0,30.19024
/Users/davidfeliperiveraguerra/dev/seneca/cv-project/data/IMG/center_2025_12_03_12_06_59_030.jpg,/Users/davidfeliperiveraguerra/dev/seneca/cv-project/data/IMG/left_2025_12_03_12_06_59_030.jpg,/Users/davidfeliperiveraguerra/dev/seneca/cv-project/data/IMG/right_2025_12_03_12_06_59_030.jpg,0,1,0,30.19022
/Users/davidfeliperiveraguerra/dev/seneca/cv-project/data/IMG/center_2025_12_03_12_06_59_099.jpg,/Users/davidfeliperiveraguerra/dev/seneca/cv-project/data/IMG/left_2025_12_03_12_06_59_099.jpg,/Users/davidfeliperiveraguerra/dev/seneca/cv-project/data/IMG/right_2025_12_03_12_06_59_099.jpg,-0.1,1,0,30.18795
/Users/davidfeliperiveraguerra/dev/seneca/cv-project/data/IMG/center_2025_12_03_12_06_59_167.jpg,/Users/davidfeliperiveraguerra/dev/seneca/cv-project/data/IMG/left_2025_12_03_12_06_59_167.jpg,/Users/davidfeliperiveraguerra/dev/seneca/cv-project/data/IMG/right_2025_12_03_12_06_59_167.jpg,-0.3,1,0,30.16988
/Users/davidfeliperiveraguerra/dev/seneca/cv-project/data/IMG/center_2025_12_03_12_06_59_236.jpg,/Users/davidfeliperiveraguerra/dev/seneca/cv-project/data/IMG/left_2025_12_03_12_06_59_236.jpg,/Users/davidfeliperiveraguerra/dev/seneca/cv-project/data/IMG/right_2025_12_03_12_06_59_236.jpg,0,1,0,30.18879
/Users/davidfeliperiveraguerra/dev/seneca/cv-project/data/IMG/center_2025_12_03_12_06_59_305.jpg,/Users/davidfeliperiveraguerra/dev/seneca/cv-project/data/IMG/left_2025_12_03_12_06_59_305.jpg,/Users/davidfeliperiveraguerra/dev/seneca/cv-project/data/IMG/right_2025_12_03_12_06_59_305.jpg,0,1,0,30.19009
/Users/davidfeliperiveraguerra/dev/seneca/cv-project/data/IMG/center_2025_12_03_12_06_59_371.jpg,/Users/davidfeliperiveraguerra/dev/seneca/cv-project/data/IMG/left_2025_12_03_12_06_59_371.jpg,/Users/davidfeliperiveraguerra/dev/seneca/cv-project/data/IMG/right_2025_12_03_12_06_59_371.jpg,0,1,0,30.19035
/Users/davidfeliperiveraguerra/dev/seneca/cv-project/data/IMG/center_2025_12_03_12_06_59_440.jpg,/Users/davidfeliperiveraguerra/dev/seneca/cv-project/data/IMG/left_2025_12_03_12_06_59_440.jpg,/Users/davidfeliperiveraguerra/dev/seneca/cv-project/data/IMG/right_2025_12_03_12_06_59_440.jpg,0,1,0,30.19043
/Users/davidfeliperiveraguerra/dev/seneca/cv-project/data/IMG/center_2025_12_03_12_06_59_510.jpg,/Users/davidfeliperiveraguerra/dev/seneca/cv-project/data/IMG/left_2025_12_03_12_06_59_510.jpg,/Users/davidfeliperiveraguerra/dev/seneca/cv-project/data/IMG/right_2025_12_03_12_06_59_510.jpg,0,1,0,30.19041
/Users/davidfeliperiveraguerra/dev/seneca/cv-project/data/IMG/center_2025_12_03_12_06_59_578.jpg,/Users/davidfeliperiveraguerra/dev/seneca/cv-project/data/IMG/left_2025_12_03_12_06_59_578.jpg,/Users/davidfeliperiveraguerra/dev/seneca/cv-project/data/IMG/right_2025_12_03_12_06_59_578.jpg,0,1,0,30.19043
/Users/davidfeliperiveraguerra/dev/seneca/cv-project/data/IMG/center_2025_12_03_12_06_59_645.jpg,/Users/davidfeliperiveraguerra/dev/seneca/cv-project/data/IMG/left_2025_12_03_12_06_59_645.jpg,/Users/davidfeliperiveraguerra/dev/seneca/cv-project/data/IMG/right_2025_12_03_12_06_59_645.jpg,0,1,0,30.19049
/Users/davidfeliperiveraguerra/dev/seneca/cv-project/data/IMG/center_2025_12_03_12_06_59_712.jpg,/Users/davidfeliperiveraguerra/dev/seneca/cv-project/data/IMG/left_2025_12_03_12_06_59_712.jpg,/Users/davidfeliperiveraguerra/dev/seneca/cv-project/data/IMG/right_2025_12_03_12_06_59_712.jpg,0,1,0,30.19031
/Users/davidfeliperiveraguerra/dev/seneca/cv-project/data/IMG/center_2025_12_03_12_06_59_779.jpg,/Users/davidfeliperiveraguerra/dev/seneca/cv-project/data/IMG/left_2025_12_03_12_06_59_779.jpg,/Users/davidfeliperiveraguerra/dev/seneca/cv-project/data/IMG/right_2025_12_03_12_06_59_779.jpg,0,1,0,30.19029
/Users/davidfeliperiveraguerra/dev/seneca/cv-project/data/IMG/center_2025_12_03_12_06_59_850.jpg,/Users/davidfeliperiveraguerra/dev/seneca/cv-project/data/IMG/left_2025_12_03_12_06_59_850.jpg,/Users/davidfeliperiveraguerra/dev/seneca/cv-project/data/IMG/right_2025_12_03_12_06_59_850.jpg,0,1,0,30.19028
/Users/davidfeliperiveraguerra/dev/seneca/cv-project/data/IMG/center_2025_12_03_12_06_59_917.jpg,/Users/davidfeliperiveraguerra/dev/seneca/cv-project/data/IMG/left_2025_12_03_12_06_59_917.jpg,/Users/davidfeliperiveraguerra/dev/seneca/cv-project/data/IMG/right_2025_12_03_12_06_59_917.jpg,0,1,0,30.19007
/Users/davidfeliperiveraguerra/dev/seneca/cv-project/data/IMG/center_2025_12_03_12_06_59_986.jpg,/Users/davidfeliperiveraguerra/dev/seneca/cv-project/data/IMG/left_2025_12_03_12_06_59_986.jpg,/Users/davidfeliperiveraguerra/dev/seneca/cv-project/data/IMG/right_2025_12_03_12_06_59_986.jpg,0,1,0,30.19027
/Users/davidfeliperiveraguerra/dev/seneca/cv-project/data/IMG/center_2025_12_03_12_07_00_058.jpg,/Users/davidfeliperiveraguerra/dev/seneca/cv-project/data/IMG/left_2025_12_03_12_07_00_058.jpg,/Users/davidfeliperiveraguerra/dev/seneca/cv-project/data/IMG/right_2025_12_03_12_07_00_058.jpg,0,1,0,30.19025
/Users/davidfeliperiveraguerra/dev/seneca/cv-project/data/IMG/center_2025_12_03_12_07_00_126.jpg,/Users/davidfeliperiveraguerra/dev/seneca/cv-project/data/IMG/left_2025_12_03_12_07_00_126.jpg,/Users/davidfeliperiveraguerra/dev/seneca/cv-project/data/IMG/right_2025_12_03_12_07_00_126.jpg,0,1,0,30.19044
/Users/davidfeliperiveraguerra/dev/seneca/cv-project/data/IMG/center_2025_12_03_12_07_00_196.jpg,/Users/davidfeliperiveraguerra/dev/seneca/cv-project/data/IMG/left_2025_12_03_12_07_00_196.jpg,/Users/davidfeliperiveraguerra/dev/seneca/cv-project/data/IMG/right_2025_12_03_12_07_00_196.jpg,0,1,0,30.1902
/Users/davidfeliperiveraguerra/dev/seneca/cv-project/data/IMG/center_2025_12_03_12_07_00_269.jpg,/Users/davidfeliperiveraguerra/dev/seneca/cv-project/data/IMG/left_2025_12_03_12_07_00_269.jpg,/Users/davidfeliperiveraguerra/dev/seneca/cv-project/data/IMG/right_2025_12_03_12_07_00_269.jpg,0,1,0,30.19022
/Users/davidfeliperiveraguerra/dev/seneca/cv-project/data/IMG/center_2025_12_03_12_07_00_341.jpg,/Users/davidfeliperiveraguerra/dev/seneca/cv-project/data/IMG/left_2025_12_03_12_07_00_341.jpg,/Users/davidfeliperiveraguerra/dev/seneca/cv-project/data/IMG/right_2025_12_03_12_07_00_341.jpg,0,1,0,30.1904
/Users/davidfeliperiveraguerra/dev/seneca/cv-project/data/IMG/center_2025_12_03_12_07_00_412.jpg,/Users/davidfeliperiveraguerra/dev/seneca/cv-project/data/IMG/left_2025_12_03_12_07_00_412.jpg,/Users/davidfeliperiveraguerra/dev/seneca/cv-project/data/IMG/right_2025_12_03_12_07_00_412.jpg,0,1,0,30.19011
/Users/davidfeliperiveraguerra/dev/seneca/cv-project/data/IMG/center_2025_12_03_12_07_00_479.jpg,/Users/davidfeliperiveraguerra/dev/seneca/cv-project/data/IMG/left_2025_12_03_12_07_00_479.jpg,/Users/davidfeliperiveraguerra/dev/seneca/cv-project/data/IMG/right_2025_12_03_12_07_00_479.jpg,-0.1,1,0,30.18771
/Users/davidfeliperiveraguerra/dev/seneca/cv-project/data/IMG/center_2025_12_03_12_07_00_551.jpg,/Users/davidfeliperiveraguerra/dev/seneca/cv-project/data/IMG/left_2025_12_03_12_07_00_551.jpg,/Users/davidfeliperiveraguerra/dev/seneca/cv-project/data/IMG/right_2025_12_03_12_07_00_551.jpg,-0.3,1,0,30.16962
/Users/davidfeliperiveraguerra/dev/seneca/cv-project/data/IMG/center_2025_12_03_12_07_00_619.jpg,/Users/davidfeliperiveraguerra/dev/seneca/cv-project/data/IMG/left_2025_12_03_12_07_00_619.jpg,/Users/davidfeliperiveraguerra/dev/seneca/cv-project/data/IMG/right_2025_12_03_12_07_00_619.jpg,0,1,0,30.18873
/Users/davidfeliperiveraguerra/dev/seneca/cv-project/data/IMG/center_2025_12_03_12_07_00_692.jpg,/Users/davidfeliperiveraguerra/dev/seneca/cv-project/data/IMG/left_2025_12_03_12_07_00_692.jpg,/Users/davidfeliperiveraguerra/dev/seneca/cv-project/data/IMG/right_2025_12_03_12_07_00_692.jpg,0,1,0,30.1901
/Users/davidfeliperiveraguerra/dev/seneca/cv-project/data/IMG/center_2025_12_03_12_07_00_764.jpg,/Users/davidfeliperiveraguerra/dev/seneca/cv-project/data/IMG/left_2025_12_03_12_07_00_764.jpg,/Users/davidfeliperiveraguerra/dev/seneca/cv-project/data/IMG/right_2025_12_03_12_07_00_764.jpg,0,1,0,30.19032
/Users/davidfeliperiveraguerra/dev/seneca/cv-project/data/IMG/center_2025_12_03_12_07_00_837.jpg,/Users/davidfeliperiveraguerra/dev/seneca/cv-project/data/IMG/left_2025_12_03_12_07_00_837.jpg,/Users/davidfeliperiveraguerra/dev/seneca/cv-project/data/IMG/right_2025_12_03_12_07_00_837.jpg,0,1,0,30.19039
/Users/davidfeliperiveraguerra/dev/seneca/cv-project/data/IMG/center_2025_12_03_12_07_00_907.jpg,/Users/davidfeliperiveraguerra/dev/seneca/cv-project/data/IMG/left_2025_12_03_12_07_00_907.jpg,/Users/davidfeliperiveraguerra/dev/seneca/cv-project/data/IMG/right_2025_12_03_12_07_00_907.jpg,0,1,0,30.19036
/Users/davidfeliperiveraguerra/dev/seneca/cv-project/data/IMG/center_2025_12_03_12_07_00_981.jpg,/Users/davidfeliperiveraguerra/dev/seneca/cv-project/data/IMG/left_2025_12_03_12_07_00_981.jpg,/Users/davidfeliperiveraguerra/dev/seneca/cv-project/data/IMG/right_2025_12_03_12_07_00_981.jpg,0,1,0,30.19073
/Users/davidfeliperiveraguerra/dev/seneca/cv-project/data/IMG/center_2025_12_03_12_07_01_051.jpg,/Users/davidfeliperiveraguerra/dev/seneca/cv-project/data/IMG/left_2025_12_03_12_07_01_051.jpg,/Users/davidfeliperiveraguerra/dev/seneca/cv-project/data/IMG/right_2025_12_03_12_07_01_051.jpg,0,1,0,30.19027
/Users/davidfeliperiveraguerra/dev/seneca/cv-project/data/IMG/center_2025_12_03_12_07_01_124.jpg,/Users/davidfeliperiveraguerra/dev/seneca/cv-project/data/IMG/left_2025_12_03_12_07_01_124.jpg,/Users/davidfeliperiveraguerra/dev/seneca/cv-project/data/IMG/right_2025_12_03_12_07_01_124.jpg,0,1,0,30.19014
/Users/davidfeliperiveraguerra/dev/seneca/cv-project/data/IMG/center_2025_12_03_12_07_01_196.jpg,/Users/davidfeliperiveraguerra/dev/seneca/cv-project/data/IMG/left_2025_12_03_12_07_01_196.jpg,/Users/davidfeliperiveraguerra/dev/seneca/cv-project/data/IMG/right_2025_12_03_12_07_01_196.jpg,0,1,0,30.19025
/Users/davidfeliperiveraguerra/dev/seneca/cv-project/data/IMG/center_2025_12_03_12_07_01_268.jpg,/Users/davidfeliperiveraguerra/dev/seneca/cv-project/data/IMG/left_2025_12_03_12_07_01_268.jpg,/Users/davidfeliperiveraguerra/dev/seneca/cv-project/data/IMG/right_2025_12_03_12_07_01_268.jpg,0,1,0,30.19012
/Users/davidfeliperiveraguerra/dev/seneca/cv-project/data/IMG/center_2025_12_03_12_07_01_335.jpg,/Users/davidfeliperiveraguerra/dev/seneca/cv-project/data/IMG/left_2025_12_03_12_07_01_335.jpg,/Users/davidfeliperiveraguerra/dev/seneca/cv-project/data/IMG/right_2025_12_03_12_07_01_335.jpg,0,1,0,30.19038
/Users/davidfeliperiveraguerra/dev/seneca/cv-project/data/IMG/center_2025_12_03_12_07_01_408.jpg,/Users/davidfeliperiveraguerra/dev/seneca/cv-project/data/IMG/left_2025_12_03_12_07_01_408.jpg,/Users/davidfeliperiveraguerra/dev/seneca/cv-project/data/IMG/right_2025_12_03_12_07_01_408.jpg,0,1,0,30.18998
/Users/davidfeliperiveraguerra/dev/seneca/cv-project/data/IMG/center_2025_12_03_12_07_01_474.jpg,/Users/davidfeliperiveraguerra/dev/seneca/cv-project/data/IMG/left_2025_12_03_12_07_01_474.jpg,/Users/davidfeliperiveraguerra/dev/seneca/cv-project/data/IMG/right_2025_12_03_12_07_01_474.jpg,0,1,0,30.19007
/Users/davidfeliperiveraguerra/dev/seneca/cv-project/data/IMG/center_2025_12_03_12_07_01_546.jpg,/Users/davidfeliperiveraguerra/dev/seneca/cv-project/data/IMG/left_2025_12_03_12_07_01_546.jpg,/Users/davidfeliperiveraguerra/dev/seneca/cv-project/data/IMG/right_2025_12_03_12_07_01_546.jpg,0,1,0,30.19011
/Users/davidfeliperiveraguerra/dev/seneca/cv-project/data/IMG/center_2025_12_03_12_07_01_616.jpg,/Users/davidfeliperiveraguerra/dev/seneca/cv-project/data/IMG/left_2025_12_03_12_07_01_616.jpg,/Users/davidfeliperiveraguerra/dev/seneca/cv-project/data/IMG/right_2025_12_03_12_07_01_616.jpg,0,1,0,30.19021
/Users/davidfeliperiveraguerra/dev/seneca/cv-project/data/IMG/center_2025_12_03_12_07_01_685.jpg,/Users/davidfeliperiveraguerra/dev/seneca/cv-project/data/IMG/left_2025_12_03_12_07_01_685.jpg,/Users/davidfeliperiveraguerra/dev/seneca/cv-project/data/IMG/right_2025_12_03_12_07_01_685.jpg,0,1,0,30.19014
/Users/davidfeliperiveraguerra/dev/seneca/cv-project/data/IMG/center_2025_12_03_12_07_01_755.jpg,/Users/davidfeliperiveraguerra/dev/seneca/cv-project/data/IMG/left_2025_12_03_12_07_01_755.jpg,/Users/davidfeliperiveraguerra/dev/seneca/cv-project/data/IMG/right_2025_12_03_12_07_01_755.jpg,0,1,0,30.19016
/Users/davidfeliperiveraguerra/dev/seneca/cv-project/data/IMG/center_2025_12_03_12_07_01_829.jpg,/Users/davidfeliperiveraguerra/dev/seneca/cv-project/data/IMG/left_2025_12_03_12_07_01_829.jpg,/Users/davidfeliperiveraguerra/dev/seneca/cv-project/data/IMG/right_2025_12_03_12_07_01_829.jpg,-0.2,1,0,30.18007
/Users/davidfeliperiveraguerra/dev/seneca/cv-project/data/IMG/center_2025_12_03_12_07_01_896.jpg,/Users/davidfeliperiveraguerra/dev/seneca/cv-project/data/IMG/left_2025_12_03_12_07_01_896.jpg,/Users/davidfeliperiveraguerra/dev/seneca/cv-project/data/IMG/right_2025_12_03_12_07_01_896.jpg,0,1,0,30.19071
/Users/davidfeliperiveraguerra/dev/seneca/cv-project/data/IMG/center_2025_12_03_12_07_01_968.jpg,/Users/davidfeliperiveraguerra/dev/seneca/cv-project/data/IMG/left_2025_12_03_12_07_01_968.jpg,/Users/davidfeliperiveraguerra/dev/seneca/cv-project/data/IMG/right_2025_12_03_12_07_01_968.jpg,0,1,0,30.19008
/Users/davidfeliperiveraguerra/dev/seneca/cv-project/data/IMG/center_2025_12_03_12_07_02_039.jpg,/Users/davidfeliperiveraguerra/dev/seneca/cv-project/data/IMG/left_2025_12_03_12_07_02_039.jpg,/Users/davidfeliperiveraguerra/dev/seneca/cv-project/data/IMG/right_2025_12_03_12_07_02_039.jpg,0,1,0,30.19016
/Users/davidfeliperiveraguerra/dev/seneca/cv-project/data/IMG/center_2025_12_03_12_07_02_108.jpg,/Users/davidfeliperiveraguerra/dev/seneca/cv-project/data/IMG/left_2025_12_03_12_07_02_108.jpg,/Users/davidfeliperiveraguerra/dev/seneca/cv-project/data/IMG/right_2025_12_03_12_07_02_108.jpg,0,1,0,30.19024
/Users/davidfeliperiveraguerra/dev/seneca/cv-project/data/IMG/center_2025_12_03_12_07_02_175.jpg,/Users/davidfeliperiveraguerra/dev/seneca/cv-project/data/IMG/left_2025_12_03_12_07_02_175.jpg,/Users/davidfeliperiveraguerra/dev/seneca/cv-project/data/IMG/right_2025_12_03_12_07_02_175.jpg,0,1,0,30.19022
/Users/davidfeliperiveraguerra/dev/seneca/cv-project/data/IMG/center_2025_12_03_12_07_02_246.jpg,/Users/davidfeliperiveraguerra/dev/seneca/cv-project/data/IMG/left_2025_12_03_12_07_02_246.jpg,/Users/davidfeliperiveraguerra/dev/seneca/cv-project/data/IMG/right_2025_12_03_12_07_02_246.jpg,0,1,0,30.19032
/Users/davidfeliperiveraguerra/dev/seneca/cv-project/data/IMG/center_2025_12_03_12_07_02_313.jpg,/Users/davidfeliperiveraguerra/dev/seneca/cv-project/data/IMG/left_2025_12_03_12_07_02_313.jpg,/Users/davidfeliperiveraguerra/dev/seneca/cv-project/data/IMG/right_2025_12_03_12_07_02_313.jpg,0,1,0,30.18947
/Users/davidfeliperiveraguerra/dev/seneca/cv-project/data/IMG/center_2025_12_03_12_07_02_381.jpg,/Users/davidfeliperiveraguerra/dev/seneca/cv-project/data/IMG/left_2025_12_03_12_07_02_381.jpg,/Users/davidfeliperiveraguerra/dev/seneca/cv-project/data/IMG/right_2025_12_03_12_07_02_381.jpg,-0.1,1,0,30.18759
/Users/davidfeliperiveraguerra/dev/seneca/cv-project/data/IMG/center_2025_12_03_12_07_02_451.jpg,/Users/davidfeliperiveraguerra/dev/seneca/cv-project/data/IMG/left_2025_12_03_12_07_02_451.jpg,/Users/davidfeliperiveraguerra/dev/seneca/cv-project/data/IMG/right_2025_12_03_12_07_02_451.jpg,-0.3,1,0,30.16962
/Users/davidfeliperiveraguerra/dev/seneca/cv-project/data/IMG/center_2025_12_03_12_07_02_518.jpg,/Users/davidfeliperiveraguerra/dev/seneca/cv-project/data/IMG/left_2025_12_03_12_07_02_518.jpg,/Users/davidfeliperiveraguerra/dev/seneca/cv-project/data/IMG/right_2025_12_03_12_07_02_518.jpg,0,1,0,30.18977
/Users/davidfeliperiveraguerra/dev/seneca/cv-project/data/IMG/center_2025_12_03_12_07_02_585.jpg,/Users/davidfeliperiveraguerra/dev/seneca/cv-project/data/IMG/left_2025_12_03_12_07_02_585.jpg,/Users/davidfeliperiveraguerra/dev/seneca/cv-project/data/IMG/right_2025_12_03_12_07_02_585.jpg,0,1,0,30.18955
/Users/davidfeliperiveraguerra/dev/seneca/cv-project/data/IMG/center_2025_12_03_12_07_02_652.jpg,/Users/davidfeliperiveraguerra/dev/seneca/cv-project/data/IMG/left_2025_12_03_12_07_02_652.jpg,/Users/davidfeliperiveraguerra/dev/seneca/cv-project/data/IMG/right_2025_12_03_12_07_02_652.jpg,0,1,0,30.19
/Users/davidfeliperiveraguerra/dev/seneca/cv-project/data/IMG/center_2025_12_03_12_07_02_718.jpg,/Users/davidfeliperiveraguerra/dev/seneca/cv-project/data/IMG/left_2025_12_03_12_07_02_718.jpg,/Users/davidfeliperiveraguerra/dev/seneca/cv-project/data/IMG/right_2025_12_03_12_07_02_718.jpg,0,1,0,30.19017
/Users/davidfeliperiveraguerra/dev/seneca/cv-project/data/IMG/center_2025_12_03_12_07_02_786.jpg,/Users/davidfeliperiveraguerra/dev/seneca/cv-project/data/IMG/left_2025_12_03_12_07_02_786.jpg,/Users/davidfeliperiveraguerra/dev/seneca/cv-project/data/IMG/right_2025_12_03_12_07_02_786.jpg,-0.05,1,0,30.18984
/Users/davidfeliperiveraguerra/dev/seneca/cv-project/data/IMG/center_2025_12_03_12_07_02_858.jpg,/Users/davidfeliperiveraguerra/dev/seneca/cv-project/data/IMG/left_2025_12_03_12_07_02_858.jpg,/Users/davidfeliperiveraguerra/dev/seneca/cv-project/data/IMG/right_2025_12_03_12_07_02_858.jpg,-0.2,1,0,30.18085
/Users/davidfeliperiveraguerra/dev/seneca/cv-project/data/IMG/center_2025_12_03_12_07_02_925.jpg,/Users/davidfeliperiveraguerra/dev/seneca/cv-project/data/IMG/left_2025_12_03_12_07_02_925.jpg,/Users/davidfeliperiveraguerra/dev/seneca/cv-project/data/IMG/right_2025_12_03_12_07_02_925.jpg,-0.4,1,0,30.15869
/Users/davidfeliperiveraguerra/dev/seneca/cv-project/data/IMG/center_2025_12_03_12_07_02_993.jpg,/Users/davidfeliperiveraguerra/dev/seneca/cv-project/data/IMG/left_2025_12_03_12_07_02_993.jpg,/Users/davidfeliperiveraguerra/dev/seneca/cv-project/data/IMG/right_2025_12_03_12_07_02_993.jpg,0,1,0,30.18727
/Users/davidfeliperiveraguerra/dev/seneca/cv-project/data/IMG/center_2025_12_03_12_07_03_064.jpg,/Users/davidfeliperiveraguerra/dev/seneca/cv-project/data/IMG/left_2025_12_03_12_07_03_064.jpg,/Users/davidfeliperiveraguerra/dev/seneca/cv-project/data/IMG/right_2025_12_03_12_07_03_064.jpg,0,1,0,30.18953
/Users/davidfeliperiveraguerra/dev/seneca/cv-project/data/IMG/center_2025_12_03_12_07_03_134.jpg,/Users/davidfeliperiveraguerra/dev/seneca/cv-project/data/IMG/left_2025_12_03_12_07_03_134.jpg,/Users/davidfeliperiveraguerra/dev/seneca/cv-project/data/IMG/right_2025_12_03_12_07_03_134.jpg,0,1,0,30.19022
/Users/davidfeliperiveraguerra/dev/seneca/cv-project/data/IMG/center_2025_12_03_12_07_03_201.jpg,/Users/davidfeliperiveraguerra/dev/seneca/cv-project/data/IMG/left_2025_12_03_12_07_03_201.jpg,/Users/davidfeliperiveraguerra/dev/seneca/cv-project/data/IMG/right_2025_12_03_12_07_03_201.jpg,0,1,0,30.19049
/Users/davidfeliperiveraguerra/dev/seneca/cv-project/data/IMG/center_2025_12_03_12_07_03_272.jpg,/Users/davidfeliperiveraguerra/dev/seneca/cv-project/data/IMG/left_2025_12_03_12_07_03_272.jpg,/Users/davidfeliperiveraguerra/dev/seneca/cv-project/data/IMG/right_2025_12_03_12_07_03_272.jpg,0,1,0,30.19053
/Users/davidfeliperiveraguerra/dev/seneca/cv-project/data/IMG/center_2025_12_03_12_07_03_339.jpg,/Users/davidfeliperiveraguerra/dev/seneca/cv-project/data/IMG/left_2025_12_03_12_07_03_339.jpg,/Users/davidfeliperiveraguerra/dev/seneca/cv-project/data/IMG/right_2025_12_03_12_07_03_339.jpg,0,1,0,30.19061
/Users/davidfeliperiveraguerra/dev/seneca/cv-project/data/IMG/center_2025_12_03_12_07_03_410.jpg,/Users/davidfeliperiveraguerra/dev/seneca/cv-project/data/IMG/left_2025_12_03_12_07_03_410.jpg,/Users/davidfeliperiveraguerra/dev/seneca/cv-project/data/IMG/right_2025_12_03_12_07_03_410.jpg,0,1,0,30.19017
/Users/davidfeliperiveraguerra/dev/seneca/cv-project/data/IMG/center_2025_12_03_12_07_03_481.jpg,/Users/davidfeliperiveraguerra/dev/seneca/cv-project/data/IMG/left_2025_12_03_12_07_03_481.jpg,/Users/davidfeliperiveraguerra/dev/seneca/cv-project/data/IMG/right_2025_12_03_12_07_03_481.jpg,0,1,0,30.19024
/Users/davidfeliperiveraguerra/dev/seneca/cv-project/data/IMG/center_2025_12_03_12_07_03_552.jpg,/Users/davidfeliperiveraguerra/dev/seneca/cv-project/data/IMG/left_2025_12_03_12_07_03_552.jpg,/Users/davidfeliperiveraguerra/dev/seneca/cv-project/data/IMG/right_2025_12_03_12_07_03_552.jpg,0,1,0,30.19043
/Users/davidfeliperiveraguerra/dev/seneca/cv-project/data/IMG/center_2025_12_03_12_07_03_620.jpg,/Users/davidfeliperiveraguerra/dev/seneca/cv-project/data/IMG/left_2025_12_03_12_07_03_620.jpg,/Users/davidfeliperiveraguerra/dev/seneca/cv-project/data/IMG/right_2025_12_03_12_07_03_620.jpg,0,1,0,30.19175
/Users/davidfeliperiveraguerra/dev/seneca/cv-project/data/IMG/center_2025_12_03_12_07_03_689.jpg,/Users/davidfeliperiveraguerra/dev/seneca/cv-project/data/IMG/left_2025_12_03_12_07_03_689.jpg,/Users/davidfeliperiveraguerra/dev/seneca/cv-project/data/IMG/right_2025_12_03_12_07_03_689.jpg,0,1,0,30.19012
/Users/davidfeliperiveraguerra/dev/seneca/cv-project/data/IMG/center_2025_12_03_12_07_03_756.jpg,/Users/davidfeliperiveraguerra/dev/seneca/cv-project/data/IMG/left_2025_12_03_12_07_03_756.jpg,/Users/davidfeliperiveraguerra/dev/seneca/cv-project/data/IMG/right_2025_12_03_12_07_03_756.jpg,0,1,0,30.19027
/Users/davidfeliperiveraguerra/dev/seneca/cv-project/data/IMG/center_2025_12_03_12_07_03_824.jpg,/Users/davidfeliperiveraguerra/dev/seneca/cv-project/data/IMG/left_2025_12_03_12_07_03_824.jpg,/Users/davidfeliperiveraguerra/dev/seneca/cv-project/data/IMG/right_2025_12_03_12_07_03_824.jpg,0,1,0,30.19031
/Users/davidfeliperiveraguerra/dev/seneca/cv-project/data/IMG/center_2025_12_03_12_07_03_892.jpg,/Users/davidfeliperiveraguerra/dev/seneca/cv-project/data/IMG/left_2025_12_03_12_07_03_892.jpg,/Users/davidfeliperiveraguerra/dev/seneca/cv-project/data/IMG/right_2025_12_03_12_07_03_892.jpg,0,1,0,30.1903
/Users/davidfeliperiveraguerra/dev/seneca/cv-project/data/IMG/center_2025_12_03_12_07_03_963.jpg,/Users/davidfeliperiveraguerra/dev/seneca/cv-project/data/IMG/left_2025_12_03_12_07_03_963.jpg,/Users/davidfeliperiveraguerra/dev/seneca/cv-project/data/IMG/right_2025_12_03_12_07_03_963.jpg,0,1,0,30.19032
/Users/davidfeliperiveraguerra/dev/seneca/cv-project/data/IMG/center_2025_12_03_12_07_04_030.jpg,/Users/davidfeliperiveraguerra/dev/seneca/cv-project/data/IMG/left_2025_12_03_12_07_04_030.jpg,/Users/davidfeliperiveraguerra/dev/seneca/cv-project/data/IMG/right_2025_12_03_12_07_04_030.jpg,0,1,0,30.19033
/Users/davidfeliperiveraguerra/dev/seneca/cv-project/data/IMG/center_2025_12_03_12_07_04_098.jpg,/Users/davidfeliperiveraguerra/dev/seneca/cv-project/data/IMG/left_2025_12_03_12_07_04_098.jpg,/Users/davidfeliperiveraguerra/dev/seneca/cv-project/data/IMG/right_2025_12_03_12_07_04_098.jpg,0,1,0,30.19034
/Users/davidfeliperiveraguerra/dev/seneca/cv-project/data/IMG/center_2025_12_03_12_07_04_167.jpg,/Users/davidfeliperiveraguerra/dev/seneca/cv-project/data/IMG/left_2025_12_03_12_07_04_167.jpg,/Users/davidfeliperiveraguerra/dev/seneca/cv-project/data/IMG/right_2025_12_03_12_07_04_167.jpg,0,1,0,30.19028
/Users/davidfeliperiveraguerra/dev/seneca/cv-project/data/IMG/center_2025_12_03_12_07_04_236.jpg,/Users/davidfeliperiveraguerra/dev/seneca/cv-project/data/IMG/left_2025_12_03_12_07_04_236.jpg,/Users/davidfeliperiveraguerra/dev/seneca/cv-project/data/IMG/right_2025_12_03_12_07_04_236.jpg,0,1,0,30.19031
/Users/davidfeliperiveraguerra/dev/seneca/cv-project/data/IMG/center_2025_12_03_12_07_04_305.jpg,/Users/davidfeliperiveraguerra/dev/seneca/cv-project/data/IMG/left_2025_12_03_12_07_04_305.jpg,/Users/davidfeliperiveraguerra/dev/seneca/cv-project/data/IMG/right_2025_12_03_12_07_04_305.jpg,-0.1,1,0,30.18786
/Users/davidfeliperiveraguerra/dev/seneca/cv-project/data/IMG/center_2025_12_03_12_07_04_372.jpg,/Users/davidfeliperiveraguerra/dev/seneca/cv-project/data/IMG/left_2025_12_03_12_07_04_372.jpg,/Users/davidfeliperiveraguerra/dev/seneca/cv-project/data/IMG/right_2025_12_03_12_07_04_372.jpg,-0.25,1,0,30.17525
/Users/davidfeliperiveraguerra/dev/seneca/cv-project/data/IMG/center_2025_12_03_12_07_04_439.jpg,/Users/davidfeliperiveraguerra/dev/seneca/cv-project/data/IMG/left_2025_12_03_12_07_04_439.jpg,/Users/davidfeliperiveraguerra/dev/seneca/cv-project/data/IMG/right_2025_12_03_12_07_04_439.jpg,0,1,0,30.18322
/Users/davidfeliperiveraguerra/dev/seneca/cv-project/data/IMG/center_2025_12_03_12_07_04_506.jpg,/Users/davidfeliperiveraguerra/dev/seneca/cv-project/data/IMG/left_2025_12_03_12_07_04_506.jpg,/Users/davidfeliperiveraguerra/dev/seneca/cv-project/data/IMG/right_2025_12_03_12_07_04_506.jpg,0,1,0,30.18918
/Users/davidfeliperiveraguerra/dev/seneca/cv-project/data/IMG/center_2025_12_03_12_07_04_573.jpg,/Users/davidfeliperiveraguerra/dev/seneca/cv-project/data/IMG/left_2025_12_03_12_07_04_573.jpg,/Users/davidfeliperiveraguerra/dev/seneca/cv-project/data/IMG/right_2025_12_03_12_07_04_573.jpg,0,1,0,30.18997
/Users/davidfeliperiveraguerra/dev/seneca/cv-project/data/IMG/center_2025_12_03_12_07_04_640.jpg,/Users/davidfeliperiveraguerra/dev/seneca/cv-project/data/IMG/left_2025_12_03_12_07_04_640.jpg,/Users/davidfeliperiveraguerra/dev/seneca/cv-project/data/IMG/right_2025_12_03_12_07_04_640.jpg,0,1,0,30.19019
/Users/davidfeliperiveraguerra/dev/seneca/cv-project/data/IMG/center_2025_12_03_12_07_04_710.jpg,/Users/davidfeliperiveraguerra/dev/seneca/cv-project/data/IMG/left_2025_12_03_12_07_04_710.jpg,/Users/davidfeliperiveraguerra/dev/seneca/cv-project/data/IMG/right_2025_12_03_12_07_04_710.jpg,0,1,0,30.1898
/Users/davidfeliperiveraguerra/dev/seneca/cv-project/data/IMG/center_2025_12_03_12_07_04_780.jpg,/Users/davidfeliperiveraguerra/dev/seneca/cv-project/data/IMG/left_2025_12_03_12_07_04_780.jpg,/Users/davidfeliperiveraguerra/dev/seneca/cv-project/data/IMG/right_2025_12_03_12_07_04_780.jpg,0,1,0,30.19006
/Users/davidfeliperiveraguerra/dev/seneca/cv-project/data/IMG/center_2025_12_03_12_07_04_848.jpg,/Users/davidfeliperiveraguerra/dev/seneca/cv-project/data/IMG/left_2025_12_03_12_07_04_848.jpg,/Users/davidfeliperiveraguerra/dev/seneca/cv-project/data/IMG/right_2025_12_03_12_07_04_848.jpg,0,1,0,30.19019
/Users/davidfeliperiveraguerra/dev/seneca/cv-project/data/IMG/center_2025_12_03_12_07_04_916.jpg,/Users/davidfeliperiveraguerra/dev/seneca/cv-project/data/IMG/left_2025_12_03_12_07_04_916.jpg,/Users/davidfeliperiveraguerra/dev/seneca/cv-project/data/IMG/right_2025_12_03_12_07_04_916.jpg,0,1,0,30.1902
/Users/davidfeliperiveraguerra/dev/seneca/cv-project/data/IMG/center_2025_12_03_12_07_04_987.jpg,/Users/davidfeliperiveraguerra/dev/seneca/cv-project/data/IMG/left_2025_12_03_12_07_04_987.jpg,/Users/davidfeliperiveraguerra/dev/seneca/cv-project/data/IMG/right_2025_12_03_12_07_04_987.jpg,0,1,0,30.19021
/Users/davidfeliperiveraguerra/dev/seneca/cv-project/data/IMG/center_2025_12_03_12_07_05_059.jpg,/Users/davidfeliperiveraguerra/dev/seneca/cv-project/data/IMG/left_2025_12_03_12_07_05_059.jpg,/Users/davidfeliperiveraguerra/dev/seneca/cv-project/data/IMG/right_2025_12_03_12_07_05_059.jpg,0,1,0,30.19024
/Users/davidfeliperiveraguerra/dev/seneca/cv-project/data/IMG/center_2025_12_03_12_07_05_130.jpg,/Users/davidfeliperiveraguerra/dev/seneca/cv-project/data/IMG/left_2025_12_03_12_07_05_130.jpg,/Users/davidfeliperiveraguerra/dev/seneca/cv-project/data/IMG/right_2025_12_03_12_07_05_130.jpg,-0.2,1,0,30.18008
/Users/davidfeliperiveraguerra/dev/seneca/cv-project/data/IMG/center_2025_12_03_12_07_05_201.jpg,/Users/davidfeliperiveraguerra/dev/seneca/cv-project/data/IMG/left_2025_12_03_12_07_05_201.jpg,/Users/davidfeliperiveraguerra/dev/seneca/cv-project/data/IMG/right_2025_12_03_12_07_05_201.jpg,0,1,0,30.18449
/Users/davidfeliperiveraguerra/dev/seneca/cv-project/data/IMG/center_2025_12_03_12_07_05_272.jpg,/Users/davidfeliperiveraguerra/dev/seneca/cv-project/data/IMG/left_2025_12_03_12_07_05_272.jpg,/Users/davidfeliperiveraguerra/dev/seneca/cv-project/data/IMG/right_2025_12_03_12_07_05_272.jpg,0,1,0,30.18978
/Users/davidfeliperiveraguerra/dev/seneca/cv-project/data/IMG/center_2025_12_03_12_07_05_340.jpg,/Users/davidfeliperiveraguerra/dev/seneca/cv-project/data/IMG/left_2025_12_03_12_07_05_340.jpg,/Users/davidfeliperiveraguerra/dev/seneca/cv-project/data/IMG/right_2025_12_03_12_07_05_340.jpg,0,1,0,30.1902
/Users/davidfeliperiveraguerra/dev/seneca/cv-project/data/IMG/center_2025_12_03_12_07_05_409.jpg,/Users/davidfeliperiveraguerra/dev/seneca/cv-project/data/IMG/left_2025_12_03_12_07_05_409.jpg,/Users/davidfeliperiveraguerra/dev/seneca/cv-project/data/IMG/right_2025_12_03_12_07_05_409.jpg,0,1,0,30.19037
/Users/davidfeliperiveraguerra/dev/seneca/cv-project/data/IMG/center_2025_12_03_12_07_05_481.jpg,/Users/davidfeliperiveraguerra/dev/seneca/cv-project/data/IMG/left_2025_12_03_12_07_05_481.jpg,/Users/davidfeliperiveraguerra/dev/seneca/cv-project/data/IMG/right_2025_12_03_12_07_05_481.jpg,0,1,0,30.18927
/Users/davidfeliperiveraguerra/dev/seneca/cv-project/data/IMG/center_2025_12_03_12_07_05_551.jpg,/Users/davidfeliperiveraguerra/dev/seneca/cv-project/data/IMG/left_2025_12_03_12_07_05_551.jpg,/Users/davidfeliperiveraguerra/dev/seneca/cv-project/data/IMG/right_2025_12_03_12_07_05_551.jpg,0,1,0,30.19
/Users/davidfeliperiveraguerra/dev/seneca/cv-project/data/IMG/center_2025_12_03_12_07_05_617.jpg,/Users/davidfeliperiveraguerra/dev/seneca/cv-project/data/IMG/left_2025_12_03_12_07_05_617.jpg,/Users/davidfeliperiveraguerra/dev/seneca/cv-project/data/IMG/right_2025_12_03_12_07_05_617.jpg,0,1,0,30.19014
/Users/davidfeliperiveraguerra/dev/seneca/cv-project/data/IMG/center_2025_12_03_12_07_05_686.jpg,/Users/davidfeliperiveraguerra/dev/seneca/cv-project/data/IMG/left_2025_12_03_12_07_05_686.jpg,/Users/davidfeliperiveraguerra/dev/seneca/cv-project/data/IMG/right_2025_12_03_12_07_05_686.jpg,0,1,0,30.18946
/Users/davidfeliperiveraguerra/dev/seneca/cv-project/data/IMG/center_2025_12_03_12_07_05_756.jpg,/Users/davidfeliperiveraguerra/dev/seneca/cv-project/data/IMG/left_2025_12_03_12_07_05_756.jpg,/Users/davidfeliperiveraguerra/dev/seneca/cv-project/data/IMG/right_2025_12_03_12_07_05_756.jpg,-0.15,1,0,30.18415
/Users/davidfeliperiveraguerra/dev/seneca/cv-project/data/IMG/center_2025_12_03_12_07_05_823.jpg,/Users/davidfeliperiveraguerra/dev/seneca/cv-project/data/IMG/left_2025_12_03_12_07_05_823.jpg,/Users/davidfeliperiveraguerra/dev/seneca/cv-project/data/IMG/right_2025_12_03_12_07_05_823.jpg,0,1,0,30.18427
/Users/davidfeliperiveraguerra/dev/seneca/cv-project/data/IMG/center_2025_12_03_12_07_05_890.jpg,/Users/davidfeliperiveraguerra/dev/seneca/cv-project/data/IMG/left_2025_12_03_12_07_05_890.jpg,/Users/davidfeliperiveraguerra/dev/seneca/cv-project/data/IMG/right_2025_12_03_12_07_05_890.jpg,0,1,0,30.18962
/Users/davidfeliperiveraguerra/dev/seneca/cv-project/data/IMG/center_2025_12_03_12_07_05_960.jpg,/Users/davidfeliperiveraguerra/dev/seneca/cv-project/data/IMG/left_2025_12_03_12_07_05_960.jpg,/Users/davidfeliperiveraguerra/dev/seneca/cv-project/data/IMG/right_2025_12_03_12_07_05_960.jpg,0,1,0,30.18995
/Users/davidfeliperiveraguerra/dev/seneca/cv-project/data/IMG/center_2025_12_03_12_07_06_030.jpg,/Users/davidfeliperiveraguerra/dev/seneca/cv-project/data/IMG/left_2025_12_03_12_07_06_030.jpg,/Users/davidfeliperiveraguerra/dev/seneca/cv-project/data/IMG/right_2025_12_03_12_07_06_030.jpg,-0.05,1,0,30.18991
/Users/davidfeliperiveraguerra/dev/seneca/cv-project/data/IMG/center_2025_12_03_12_07_06_100.jpg,/Users/davidfeliperiveraguerra/dev/seneca/cv-project/data/IMG/left_2025_12_03_12_07_06_100.jpg,/Users/davidfeliperiveraguerra/dev/seneca/cv-project/data/IMG/right_2025_12_03_12_07_06_100.jpg,-0.2,1,0,30.18133
/Users/davidfeliperiveraguerra/dev/seneca/cv-project/data/IMG/center_2025_12_03_12_07_06_167.jpg,/Users/davidfeliperiveraguerra/dev/seneca/cv-project/data/IMG/left_2025_12_03_12_07_06_167.jpg,/Users/davidfeliperiveraguerra/dev/seneca/cv-project/data/IMG/right_2025_12_03_12_07_06_167.jpg,-0.4,1,0,30.15916
/Users/davidfeliperiveraguerra/dev/seneca/cv-project/data/IMG/center_2025_12_03_12_07_06_234.jpg,/Users/davidfeliperiveraguerra/dev/seneca/cv-project/data/IMG/left_2025_12_03_12_07_06_234.jpg,/Users/davidfeliperiveraguerra/dev/seneca/cv-project/data/IMG/right_2025_12_03_12_07_06_234.jpg,-0.5500001,1,0,30.14087
/Users/davidfeliperiveraguerra/dev/seneca/cv-project/data/IMG/center_2025_12_03_12_07_06_304.jpg,/Users/davidfeliperiveraguerra/dev/seneca/cv-project/data/IMG/left_2025_12_03_12_07_06_304.jpg,/Users/davidfeliperiveraguerra/dev/seneca/cv-project/data/IMG/right_2025_12_03_12_07_06_304.jpg,0,1,0,30.1772
/Users/davidfeliperiveraguerra/dev/seneca/cv-project/data/IMG/center_2025_12_03_12_07_06_376.jpg,/Users/davidfeliperiveraguerra/dev/seneca/cv-project/data/IMG/left_2025_12_03_12_07_06_376.jpg,/Users/davidfeliperiveraguerra/dev/seneca/cv-project/data/IMG/right_2025_12_03_12_07_06_376.jpg,0,1,0,30.1881
/Users/davidfeliperiveraguerra/dev/seneca/cv-project/data/IMG/center_2025_12_03_12_07_06_446.jpg,/Users/davidfeliperiveraguerra/dev/seneca/cv-project/data/IMG/left_2025_12_03_12_07_06_446.jpg,/Users/davidfeliperiveraguerra/dev/seneca/cv-project/data/IMG/right_2025_12_03_12_07_06_446.jpg,0,1,0,30.18957
/Users/davidfeliperiveraguerra/dev/seneca/cv-project/data/IMG/center_2025_12_03_12_07_06_513.jpg,/Users/davidfeliperiveraguerra/dev/seneca/cv-project/data/IMG/left_2025_12_03_12_07_06_513.jpg,/Users/davidfeliperiveraguerra/dev/seneca/cv-project/data/IMG/right_2025_12_03_12_07_06_513.jpg,0,1,0,30.19029
/Users/davidfeliperiveraguerra/dev/seneca/cv-project/data/IMG/center_2025_12_03_12_07_06_580.jpg,/Users/davidfeliperiveraguerra/dev/seneca/cv-project/data/IMG/left_2025_12_03_12_07_06_580.jpg,/Users/davidfeliperiveraguerra/dev/seneca/cv-project/data/IMG/right_2025_12_03_12_07_06_580.jpg,0,1,0,30.19173
/Users/davidfeliperiveraguerra/dev/seneca/cv-project/data/IMG/center_2025_12_03_12_07_06_647.jpg,/Users/davidfeliperiveraguerra/dev/seneca/cv-project/data/IMG/left_2025_12_03_12_07_06_647.jpg,/Users/davidfeliperiveraguerra/dev/seneca/cv-project/data/IMG/right_2025_12_03_12_07_06_647.jpg,0,1,0,30.19014
/Users/davidfeliperiveraguerra/dev/seneca/cv-project/data/IMG/center_2025_12_03_12_07_06_713.jpg,/Users/davidfeliperiveraguerra/dev/seneca/cv-project/data/IMG/left_2025_12_03_12_07_06_713.jpg,/Users/davidfeliperiveraguerra/dev/seneca/cv-project/data/IMG/right_2025_12_03_12_07_06_713.jpg,0,1,0,30.19036
/Users/davidfeliperiveraguerra/dev/seneca/cv-project/data/IMG/center_2025_12_03_12_07_06_780.jpg,/Users/davidfeliperiveraguerra/dev/seneca/cv-project/data/IMG/left_2025_12_03_12_07_06_780.jpg,/Users/davidfeliperiveraguerra/dev/seneca/cv-project/data/IMG/right_2025_12_03_12_07_06_780.jpg,0,1,0,30.1905
/Users/davidfeliperiveraguerra/dev/seneca/cv-project/data/IMG/center_2025_12_03_12_07_06_851.jpg,/Users/davidfeliperiveraguerra/dev/seneca/cv-project/data/IMG/left_2025_12_03_12_07_06_851.jpg,/Users/davidfeliperiveraguerra/dev/seneca/cv-project/data/IMG/right_2025_12_03_12_07_06_851.jpg,0,1,0,30.19047
/Users/davidfeliperiveraguerra/dev/seneca/cv-project/data/IMG/center_2025_12_03_12_07_06_921.jpg,/Users/davidfeliperiveraguerra/dev/seneca/cv-project/data/IMG/left_2025_12_03_12_07_06_921.jpg,/Users/davidfeliperiveraguerra/dev/seneca/cv-project/data/IMG/right_2025_12_03_12_07_06_921.jpg,0,1,0,30.19045
/Users/davidfeliperiveraguerra/dev/seneca/cv-project/data/IMG/center_2025_12_03_12_07_06_988.jpg,/Users/davidfeliperiveraguerra/dev/seneca/cv-project/data/IMG/left_2025_12_03_12_07_06_988.jpg,/Users/davidfeliperiveraguerra/dev/seneca/cv-project/data/IMG/right_2025_12_03_12_07_06_988.jpg,0,1,0,30.1905
/Users/davidfeliperiveraguerra/dev/seneca/cv-project/data/IMG/center_2025_12_03_12_07_07_057.jpg,/Users/davidfeliperiveraguerra/dev/seneca/cv-project/data/IMG/left_2025_12_03_12_07_07_057.jpg,/Users/davidfeliperiveraguerra/dev/seneca/cv-project/data/IMG/right_2025_12_03_12_07_07_057.jpg,0,1,0,30.19044
/Users/davidfeliperiveraguerra/dev/seneca/cv-project/data/IMG/center_2025_12_03_12_07_07_126.jpg,/Users/davidfeliperiveraguerra/dev/seneca/cv-project/data/IMG/left_2025_12_03_12_07_07_126.jpg,/Users/davidfeliperiveraguerra/dev/seneca/cv-project/data/IMG/right_2025_12_03_12_07_07_126.jpg,0,1,0,30.19047
/Users/davidfeliperiveraguerra/dev/seneca/cv-project/data/IMG/center_2025_12_03_12_07_07_193.jpg,/Users/davidfeliperiveraguerra/dev/seneca/cv-project/data/IMG/left_2025_12_03_12_07_07_193.jpg,/Users/davidfeliperiveraguerra/dev/seneca/cv-project/data/IMG/right_2025_12_03_12_07_07_193.jpg,0,1,0,30.19045
/Users/davidfeliperiveraguerra/dev/seneca/cv-project/data/IMG/center_2025_12_03_12_07_07_263.jpg,/Users/davidfeliperiveraguerra/dev/seneca/cv-project/data/IMG/left_2025_12_03_12_07_07_263.jpg,/Users/davidfeliperiveraguerra/dev/seneca/cv-project/data/IMG/right_2025_12_03_12_07_07_263.jpg,0,1,0,30.19029
/Users/davidfeliperiveraguerra/dev/seneca/cv-project/data/IMG/center_2025_12_03_12_07_07_330.jpg,/Users/davidfeliperiveraguerra/dev/seneca/cv-project/data/IMG/left_2025_12_03_12_07_07_330.jpg,/Users/davidfeliperiveraguerra/dev/seneca/cv-project/data/IMG/right_2025_12_03_12_07_07_330.jpg,-0.15,1,0,30.18416
/Users/davidfeliperiveraguerra/dev/seneca/cv-project/data/IMG/center_2025_12_03_12_07_07_401.jpg,/Users/davidfeliperiveraguerra/dev/seneca/cv-project/data/IMG/left_2025_12_03_12_07_07_401.jpg,/Users/davidfeliperiveraguerra/dev/seneca/cv-project/data/IMG/right_2025_12_03_12_07_07_401.jpg,-0.3,1,0,30.16965
/Users/davidfeliperiveraguerra/dev/seneca/cv-project/data/IMG/center_2025_12_03_12_07_07_471.jpg,/Users/davidfeliperiveraguerra/dev/seneca/cv-project/data/IMG/left_2025_12_03_12_07_07_471.jpg,/Users/davidfeliperiveraguerra/dev/seneca/cv-project/data/IMG/right_2025_12_03_12_07_07_471.jpg,0,1,0,30.18792
/Users/davidfeliperiveraguerra/dev/seneca/cv-project/data/IMG/center_2025_12_03_12_07_07_538.jpg,/Users/davidfeliperiveraguerra/dev/seneca/cv-project/data/IMG/left_2025_12_03_12_07_07_538.jpg,/Users/davidfeliperiveraguerra/dev/seneca/cv-project/data/IMG/right_2025_12_03_12_07_07_538.jpg,0,1,0,30.18881
/Users/davidfeliperiveraguerra/dev/seneca/cv-project/data/IMG/center_2025_12_03_12_07_07_605.jpg,/Users/davidfeliperiveraguerra/dev/seneca/cv-project/data/IMG/left_2025_12_03_12_07_07_605.jpg,/Users/davidfeliperiveraguerra/dev/seneca/cv-project/data/IMG/right_2025_12_03_12_07_07_605.jpg,0,1,0,30.19002
/Users/davidfeliperiveraguerra/dev/seneca/cv-project/data/IMG/center_2025_12_03_12_07_07_672.jpg,/Users/davidfeliperiveraguerra/dev/seneca/cv-project/data/IMG/left_2025_12_03_12_07_07_672.jpg,/Users/davidfeliperiveraguerra/dev/seneca/cv-project/data/IMG/right_2025_12_03_12_07_07_672.jpg,0,1,0,30.19023
/Users/davidfeliperiveraguerra/dev/seneca/cv-project/data/IMG/center_2025_12_03_12_07_07_743.jpg,/Users/davidfeliperiveraguerra/dev/seneca/cv-project/data/IMG/left_2025_12_03_12_07_07_743.jpg,/Users/davidfeliperiveraguerra/dev/seneca/cv-project/data/IMG/right_2025_12_03_12_07_07_743.jpg,0,1,0,30.19027
/Users/davidfeliperiveraguerra/dev/seneca/cv-project/data/IMG/center_2025_12_03_12_07_07_811.jpg,/Users/davidfeliperiveraguerra/dev/seneca/cv-project/data/IMG/left_2025_12_03_12_07_07_811.jpg,/Users/davidfeliperiveraguerra/dev/seneca/cv-project/data/IMG/right_2025_12_03_12_07_07_811.jpg,-0.05,1,0,30.18989
/Users/davidfeliperiveraguerra/dev/seneca/cv-project/data/IMG/center_2025_12_03_12_07_07_880.jpg,/Users/davidfeliperiveraguerra/dev/seneca/cv-project/data/IMG/left_2025_12_03_12_07_07_880.jpg,/Users/davidfeliperiveraguerra/dev/seneca/cv-project/data/IMG/right_2025_12_03_12_07_07_880.jpg,-0.2,1,0,30.1807
/Users/davidfeliperiveraguerra/dev/seneca/cv-project/data/IMG/center_2025_12_03_12_07_07_951.jpg,/Users/davidfeliperiveraguerra/dev/seneca/cv-project/data/IMG/left_2025_12_03_12_07_07_951.jpg,/Users/davidfeliperiveraguerra/dev/seneca/cv-project/data/IMG/right_2025_12_03_12_07_07_951.jpg,-0.4,1,0,30.15859
/Users/davidfeliperiveraguerra/dev/seneca/cv-project/data/IMG/center_2025_12_03_12_07_08_019.jpg,/Users/davidfeliperiveraguerra/dev/seneca/cv-project/data/IMG/left_2025_12_03_12_07_08_019.jpg,/Users/davidfeliperiveraguerra/dev/seneca/cv-project/data/IMG/right_2025_12_03_12_07_08_019.jpg,0,1,0,30.18786
/Users/davidfeliperiveraguerra/dev/seneca/cv-project/data/IMG/center_2025_12_03_12_07_08_088.jpg,/Users/davidfeliperiveraguerra/dev/seneca/cv-project/data/IMG/left_2025_12_03_12_07_08_088.jpg,/Users/davidfeliperiveraguerra/dev/seneca/cv-project/data/IMG/right_2025_12_03_12_07_08_088.jpg,0,1,0,30.18935
/Users/davidfeliperiveraguerra/dev/seneca/cv-project/data/IMG/center_2025_12_03_12_07_08_155.jpg,/Users/davidfeliperiveraguerra/dev/seneca/cv-project/data/IMG/left_2025_12_03_12_07_08_155.jpg,/Users/davidfeliperiveraguerra/dev/seneca/cv-project/data/IMG/right_2025_12_03_12_07_08_155.jpg,0,1,0,30.19
/Users/davidfeliperiveraguerra/dev/seneca/cv-project/data/IMG/center_2025_12_03_12_07_08_227.jpg,/Users/davidfeliperiveraguerra/dev/seneca/cv-project/data/IMG/left_2025_12_03_12_07_08_227.jpg,/Users/davidfeliperiveraguerra/dev/seneca/cv-project/data/IMG/right_2025_12_03_12_07_08_227.jpg,-0.05,1,0,30.19166
/Users/davidfeliperiveraguerra/dev/seneca/cv-project/data/IMG/center_2025_12_03_12_07_08_293.jpg,/Users/davidfeliperiveraguerra/dev/seneca/cv-project/data/IMG/left_2025_12_03_12_07_08_293.jpg,/Users/davidfeliperiveraguerra/dev/seneca/cv-project/data/IMG/right_2025_12_03_12_07_08_293.jpg,-0.2,1,0,30.18077
/Users/davidfeliperiveraguerra/dev/seneca/cv-project/data/IMG/center_2025_12_03_12_07_08_364.jpg,/Users/davidfeliperiveraguerra/dev/seneca/cv-project/data/IMG/left_2025_12_03_12_07_08_364.jpg,/Users/davidfeliperiveraguerra/dev/seneca/cv-project/data/IMG/right_2025_12_03_12_07_08_364.jpg,-0.4,1,0,30.15887
/Users/davidfeliperiveraguerra/dev/seneca/cv-project/data/IMG/center_2025_12_03_12_07_08_436.jpg,/Users/davidfeliperiveraguerra/dev/seneca/cv-project/data/IMG/left_2025_12_03_12_07_08_436.jpg,/Users/davidfeliperiveraguerra/dev/seneca/cv-project/data/IMG/right_2025_12_03_12_07_08_436.jpg,-0.5500001,1,0,30.1407
/Users/davidfeliperiveraguerra/dev/seneca/cv-project/data/IMG/center_2025_12_03_12_07_08_506.jpg,/Users/davidfeliperiveraguerra/dev/seneca/cv-project/data/IMG/left_2025_12_03_12_07_08_506.jpg,/Users/davidfeliperiveraguerra/dev/seneca/cv-project/data/IMG/right_2025_12_03_12_07_08_506.jpg,0,1,0,30.18649
/Users/davidfeliperiveraguerra/dev/seneca/cv-project/data/IMG/center_2025_12_03_12_07_08_572.jpg,/Users/davidfeliperiveraguerra/dev/seneca/cv-project/data/IMG/left_2025_12_03_12_07_08_572.jpg,/Users/davidfeliperiveraguerra/dev/seneca/cv-project/data/IMG/right_2025_12_03_12_07_08_572.jpg,0,1,0,30.18941
/Users/davidfeliperiveraguerra/dev/seneca/cv-project/data/IMG/center_2025_12_03_12_07_08_639.jpg,/Users/davidfeliperiveraguerra/dev/seneca/cv-project/data/IMG/left_2025_12_03_12_07_08_639.jpg,/Users/davidfeliperiveraguerra/dev/seneca/cv-project/data/IMG/right_2025_12_03_12_07_08_639.jpg,0,1,0,30.19086
/Users/davidfeliperiveraguerra/dev/seneca/cv-project/data/IMG/center_2025_12_03_12_07_08_710.jpg,/Users/davidfeliperiveraguerra/dev/seneca/cv-project/data/IMG/left_2025_12_03_12_07_08_710.jpg,/Users/davidfeliperiveraguerra/dev/seneca/cv-project/data/IMG/right_2025_12_03_12_07_08_710.jpg,-0.1,1,0,30.18908
/Users/davidfeliperiveraguerra/dev/seneca/cv-project/data/IMG/center_2025_12_03_12_07_08_777.jpg,/Users/davidfeliperiveraguerra/dev/seneca/cv-project/data/IMG/left_2025_12_03_12_07_08_777.jpg,/Users/davidfeliperiveraguerra/dev/seneca/cv-project/data/IMG/right_2025_12_03_12_07_08_777.jpg,-0.25,1,0,30.17711
/Users/davidfeliperiveraguerra/dev/seneca/cv-project/data/IMG/center_2025_12_03_12_07_08_847.jpg,/Users/davidfeliperiveraguerra/dev/seneca/cv-project/data/IMG/left_2025_12_03_12_07_08_847.jpg,/Users/davidfeliperiveraguerra/dev/seneca/cv-project/data/IMG/right_2025_12_03_12_07_08_847.jpg,0,1,0,30.18973
/Users/davidfeliperiveraguerra/dev/seneca/cv-project/data/IMG/center_2025_12_03_12_07_08_914.jpg,/Users/davidfeliperiveraguerra/dev/seneca/cv-project/data/IMG/left_2025_12_03_12_07_08_914.jpg,/Users/davidfeliperiveraguerra/dev/seneca/cv-project/data/IMG/right_2025_12_03_12_07_08_914.jpg,0,1,0,30.18986
/Users/davidfeliperiveraguerra/dev/seneca/cv-project/data/IMG/center_2025_12_03_12_07_08_981.jpg,/Users/davidfeliperiveraguerra/dev/seneca/cv-project/data/IMG/left_2025_12_03_12_07_08_981.jpg,/Users/davidfeliperiveraguerra/dev/seneca/cv-project/data/IMG/right_2025_12_03_12_07_08_981.jpg,0,1,0,30.19026
/Users/davidfeliperiveraguerra/dev/seneca/cv-project/data/IMG/center_2025_12_03_12_07_09_048.jpg,/Users/davidfeliperiveraguerra/dev/seneca/cv-project/data/IMG/left_2025_12_03_12_07_09_048.jpg,/Users/davidfeliperiveraguerra/dev/seneca/cv-project/data/IMG/right_2025_12_03_12_07_09_048.jpg,0,1,0,30.1903
/Users/davidfeliperiveraguerra/dev/seneca/cv-project/data/IMG/center_2025_12_03_12_07_09_116.jpg,/Users/davidfeliperiveraguerra/dev/seneca/cv-project/data/IMG/left_2025_12_03_12_07_09_116.jpg,/Users/davidfeliperiveraguerra/dev/seneca/cv-project/data/IMG/right_2025_12_03_12_07_09_116.jpg,-0.1,1,0,30.188
/Users/davidfeliperiveraguerra/dev/seneca/cv-project/data/IMG/center_2025_12_03_12_07_09_183.jpg,/Users/davidfeliperiveraguerra/dev/seneca/cv-project/data/IMG/left_2025_12_03_12_07_09_183.jpg,/Users/davidfeliperiveraguerra/dev/seneca/cv-project/data/IMG/right_2025_12_03_12_07_09_183.jpg,-0.3,1,0,30.16964
/Users/davidfeliperiveraguerra/dev/seneca/cv-project/data/IMG/center_2025_12_03_12_07_09_251.jpg,/Users/davidfeliperiveraguerra/dev/seneca/cv-project/data/IMG/left_2025_12_03_12_07_09_251.jpg,/Users/davidfeliperiveraguerra/dev/seneca/cv-project/data/IMG/right_2025_12_03_12_07_09_251.jpg,0,1,0,30.18143
/Users/davidfeliperiveraguerra/dev/seneca/cv-project/data/IMG/center_2025_12_03_12_07_09_319.jpg,/Users/davidfeliperiveraguerra/dev/seneca/cv-project/data/IMG/left_2025_12_03_12_07_09_319.jpg,/Users/davidfeliperiveraguerra/dev/seneca/cv-project/data/IMG/right_2025_12_03_12_07_09_319.jpg,0,1,0,30.18909
/Users/davidfeliperiveraguerra/dev/seneca/cv-project/data/IMG/center_2025_12_03_12_07_09_389.jpg,/Users/davidfeliperiveraguerra/dev/seneca/cv-project/data/IMG/left_2025_12_03_12_07_09_389.jpg,/Users/davidfeliperiveraguerra/dev/seneca/cv-project/data/IMG/right_2025_12_03_12_07_09_389.jpg,0,1,0,30.19002
/Users/davidfeliperiveraguerra/dev/seneca/cv-project/data/IMG/center_2025_12_03_12_07_09_457.jpg,/Users/davidfeliperiveraguerra/dev/seneca/cv-project/data/IMG/left_2025_12_03_12_07_09_457.jpg,/Users/davidfeliperiveraguerra/dev/seneca/cv-project/data/IMG/right_2025_12_03_12_07_09_457.jpg,0,1,0,30.19022
/Users/davidfeliperiveraguerra/dev/seneca/cv-project/data/IMG/center_2025_12_03_12_07_09_527.jpg,/Users/davidfeliperiveraguerra/dev/seneca/cv-project/data/IMG/left_2025_12_03_12_07_09_527.jpg,/Users/davidfeliperiveraguerra/dev/seneca/cv-project/data/IMG/right_2025_12_03_12_07_09_527.jpg,-0.05,1,0,30.18995
/Users/davidfeliperiveraguerra/dev/seneca/cv-project/data/IMG/center_2025_12_03_12_07_09_597.jpg,/Users/davidfeliperiveraguerra/dev/seneca/cv-project/data/IMG/left_2025_12_03_12_07_09_597.jpg,/Users/davidfeliperiveraguerra/dev/seneca/cv-project/data/IMG/right_2025_12_03_12_07_09_597.jpg,-0.2,1,0,30.18082
/Users/davidfeliperiveraguerra/dev/seneca/cv-project/data/IMG/center_2025_12_03_12_07_09_666.jpg,/Users/davidfeliperiveraguerra/dev/seneca/cv-project/data/IMG/left_2025_12_03_12_07_09_666.jpg,/Users/davidfeliperiveraguerra/dev/seneca/cv-project/data/IMG/right_2025_12_03_12_07_09_666.jpg,0,1,0,30.18339
/Users/davidfeliperiveraguerra/dev/seneca/cv-project/data/IMG/center_2025_12_03_12_07_09_735.jpg,/Users/davidfeliperiveraguerra/dev/seneca/cv-project/data/IMG/left_2025_12_03_12_07_09_735.jpg,/Users/davidfeliperiveraguerra/dev/seneca/cv-project/data/IMG/right_2025_12_03_12_07_09_735.jpg,0,1,0,30.18958
/Users/davidfeliperiveraguerra/dev/seneca/cv-project/data/IMG/center_2025_12_03_12_07_09_801.jpg,/Users/davidfeliperiveraguerra/dev/seneca/cv-project/data/IMG/left_2025_12_03_12_07_09_801.jpg,/Users/davidfeliperiveraguerra/dev/seneca/cv-project/data/IMG/right_2025_12_03_12_07_09_801.jpg,0,1,0,30.18998
/Users/davidfeliperiveraguerra/dev/seneca/cv-project/data/IMG/center_2025_12_03_12_07_09_870.jpg,/Users/davidfeliperiveraguerra/dev/seneca/cv-project/data/IMG/left_2025_12_03_12_07_09_870.jpg,/Users/davidfeliperiveraguerra/dev/seneca/cv-project/data/IMG/right_2025_12_03_12_07_09_870.jpg,-0.05,1,0,30.19006
/Users/davidfeliperiveraguerra/dev/seneca/cv-project/data/IMG/center_2025_12_03_12_07_09_938.jpg,/Users/davidfeliperiveraguerra/dev/seneca/cv-project/data/IMG/left_2025_12_03_12_07_09_938.jpg,/Users/davidfeliperiveraguerra/dev/seneca/cv-project/data/IMG/right_2025_12_03_12_07_09_938.jpg,-0.2,1,0,30.18141
/Users/davidfeliperiveraguerra/dev/seneca/cv-project/data/IMG/center_2025_12_03_12_07_10_005.jpg,/Users/davidfeliperiveraguerra/dev/seneca/cv-project/data/IMG/left_2025_12_03_12_07_10_005.jpg,/Users/davidfeliperiveraguerra/dev/seneca/cv-project/data/IMG/right_2025_12_03_12_07_10_005.jpg,-0.4,1,0,30.15884
/Users/davidfeliperiveraguerra/dev/seneca/cv-project/data/IMG/center_2025_12_03_12_07_10_075.jpg,/Users/davidfeliperiveraguerra/dev/seneca/cv-project/data/IMG/left_2025_12_03_12_07_10_075.jpg,/Users/davidfeliperiveraguerra/dev/seneca/cv-project/data/IMG/right_2025_12_03_12_07_10_075.jpg,0,1,0,30.17773
/Users/davidfeliperiveraguerra/dev/seneca/cv-project/data/IMG/center_2025_12_03_12_07_10_145.jpg,/Users/davidfeliperiveraguerra/dev/seneca/cv-project/data/IMG/left_2025_12_03_12_07_10_145.jpg,/Users/davidfeliperiveraguerra/dev/seneca/cv-project/data/IMG/right_2025_12_03_12_07_10_145.jpg,0,1,0,30.18828
/Users/davidfeliperiveraguerra/dev/seneca/cv-project/data/IMG/center_2025_12_03_12_07_10_215.jpg,/Users/davidfeliperiveraguerra/dev/seneca/cv-project/data/IMG/left_2025_12_03_12_07_10_215.jpg,/Users/davidfeliperiveraguerra/dev/seneca/cv-project/data/IMG/right_2025_12_03_12_07_10_215.jpg,0,1,0,30.18975
/Users/davidfeliperiveraguerra/dev/seneca/cv-project/data/IMG/center_2025_12_03_12_07_10_282.jpg,/Users/davidfeliperiveraguerra/dev/seneca/cv-project/data/IMG/left_2025_12_03_12_07_10_282.jpg,/Users/davidfeliperiveraguerra/dev/seneca/cv-project/data/IMG/right_2025_12_03_12_07_10_282.jpg,0,1,0,30.1902
/Users/davidfeliperiveraguerra/dev/seneca/cv-project/data/IMG/center_2025_12_03_12_07_10_351.jpg,/Users/davidfeliperiveraguerra/dev/seneca/cv-project/data/IMG/left_2025_12_03_12_07_10_351.jpg,/Users/davidfeliperiveraguerra/dev/seneca/cv-project/data/IMG/right_2025_12_03_12_07_10_351.jpg,-0.1,1,0,30.18873
/Users/davidfeliperiveraguerra/dev/seneca/cv-project/data/IMG/center_2025_12_03_12_07_10_421.jpg,/Users/davidfeliperiveraguerra/dev/seneca/cv-project/data/IMG/left_2025_12_03_12_07_10_421.jpg,/Users/davidfeliperiveraguerra/dev/seneca/cv-project/data/IMG/right_2025_12_03_12_07_10_421.jpg,-0.25,1,0,30.17646
/Users/davidfeliperiveraguerra/dev/seneca/cv-project/data/IMG/center_2025_12_03_12_07_10_488.jpg,/Users/davidfeliperiveraguerra/dev/seneca/cv-project/data/IMG/left_2025_12_03_12_07_10_488.jpg,/Users/davidfeliperiveraguerra/dev/seneca/cv-project/data/IMG/right_2025_12_03_12_07_10_488.jpg,0,1,0,30.18193
/Users/davidfeliperiveraguerra/dev/seneca/cv-project/data/IMG/center_2025_12_03_12_07_10_558.jpg,/Users/davidfeliperiveraguerra/dev/seneca/cv-project/data/IMG/left_2025_12_03_12_07_10_558.jpg,/Users/davidfeliperiveraguerra/dev/seneca/cv-project/data/IMG/right_2025_12_03_12_07_10_558.jpg,0,1,0,30.18904
/Users/davidfeliperiveraguerra/dev/seneca/cv-project/data/IMG/center_2025_12_03_12_07_10_625.jpg,/Users/davidfeliperiveraguerra/dev/seneca/cv-project/data/IMG/left_2025_12_03_12_07_10_625.jpg,/Users/davidfeliperiveraguerra/dev/seneca/cv-project/data/IMG/right_2025_12_03_12_07_10_625.jpg,0,1,0,30.19003
/Users/davidfeliperiveraguerra/dev/seneca/cv-project/data/IMG/center_2025_12_03_12_07_10_694.jpg,/Users/davidfeliperiveraguerra/dev/seneca/cv-project/data/IMG/left_2025_12_03_12_07_10_694.jpg,/Users/davidfeliperiveraguerra/dev/seneca/cv-project/data/IMG/right_2025_12_03_12_07_10_694.jpg,0,1,0,30.19022
/Users/davidfeliperiveraguerra/dev/seneca/cv-project/data/IMG/center_2025_12_03_12_07_10_761.jpg,/Users/davidfeliperiveraguerra/dev/seneca/cv-project/data/IMG/left_2025_12_03_12_07_10_761.jpg,/Users/davidfeliperiveraguerra/dev/seneca/cv-project/data/IMG/right_2025_12_03_12_07_10_761.jpg,0,1,0,30.19032
/Users/davidfeliperiveraguerra/dev/seneca/cv-project/data/IMG/center_2025_12_03_12_07_10_831.jpg,/Users/davidfeliperiveraguerra/dev/seneca/cv-project/data/IMG/left_2025_12_03_12_07_10_831.jpg,/Users/davidfeliperiveraguerra/dev/seneca/cv-project/data/IMG/right_2025_12_03_12_07_10_831.jpg,-0.05,1,0,30.18997
/Users/davidfeliperiveraguerra/dev/seneca/cv-project/data/IMG/center_2025_12_03_12_07_10_901.jpg,/Users/davidfeliperiveraguerra/dev/seneca/cv-project/data/IMG/left_2025_12_03_12_07_10_901.jpg,/Users/davidfeliperiveraguerra/dev/seneca/cv-project/data/IMG/right_2025_12_03_12_07_10_901.jpg,-0.2,1,0,30.18038
/Users/davidfeliperiveraguerra/dev/seneca/cv-project/data/IMG/center_2025_12_03_12_07_10_969.jpg,/Users/davidfeliperiveraguerra/dev/seneca/cv-project/data/IMG/left_2025_12_03_12_07_10_969.jpg,/Users/davidfeliperiveraguerra/dev/seneca/cv-project/data/IMG/right_2025_12_03_12_07_10_969.jpg,-0.4,1,0,30.15791
/Users/davidfeliperiveraguerra/dev/seneca/cv-project/data/IMG/center_2025_12_03_12_07_11_039.jpg,/Users/davidfeliperiveraguerra/dev/seneca/cv-project/data/IMG/left_2025_12_03_12_07_11_039.jpg,/Users/davidfeliperiveraguerra/dev/seneca/cv-project/data/IMG/right_2025_12_03_12_07_11_039.jpg,0,1,0,30.18755
/Users/davidfeliperiveraguerra/dev/seneca/cv-project/data/IMG/center_2025_12_03_12_07_11_111.jpg,/Users/davidfeliperiveraguerra/dev/seneca/cv-project/data/IMG/left_2025_12_03_12_07_11_111.jpg,/Users/davidfeliperiveraguerra/dev/seneca/cv-project/data/IMG/right_2025_12_03_12_07_11_111.jpg,0,1,0,30.18988
/Users/davidfeliperiveraguerra/dev/seneca/cv-project/data/IMG/center_2025_12_03_12_07_11_178.jpg,/Users/davidfeliperiveraguerra/dev/seneca/cv-project/data/IMG/left_2025_12_03_12_07_11_178.jpg,/Users/davidfeliperiveraguerra/dev/seneca/cv-project/data/IMG/right_2025_12_03_12_07_11_178.jpg,0,1,0,30.19019
/Users/davidfeliperiveraguerra/dev/seneca/cv-project/data/IMG/center_2025_12_03_12_07_11_244.jpg,/Users/davidfeliperiveraguerra/dev/seneca/cv-project/data/IMG/left_2025_12_03_12_07_11_244.jpg,/Users/davidfeliperiveraguerra/dev/seneca/cv-project/data/IMG/right_2025_12_03_12_07_11_244.jpg,0,1,0,30.19015
/Users/davidfeliperiveraguerra/dev/seneca/cv-project/data/IMG/center_2025_12_03_12_07_11_311.jpg,/Users/davidfeliperiveraguerra/dev/seneca/cv-project/data/IMG/left_2025_12_03_12_07_11_311.jpg,/Users/davidfeliperiveraguerra/dev/seneca/cv-project/data/IMG/right_2025_12_03_12_07_11_311.jpg,-0.05,1,0,30.1898
/Users/davidfeliperiveraguerra/dev/seneca/cv-project/data/IMG/center_2025_12_03_12_07_11_381.jpg,/Users/davidfeliperiveraguerra/dev/seneca/cv-project/data/IMG/left_2025_12_03_12_07_11_381.jpg,/Users/davidfeliperiveraguerra/dev/seneca/cv-project/data/IMG/right_2025_12_03_12_07_11_381.jpg,-0.2,1,0,30.18099
/Users/davidfeliperiveraguerra/dev/seneca/cv-project/data/IMG/center_2025_12_03_12_07_11_452.jpg,/Users/davidfeliperiveraguerra/dev/seneca/cv-project/data/IMG/left_2025_12_03_12_07_11_452.jpg,/Users/davidfeliperiveraguerra/dev/seneca/cv-project/data/IMG/right_2025_12_03_12_07_11_452.jpg,-0.4,1,0,30.15846
/Users/davidfeliperiveraguerra/dev/seneca/cv-project/data/IMG/center_2025_12_03_12_07_11_521.jpg,/Users/davidfeliperiveraguerra/dev/seneca/cv-project/data/IMG/left_2025_12_03_12_07_11_521.jpg,/Users/davidfeliperiveraguerra/dev/seneca/cv-project/data/IMG/right_2025_12_03_12_07_11_521.jpg,-0.5500001,1,0,30.14067
/Users/davidfeliperiveraguerra/dev/seneca/cv-project/data/IMG/center_2025_12_03_12_07_11_588.jpg,/Users/davidfeliperiveraguerra/dev/seneca/cv-project/data/IMG/left_2025_12_03_12_07_11_588.jpg,/Users/davidfeliperiveraguerra/dev/seneca/cv-project/data/IMG/right_2025_12_03_12_07_11_588.jpg,0,1,0,30.18656
/Users/davidfeliperiveraguerra/dev/seneca/cv-project/data/IMG/center_2025_12_03_12_07_11_658.jpg,/Users/davidfeliperiveraguerra/dev/seneca/cv-project/data/IMG/left_2025_12_03_12_07_11_658.jpg,/Users/davidfeliperiveraguerra/dev/seneca/cv-project/data/IMG/right_2025_12_03_12_07_11_658.jpg,0,1,0,30.18948
/Users/davidfeliperiveraguerra/dev/seneca/cv-project/data/IMG/center_2025_12_03_12_07_11_725.jpg,/Users/davidfeliperiveraguerra/dev/seneca/cv-project/data/IMG/left_2025_12_03_12_07_11_725.jpg,/Users/davidfeliperiveraguerra/dev/seneca/cv-project/data/IMG/right_2025_12_03_12_07_11_725.jpg,0,1,0,30.18939
/Users/davidfeliperiveraguerra/dev/seneca/cv-project/data/IMG/center_2025_12_03_12_07_11_792.jpg,/Users/davidfeliperiveraguerra/dev/seneca/cv-project/data/IMG/left_2025_12_03_12_07_11_792.jpg,/Users/davidfeliperiveraguerra/dev/seneca/cv-project/data/IMG/right_2025_12_03_12_07_11_792.jpg,0,1,0,30.19023
/Users/davidfeliperiveraguerra/dev/seneca/cv-project/data/IMG/center_2025_12_03_12_07_11_859.jpg,/Users/davidfeliperiveraguerra/dev/seneca/cv-project/data/IMG/left_2025_12_03_12_07_11_859.jpg,/Users/davidfeliperiveraguerra/dev/seneca/cv-project/data/IMG/right_2025_12_03_12_07_11_859.jpg,0,1,0,30.19039
/Users/davidfeliperiveraguerra/dev/seneca/cv-project/data/IMG/center_2025_12_03_12_07_11_926.jpg,/Users/davidfeliperiveraguerra/dev/seneca/cv-project/data/IMG/left_2025_12_03_12_07_11_926.jpg,/Users/davidfeliperiveraguerra/dev/seneca/cv-project/data/IMG/right_2025_12_03_12_07_11_926.jpg,-0.2,1,0,30.1809
/Users/davidfeliperiveraguerra/dev/seneca/cv-project/data/IMG/center_2025_12_03_12_07_11_995.jpg,/Users/davidfeliperiveraguerra/dev/seneca/cv-project/data/IMG/left_2025_12_03_12_07_11_995.jpg,/Users/davidfeliperiveraguerra/dev/seneca/cv-project/data/IMG/right_2025_12_03_12_07_11_995.jpg,-0.35,1,0,30.16465
/Users/davidfeliperiveraguerra/dev/seneca/cv-project/data/IMG/center_2025_12_03_12_07_12_065.jpg,/Users/davidfeliperiveraguerra/dev/seneca/cv-project/data/IMG/left_2025_12_03_12_07_12_065.jpg,/Users/davidfeliperiveraguerra/dev/seneca/cv-project/data/IMG/right_2025_12_03_12_07_12_065.jpg,0,1,0,30.18961
/Users/davidfeliperiveraguerra/dev/seneca/cv-project/data/IMG/center_2025_12_03_12_07_12_136.jpg,/Users/davidfeliperiveraguerra/dev/seneca/cv-project/data/IMG/left_2025_12_03_12_07_12_136.jpg,/Users/davidfeliperiveraguerra/dev/seneca/cv-project/data/IMG/right_2025_12_03_12_07_12_136.jpg,0,1,0,30.18997
/Users/davidfeliperiveraguerra/dev/seneca/cv-project/data/IMG/center_2025_12_03_12_07_12_205.jpg,/Users/davidfeliperiveraguerra/dev/seneca/cv-project/data/IMG/left_2025_12_03_12_07_12_205.jpg,/Users/davidfeliperiveraguerra/dev/seneca/cv-project/data/IMG/right_2025_12_03_12_07_12_205.jpg,0,1,0,30.18975
/Users/davidfeliperiveraguerra/dev/seneca/cv-project/data/IMG/center_2025_12_03_12_07_12_272.jpg,/Users/davidfeliperiveraguerra/dev/seneca/cv-project/data/IMG/left_2025_12_03_12_07_12_272.jpg,/Users/davidfeliperiveraguerra/dev/seneca/cv-project/data/IMG/right_2025_12_03_12_07_12_272.jpg,-0.05,1,0,30.18992
/Users/davidfeliperiveraguerra/dev/seneca/cv-project/data/IMG/center_2025_12_03_12_07_12_340.jpg,/Users/davidfeliperiveraguerra/dev/seneca/cv-project/data/IMG/left_2025_12_03_12_07_12_340.jpg,/Users/davidfeliperiveraguerra/dev/seneca/cv-project/data/IMG/right_2025_12_03_12_07_12_340.jpg,-0.2,1,0,30.18081
/Users/davidfeliperiveraguerra/dev/seneca/cv-project/data/IMG/center_2025_12_03_12_07_12_410.jpg,/Users/davidfeliperiveraguerra/dev/seneca/cv-project/data/IMG/left_2025_12_03_12_07_12_410.jpg,/Users/davidfeliperiveraguerra/dev/seneca/cv-project/data/IMG/right_2025_12_03_12_07_12_410.jpg,0,1,0,30.18999
/Users/davidfeliperiveraguerra/dev/seneca/cv-project/data/IMG/center_2025_12_03_12_07_12_478.jpg,/Users/davidfeliperiveraguerra/dev/seneca/cv-project/data/IMG/left_2025_12_03_12_07_12_478.jpg,/Users/davidfeliperiveraguerra/dev/seneca/cv-project/data/IMG/right_2025_12_03_12_07_12_478.jpg,0,1,0,30.18971
/Users/davidfeliperiveraguerra/dev/seneca/cv-project/data/IMG/center_2025_12_03_12_07_12_547.jpg,/Users/davidfeliperiveraguerra/dev/seneca/cv-project/data/IMG/left_2025_12_03_12_07_12_547.jpg,/Users/davidfeliperiveraguerra/dev/seneca/cv-project/data/IMG/right_2025_12_03_12_07_12_547.jpg,0,1,0,30.19018
/Users/davidfeliperiveraguerra/dev/seneca/cv-project/data/IMG/center_2025_12_03_12_07_12_614.jpg,/Users/davidfeliperiveraguerra/dev/seneca/cv-project/data/IMG/left_2025_12_03_12_07_12_614.jpg,/Users/davidfeliperiveraguerra/dev/seneca/cv-project/data/IMG/right_2025_12_03_12_07_12_614.jpg,0,1,0,30.19017
/Users/davidfeliperiveraguerra/dev/seneca/cv-project/data/IMG/center_2025_12_03_12_07_12_683.jpg,/Users/davidfeliperiveraguerra/dev/seneca/cv-project/data/IMG/left_2025_12_03_12_07_12_683.jpg,/Users/davidfeliperiveraguerra/dev/seneca/cv-project/data/IMG/right_2025_12_03_12_07_12_683.jpg,0,1,0,30.19018
/Users/davidfeliperiveraguerra/dev/seneca/cv-project/data/IMG/center_2025_12_03_12_07_12_750.jpg,/Users/davidfeliperiveraguerra/dev/seneca/cv-project/data/IMG/left_2025_12_03_12_07_12_750.jpg,/Users/davidfeliperiveraguerra/dev/seneca/cv-project/data/IMG/right_2025_12_03_12_07_12_750.jpg,0,1,0,30.19028
/Users/davidfeliperiveraguerra/dev/seneca/cv-project/data/IMG/center_2025_12_03_12_07_12_818.jpg,/Users/davidfeliperiveraguerra/dev/seneca/cv-project/data/IMG/left_2025_12_03_12_07_12_818.jpg,/Users/davidfeliperiveraguerra/dev/seneca/cv-project/data/IMG/right_2025_12_03_12_07_12_818.jpg,0,1,0,30.19027
/Users/davidfeliperiveraguerra/dev/seneca/cv-project/data/IMG/center_2025_12_03_12_07_12_888.jpg,/Users/davidfeliperiveraguerra/dev/seneca/cv-project/data/IMG/left_2025_12_03_12_07_12_888.jpg,/Users/davidfeliperiveraguerra/dev/seneca/cv-project/data/IMG/right_2025_12_03_12_07_12_888.jpg,0,1,0,30.19181
/Users/davidfeliperiveraguerra/dev/seneca/cv-project/data/IMG/center_2025_12_03_12_07_12_955.jpg,/Users/davidfeliperiveraguerra/dev/seneca/cv-project/data/IMG/left_2025_12_03_12_07_12_955.jpg,/Users/davidfeliperiveraguerra/dev/seneca/cv-project/data/IMG/right_2025_12_03_12_07_12_955.jpg,0,1,0,30.18968
/Users/davidfeliperiveraguerra/dev/seneca/cv-project/data/IMG/center_2025_12_03_12_07_13_022.jpg,/Users/davidfeliperiveraguerra/dev/seneca/cv-project/data/IMG/left_2025_12_03_12_07_13_022.jpg,/Users/davidfeliperiveraguerra/dev/seneca/cv-project/data/IMG/right_2025_12_03_12_07_13_022.jpg,0,1,0,30.18996
/Users/davidfeliperiveraguerra/dev/seneca/cv-project/data/IMG/center_2025_12_03_12_07_13_095.jpg,/Users/davidfeliperiveraguerra/dev/seneca/cv-project/data/IMG/left_2025_12_03_12_07_13_095.jpg,/Users/davidfeliperiveraguerra/dev/seneca/cv-project/data/IMG/right_2025_12_03_12_07_13_095.jpg,0,1,0,30.1906
/Users/davidfeliperiveraguerra/dev/seneca/cv-project/data/IMG/center_2025_12_03_12_07_13_162.jpg,/Users/davidfeliperiveraguerra/dev/seneca/cv-project/data/IMG/left_2025_12_03_12_07_13_162.jpg,/Users/davidfeliperiveraguerra/dev/seneca/cv-project/data/IMG/right_2025_12_03_12_07_13_162.jpg,-0.1,1,0,30.18703
/Users/davidfeliperiveraguerra/dev/seneca/cv-project/data/IMG/center_2025_12_03_12_07_13_228.jpg,/Users/davidfeliperiveraguerra/dev/seneca/cv-project/data/IMG/left_2025_12_03_12_07_13_228.jpg,/Users/davidfeliperiveraguerra/dev/seneca/cv-project/data/IMG/right_2025_12_03_12_07_13_228.jpg,-0.3,1,0,30.1693
/Users/davidfeliperiveraguerra/dev/seneca/cv-project/data/IMG/center_2025_12_03_12_07_13_295.jpg,/Users/davidfeliperiveraguerra/dev/seneca/cv-project/data/IMG/left_2025_12_03_12_07_13_295.jpg,/Users/davidfeliperiveraguerra/dev/seneca/cv-project/data/IMG/right_2025_12_03_12_07_13_295.jpg,-0.45,1,0,30.15181
/Users/davidfeliperiveraguerra/dev/seneca/cv-project/data/IMG/center_2025_12_03_12_07_13_367.jpg,/Users/davidfeliperiveraguerra/dev/seneca/cv-project/data/IMG/left_2025_12_03_12_07_13_367.jpg,/Users/davidfeliperiveraguerra/dev/seneca/cv-project/data/IMG/right_2025_12_03_12_07_13_367.jpg,0,1,0,30.18283
/Users/davidfeliperiveraguerra/dev/seneca/cv-project/data/IMG/center_2025_12_03_12_07_13_439.jpg,/Users/davidfeliperiveraguerra/dev/seneca/cv-project/data/IMG/left_2025_12_03_12_07_13_439.jpg,/Users/davidfeliperiveraguerra/dev/seneca/cv-project/data/IMG/right_2025_12_03_12_07_13_439.jpg,0,1,0,30.18757
/Users/davidfeliperiveraguerra/dev/seneca/cv-project/data/IMG/center_2025_12_03_12_07_13_506.jpg,/Users/davidfeliperiveraguerra/dev/seneca/cv-project/data/IMG/left_2025_12_03_12_07_13_506.jpg,/Users/davidfeliperiveraguerra/dev/seneca/cv-project/data/IMG/right_2025_12_03_12_07_13_506.jpg,0,1,0,30.18983
/Users/davidfeliperiveraguerra/dev/seneca/cv-project/data/IMG/center_2025_12_03_12_07_13_573.jpg,/Users/davidfeliperiveraguerra/dev/seneca/cv-project/data/IMG/left_2025_12_03_12_07_13_573.jpg,/Users/davidfeliperiveraguerra/dev/seneca/cv-project/data/IMG/right_2025_12_03_12_07_13_573.jpg,0,1,0,30.19025
/Users/davidfeliperiveraguerra/dev/seneca/cv-project/data/IMG/center_2025_12_03_12_07_13_642.jpg,/Users/davidfeliperiveraguerra/dev/seneca/cv-project/data/IMG/left_2025_12_03_12_07_13_642.jpg,/Users/davidfeliperiveraguerra/dev/seneca/cv-project/data/IMG/right_2025_12_03_12_07_13_642.jpg,0,1,0,30.18993
/Users/davidfeliperiveraguerra/dev/seneca/cv-project/data/IMG/center_2025_12_03_12_07_13_713.jpg,/Users/davidfeliperiveraguerra/dev/seneca/cv-project/data/IMG/left_2025_12_03_12_07_13_713.jpg,/Users/davidfeliperiveraguerra/dev/seneca/cv-project/data/IMG/right_2025_12_03_12_07_13_713.jpg,0,1,0,30.1901
/Users/davidfeliperiveraguerra/dev/seneca/cv-project/data/IMG/center_2025_12_03_12_07_13_785.jpg,/Users/davidfeliperiveraguerra/dev/seneca/cv-project/data/IMG/left_2025_12_03_12_07_13_785.jpg,/Users/davidfeliperiveraguerra/dev/seneca/cv-project/data/IMG/right_2025_12_03_12_07_13_785.jpg,0,1,0,30.19018
/Users/davidfeliperiveraguerra/dev/seneca/cv-project/data/IMG/center_2025_12_03_12_07_13_853.jpg,/Users/davidfeliperiveraguerra/dev/seneca/cv-project/data/IMG/left_2025_12_03_12_07_13_853.jpg,/Users/davidfeliperiveraguerra/dev/seneca/cv-project/data/IMG/right_2025_12_03_12_07_13_853.jpg,-0.05,1,0,30.18913
/Users/davidfeliperiveraguerra/dev/seneca/cv-project/data/IMG/center_2025_12_03_12_07_13_924.jpg,/Users/davidfeliperiveraguerra/dev/seneca/cv-project/data/IMG/left_2025_12_03_12_07_13_924.jpg,/Users/davidfeliperiveraguerra/dev/seneca/cv-project/data/IMG/right_2025_12_03_12_07_13_924.jpg,-0.25,1,0,30.17505
/Users/davidfeliperiveraguerra/dev/seneca/cv-project/data/IMG/center_2025_12_03_12_07_13_993.jpg,/Users/davidfeliperiveraguerra/dev/seneca/cv-project/data/IMG/left_2025_12_03_12_07_13_993.jpg,/Users/davidfeliperiveraguerra/dev/seneca/cv-project/data/IMG/right_2025_12_03_12_07_13_993.jpg,0,1,0,30.18919
/Users/davidfeliperiveraguerra/dev/seneca/cv-project/data/IMG/center_2025_12_03_12_07_14_063.jpg,/Users/davidfeliperiveraguerra/dev/seneca/cv-project/data/IMG/left_2025_12_03_12_07_14_063.jpg,/Users/davidfeliperiveraguerra/dev/seneca/cv-project/data/IMG/right_2025_12_03_12_07_14_063.jpg,0,1,0,30.19007
/Users/davidfeliperiveraguerra/dev/seneca/cv-project/data/IMG/center_2025_12_03_12_07_14_131.jpg,/Users/davidfeliperiveraguerra/dev/seneca/cv-project/data/IMG/left_2025_12_03_12_07_14_131.jpg,/Users/davidfeliperiveraguerra/dev/seneca/cv-project/data/IMG/right_2025_12_03_12_07_14_131.jpg,0,1,0,30.19023
/Users/davidfeliperiveraguerra/dev/seneca/cv-project/data/IMG/center_2025_12_03_12_07_14_199.jpg,/Users/davidfeliperiveraguerra/dev/seneca/cv-project/data/IMG/left_2025_12_03_12_07_14_199.jpg,/Users/davidfeliperiveraguerra/dev/seneca/cv-project/data/IMG/right_2025_12_03_12_07_14_199.jpg,0,1,0,30.19023
/Users/davidfeliperiveraguerra/dev/seneca/cv-project/data/IMG/center_2025_12_03_12_07_14_269.jpg,/Users/davidfeliperiveraguerra/dev/seneca/cv-project/data/IMG/left_2025_12_03_12_07_14_269.jpg,/Users/davidfeliperiveraguerra/dev/seneca/cv-project/data/IMG/right_2025_12_03_12_07_14_269.jpg,0,1,0,30.19021
/Users/davidfeliperiveraguerra/dev/seneca/cv-project/data/IMG/center_2025_12_03_12_07_14_340.jpg,/Users/davidfeliperiveraguerra/dev/seneca/cv-project/data/IMG/left_2025_12_03_12_07_14_340.jpg,/Users/davidfeliperiveraguerra/dev/seneca/cv-project/data/IMG/right_2025_12_03_12_07_14_340.jpg,-0.05,1,0,30.18976
/Users/davidfeliperiveraguerra/dev/seneca/cv-project/data/IMG/center_2025_12_03_12_07_14_413.jpg,/Users/davidfeliperiveraguerra/dev/seneca/cv-project/data/IMG/left_2025_12_03_12_07_14_413.jpg,/Users/davidfeliperiveraguerra/dev/seneca/cv-project/data/IMG/right_2025_12_03_12_07_14_413.jpg,-0.25,1,0,30.17509
/Users/davidfeliperiveraguerra/dev/seneca/cv-project/data/IMG/center_2025_12_03_12_07_14_480.jpg,/Users/davidfeliperiveraguerra/dev/seneca/cv-project/data/IMG/left_2025_12_03_12_07_14_480.jpg,/Users/davidfeliperiveraguerra/dev/seneca/cv-project/data/IMG/right_2025_12_03_12_07_14_480.jpg,-0.4,1,0,30.15798
/Users/davidfeliperiveraguerra/dev/seneca/cv-project/data/IMG/center_2025_12_03_12_07_14_549.jpg,/Users/davidfeliperiveraguerra/dev/seneca/cv-project/data/IMG/left_2025_12_03_12_07_14_549.jpg,/Users/davidfeliperiveraguerra/dev/seneca/cv-project/data/IMG/right_2025_12_03_12_07_14_549.jpg,0,1,0,30.18641
/Users/davidfeliperiveraguerra/dev/seneca/cv-project/data/IMG/center_2025_12_03_12_07_14_619.jpg,/Users/davidfeliperiveraguerra/dev/seneca/cv-project/data/IMG/left_2025_12_03_12_07_14_619.jpg,/Users/davidfeliperiveraguerra/dev/seneca/cv-project/data/IMG/right_2025_12_03_12_07_14_619.jpg,0,1,0,30.18876
/Users/davidfeliperiveraguerra/dev/seneca/cv-project/data/IMG/center_2025_12_03_12_07_14_688.jpg,/Users/davidfeliperiveraguerra/dev/seneca/cv-project/data/IMG/left_2025_12_03_12_07_14_688.jpg,/Users/davidfeliperiveraguerra/dev/seneca/cv-project/data/IMG/right_2025_12_03_12_07_14_688.jpg,0,1,0,30.19001
/Users/davidfeliperiveraguerra/dev/seneca/cv-project/data/IMG/center_2025_12_03_12_07_14_758.jpg,/Users/davidfeliperiveraguerra/dev/seneca/cv-project/data/IMG/left_2025_12_03_12_07_14_758.jpg,/Users/davidfeliperiveraguerra/dev/seneca/cv-project/data/IMG/right_2025_12_03_12_07_14_758.jpg,0,1,0,30.19024
/Users/davidfeliperiveraguerra/dev/seneca/cv-project/data/IMG/center_2025_12_03_12_07_14_826.jpg,/Users/davidfeliperiveraguerra/dev/seneca/cv-project/data/IMG/left_2025_12_03_12_07_14_826.jpg,/Users/davidfeliperiveraguerra/dev/seneca/cv-project/data/IMG/right_2025_12_03_12_07_14_826.jpg,0,1,0,30.19033
/Users/davidfeliperiveraguerra/dev/seneca/cv-project/data/IMG/center_2025_12_03_12_07_14_896.jpg,/Users/davidfeliperiveraguerra/dev/seneca/cv-project/data/IMG/left_2025_12_03_12_07_14_896.jpg,/Users/davidfeliperiveraguerra/dev/seneca/cv-project/data/IMG/right_2025_12_03_12_07_14_896.jpg,-0.05,1,0,30.18993
/Users/davidfeliperiveraguerra/dev/seneca/cv-project/data/IMG/center_2025_12_03_12_07_14_964.jpg,/Users/davidfeliperiveraguerra/dev/seneca/cv-project/data/IMG/left_2025_12_03_12_07_14_964.jpg,/Users/davidfeliperiveraguerra/dev/seneca/cv-project/data/IMG/right_2025_12_03_12_07_14_964.jpg,-0.25,1,0,30.17571
/Users/davidfeliperiveraguerra/dev/seneca/cv-project/data/IMG/center_2025_12_03_12_07_15_031.jpg,/Users/davidfeliperiveraguerra/dev/seneca/cv-project/data/IMG/left_2025_12_03_12_07_15_031.jpg,/Users/davidfeliperiveraguerra/dev/seneca/cv-project/data/IMG/right_2025_12_03_12_07_15_031.jpg,0,1,0,30.18946
/Users/davidfeliperiveraguerra/dev/seneca/cv-project/data/IMG/center_2025_12_03_12_07_15_099.jpg,/Users/davidfeliperiveraguerra/dev/seneca/cv-project/data/IMG/left_2025_12_03_12_07_15_099.jpg,/Users/davidfeliperiveraguerra/dev/seneca/cv-project/data/IMG/right_2025_12_03_12_07_15_099.jpg,0,1,0,30.1903
/Users/davidfeliperiveraguerra/dev/seneca/cv-project/data/IMG/center_2025_12_03_12_07_15_166.jpg,/Users/davidfeliperiveraguerra/dev/seneca/cv-project/data/IMG/left_2025_12_03_12_07_15_166.jpg,/Users/davidfeliperiveraguerra/dev/seneca/cv-project/data/IMG/right_2025_12_03_12_07_15_166.jpg,0,1,0,30.19007
/Users/davidfeliperiveraguerra/dev/seneca/cv-project/data/IMG/center_2025_12_03_12_07_15_233.jpg,/Users/davidfeliperiveraguerra/dev/seneca/cv-project/data/IMG/left_2025_12_03_12_07_15_233.jpg,/Users/davidfeliperiveraguerra/dev/seneca/cv-project/data/IMG/right_2025_12_03_12_07_15_233.jpg,0,1,0,30.1902
/Users/davidfeliperiveraguerra/dev/seneca/cv-project/data/IMG/center_2025_12_03_12_07_15_300.jpg,/Users/davidfeliperiveraguerra/dev/seneca/cv-project/data/IMG/left_2025_12_03_12_07_15_300.jpg,/Users/davidfeliperiveraguerra/dev/seneca/cv-project/data/IMG/right_2025_12_03_12_07_15_300.jpg,0,1,0,30.19029
/Users/davidfeliperiveraguerra/dev/seneca/cv-project/data/IMG/center_2025_12_03_12_07_15_372.jpg,/Users/davidfeliperiveraguerra/dev/seneca/cv-project/data/IMG/left_2025_12_03_12_07_15_372.jpg,/Users/davidfeliperiveraguerra/dev/seneca/cv-project/data/IMG/right_2025_12_03_12_07_15_372.jpg,0,1,0,30.19109
/Users/davidfeliperiveraguerra/dev/seneca/cv-project/data/IMG/center_2025_12_03_12_07_15_438.jpg,/Users/davidfeliperiveraguerra/dev/seneca/cv-project/data/IMG/left_2025_12_03_12_07_15_438.jpg,/Users/davidfeliperiveraguerra/dev/seneca/cv-project/data/IMG/right_2025_12_03_12_07_15_438.jpg,0,1,0,30.19004
/Users/davidfeliperiveraguerra/dev/seneca/cv-project/data/IMG/center_2025_12_03_12_07_15_510.jpg,/Users/davidfeliperiveraguerra/dev/seneca/cv-project/data/IMG/left_2025_12_03_12_07_15_510.jpg,/Users/davidfeliperiveraguerra/dev/seneca/cv-project/data/IMG/right_2025_12_03_12_07_15_510.jpg,0,1,0,30.19026
/Users/davidfeliperiveraguerra/dev/seneca/cv-project/data/IMG/center_2025_12_03_12_07_15_582.jpg,/Users/davidfeliperiveraguerra/dev/seneca/cv-project/data/IMG/left_2025_12_03_12_07_15_582.jpg,/Users/davidfeliperiveraguerra/dev/seneca/cv-project/data/IMG/right_2025_12_03_12_07_15_582.jpg,0,1,0,30.19024
/Users/davidfeliperiveraguerra/dev/seneca/cv-project/data/IMG/center_2025_12_03_12_07_15_649.jpg,/Users/davidfeliperiveraguerra/dev/seneca/cv-project/data/IMG/left_2025_12_03_12_07_15_649.jpg,/Users/davidfeliperiveraguerra/dev/seneca/cv-project/data/IMG/right_2025_12_03_12_07_15_649.jpg,0,1,0,30.19029
/Users/davidfeliperiveraguerra/dev/seneca/cv-project/data/IMG/center_2025_12_03_12_07_15_720.jpg,/Users/davidfeliperiveraguerra/dev/seneca/cv-project/data/IMG/left_2025_12_03_12_07_15_720.jpg,/Users/davidfeliperiveraguerra/dev/seneca/cv-project/data/IMG/right_2025_12_03_12_07_15_720.jpg,0,1,0,30.19025
/Users/davidfeliperiveraguerra/dev/seneca/cv-project/data/IMG/center_2025_12_03_12_07_15_790.jpg,/Users/davidfeliperiveraguerra/dev/seneca/cv-project/data/IMG/left_2025_12_03_12_07_15_790.jpg,/Users/davidfeliperiveraguerra/dev/seneca/cv-project/data/IMG/right_2025_12_03_12_07_15_790.jpg,-0.2,1,0,30.18009
/Users/davidfeliperiveraguerra/dev/seneca/cv-project/data/IMG/center_2025_12_03_12_07_15_857.jpg,/Users/davidfeliperiveraguerra/dev/seneca/cv-project/data/IMG/left_2025_12_03_12_07_15_857.jpg,/Users/davidfeliperiveraguerra/dev/seneca/cv-project/data/IMG/right_2025_12_03_12_07_15_857.jpg,-0.35,1,0,30.164
/Users/davidfeliperiveraguerra/dev/seneca/cv-project/data/IMG/center_2025_12_03_12_07_15_929.jpg,/Users/davidfeliperiveraguerra/dev/seneca/cv-project/data/IMG/left_2025_12_03_12_07_15_929.jpg,/Users/davidfeliperiveraguerra/dev/seneca/cv-project/data/IMG/right_2025_12_03_12_07_15_929.jpg,0,1,0,30.18952
/Users/davidfeliperiveraguerra/dev/seneca/cv-project/data/IMG/center_2025_12_03_12_07_15_996.jpg,/Users/davidfeliperiveraguerra/dev/seneca/cv-project/data/IMG/left_2025_12_03_12_07_15_996.jpg,/Users/davidfeliperiveraguerra/dev/seneca/cv-project/data/IMG/right_2025_12_03_12_07_15_996.jpg,0,1,0,30.18947
/Users/davidfeliperiveraguerra/dev/seneca/cv-project/data/IMG/center_2025_12_03_12_07_16_063.jpg,/Users/davidfeliperiveraguerra/dev/seneca/cv-project/data/IMG/left_2025_12_03_12_07_16_063.jpg,/Users/davidfeliperiveraguerra/dev/seneca/cv-project/data/IMG/right_2025_12_03_12_07_16_063.jpg,0,1,0,30.1902
/Users/davidfeliperiveraguerra/dev/seneca/cv-project/data/IMG/center_2025_12_03_12_07_16_135.jpg,/Users/davidfeliperiveraguerra/dev/seneca/cv-project/data/IMG/left_2025_12_03_12_07_16_135.jpg,/Users/davidfeliperiveraguerra/dev/seneca/cv-project/data/IMG/right_2025_12_03_12_07_16_135.jpg,0,1,0,30.19034
/Users/davidfeliperiveraguerra/dev/seneca/cv-project/data/IMG/center_2025_12_03_12_07_16_207.jpg,/Users/davidfeliperiveraguerra/dev/seneca/cv-project/data/IMG/left_2025_12_03_12_07_16_207.jpg,/Users/davidfeliperiveraguerra/dev/seneca/cv-project/data/IMG/right_2025_12_03_12_07_16_207.jpg,0,1,0,30.18992
/Users/davidfeliperiveraguerra/dev/seneca/cv-project/data/IMG/center_2025_12_03_12_07_16_273.jpg,/Users/davidfeliperiveraguerra/dev/seneca/cv-project/data/IMG/left_2025_12_03_12_07_16_273.jpg,/Users/davidfeliperiveraguerra/dev/seneca/cv-project/data/IMG/right_2025_12_03_12_07_16_273.jpg,0,1,0,30.19018
/Users/davidfeliperiveraguerra/dev/seneca/cv-project/data/IMG/center_2025_12_03_12_07_16_347.jpg,/Users/davidfeliperiveraguerra/dev/seneca/cv-project/data/IMG/left_2025_12_03_12_07_16_347.jpg,/Users/davidfeliperiveraguerra/dev/seneca/cv-project/data/IMG/right_2025_12_03_12_07_16_347.jpg,0,1,0,30.19027
/Users/davidfeliperiveraguerra/dev/seneca/cv-project/data/IMG/center_2025_12_03_12_07_16_418.jpg,/Users/davidfeliperiveraguerra/dev/seneca/cv-project/data/IMG/left_2025_12_03_12_07_16_418.jpg,/Users/davidfeliperiveraguerra/dev/seneca/cv-project/data/IMG/right_2025_12_03_12_07_16_418.jpg,0,1,0,30.19028
/Users/davidfeliperiveraguerra/dev/seneca/cv-project/data/IMG/center_2025_12_03_12_07_16_490.jpg,/Users/davidfeliperiveraguerra/dev/seneca/cv-project/data/IMG/left_2025_12_03_12_07_16_490.jpg,/Users/davidfeliperiveraguerra/dev/seneca/cv-project/data/IMG/right_2025_12_03_12_07_16_490.jpg,0,1,0,30.19029
/Users/davidfeliperiveraguerra/dev/seneca/cv-project/data/IMG/center_2025_12_03_12_07_16_563.jpg,/Users/davidfeliperiveraguerra/dev/seneca/cv-project/data/IMG/left_2025_12_03_12_07_16_563.jpg,/Users/davidfeliperiveraguerra/dev/seneca/cv-project/data/IMG/right_2025_12_03_12_07_16_563.jpg,-0.2,1,0,30.18019
/Users/davidfeliperiveraguerra/dev/seneca/cv-project/data/IMG/center_2025_12_03_12_07_16_630.jpg,/Users/davidfeliperiveraguerra/dev/seneca/cv-project/data/IMG/left_2025_12_03_12_07_16_630.jpg,/Users/davidfeliperiveraguerra/dev/seneca/cv-project/data/IMG/right_2025_12_03_12_07_16_630.jpg,0,1,0,30.18965
/Users/davidfeliperiveraguerra/dev/seneca/cv-project/data/IMG/center_2025_12_03_12_07_16_701.jpg,/Users/davidfeliperiveraguerra/dev/seneca/cv-project/data/IMG/left_2025_12_03_12_07_16_701.jpg,/Users/davidfeliperiveraguerra/dev/seneca/cv-project/data/IMG/right_2025_12_03_12_07_16_701.jpg,0,1,0,30.19026
/Users/davidfeliperiveraguerra/dev/seneca/cv-project/data/IMG/center_2025_12_03_12_07_16_768.jpg,/Users/davidfeliperiveraguerra/dev/seneca/cv-project/data/IMG/left_2025_12_03_12_07_16_768.jpg,/Users/davidfeliperiveraguerra/dev/seneca/cv-project/data/IMG/right_2025_12_03_12_07_16_768.jpg,0,1,0,30.19033
/Users/davidfeliperiveraguerra/dev/seneca/cv-project/data/IMG/center_2025_12_03_12_07_16_840.jpg,/Users/davidfeliperiveraguerra/dev/seneca/cv-project/data/IMG/left_2025_12_03_12_07_16_840.jpg,/Users/davidfeliperiveraguerra/dev/seneca/cv-project/data/IMG/right_2025_12_03_12_07_16_840.jpg,0,1,0,30.18989
/Users/davidfeliperiveraguerra/dev/seneca/cv-project/data/IMG/center_2025_12_03_12_07_16_907.jpg,/Users/davidfeliperiveraguerra/dev/seneca/cv-project/data/IMG/left_2025_12_03_12_07_16_907.jpg,/Users/davidfeliperiveraguerra/dev/seneca/cv-project/data/IMG/right_2025_12_03_12_07_16_907.jpg,0,1,0,30.19021
/Users/davidfeliperiveraguerra/dev/seneca/cv-project/data/IMG/center_2025_12_03_12_07_16_980.jpg,/Users/davidfeliperiveraguerra/dev/seneca/cv-project/data/IMG/left_2025_12_03_12_07_16_980.jpg,/Users/davidfeliperiveraguerra/dev/seneca/cv-project/data/IMG/right_2025_12_03_12_07_16_980.jpg,0,1,0,30.19029
/Users/davidfeliperiveraguerra/dev/seneca/cv-project/data/IMG/center_2025_12_03_12_07_17_052.jpg,/Users/davidfeliperiveraguerra/dev/seneca/cv-project/data/IMG/left_2025_12_03_12_07_17_052.jpg,/Users/davidfeliperiveraguerra/dev/seneca/cv-project/data/IMG/right_2025_12_03_12_07_17_052.jpg,0,1,0,30.18989
/Users/davidfeliperiveraguerra/dev/seneca/cv-project/data/IMG/center_2025_12_03_12_07_17_118.jpg,/Users/davidfeliperiveraguerra/dev/seneca/cv-project/data/IMG/left_2025_12_03_12_07_17_118.jpg,/Users/davidfeliperiveraguerra/dev/seneca/cv-project/data/IMG/right_2025_12_03_12_07_17_118.jpg,0,1,0,30.19011
/Users/davidfeliperiveraguerra/dev/seneca/cv-project/data/IMG/center_2025_12_03_12_07_17_185.jpg,/Users/davidfeliperiveraguerra/dev/seneca/cv-project/data/IMG/left_2025_12_03_12_07_17_185.jpg,/Users/davidfeliperiveraguerra/dev/seneca/cv-project/data/IMG/right_2025_12_03_12_07_17_185.jpg,-0.1,1,0,30.18778
/Users/davidfeliperiveraguerra/dev/seneca/cv-project/data/IMG/center_2025_12_03_12_07_17_252.jpg,/Users/davidfeliperiveraguerra/dev/seneca/cv-project/data/IMG/left_2025_12_03_12_07_17_252.jpg,/Users/davidfeliperiveraguerra/dev/seneca/cv-project/data/IMG/right_2025_12_03_12_07_17_252.jpg,0,1,0,30.18724
/Users/davidfeliperiveraguerra/dev/seneca/cv-project/data/IMG/center_2025_12_03_12_07_17_324.jpg,/Users/davidfeliperiveraguerra/dev/seneca/cv-project/data/IMG/left_2025_12_03_12_07_17_324.jpg,/Users/davidfeliperiveraguerra/dev/seneca/cv-project/data/IMG/right_2025_12_03_12_07_17_324.jpg,0,1,0,30.1901
/Users/davidfeliperiveraguerra/dev/seneca/cv-project/data/IMG/center_2025_12_03_12_07_17_390.jpg,/Users/davidfeliperiveraguerra/dev/seneca/cv-project/data/IMG/left_2025_12_03_12_07_17_390.jpg,/Users/davidfeliperiveraguerra/dev/seneca/cv-project/data/IMG/right_2025_12_03_12_07_17_390.jpg,0,1,0,30.19024
/Users/davidfeliperiveraguerra/dev/seneca/cv-project/data/IMG/center_2025_12_03_12_07_17_464.jpg,/Users/davidfeliperiveraguerra/dev/seneca/cv-project/data/IMG/left_2025_12_03_12_07_17_464.jpg,/Users/davidfeliperiveraguerra/dev/seneca/cv-project/data/IMG/right_2025_12_03_12_07_17_464.jpg,0,1,0,30.19025
/Users/davidfeliperiveraguerra/dev/seneca/cv-project/data/IMG/center_2025_12_03_12_07_17_530.jpg,/Users/davidfeliperiveraguerra/dev/seneca/cv-project/data/IMG/left_2025_12_03_12_07_17_530.jpg,/Users/davidfeliperiveraguerra/dev/seneca/cv-project/data/IMG/right_2025_12_03_12_07_17_530.jpg,0,1,0,30.19028
/Users/davidfeliperiveraguerra/dev/seneca/cv-project/data/IMG/center_2025_12_03_12_07_17_602.jpg,/Users/davidfeliperiveraguerra/dev/seneca/cv-project/data/IMG/left_2025_12_03_12_07_17_602.jpg,/Users/davidfeliperiveraguerra/dev/seneca/cv-project/data/IMG/right_2025_12_03_12_07_17_602.jpg,0,1,0,30.19031
/Users/davidfeliperiveraguerra/dev/seneca/cv-project/data/IMG/center_2025_12_03_12_07_17_669.jpg,/Users/davidfeliperiveraguerra/dev/seneca/cv-project/data/IMG/left_2025_12_03_12_07_17_669.jpg,/Users/davidfeliperiveraguerra/dev/seneca/cv-project/data/IMG/right_2025_12_03_12_07_17_669.jpg,-0.1,1,0,30.18827
/Users/davidfeliperiveraguerra/dev/seneca/cv-project/data/IMG/center_2025_12_03_12_07_17_740.jpg,/Users/davidfeliperiveraguerra/dev/seneca/cv-project/data/IMG/left_2025_12_03_12_07_17_740.jpg,/Users/davidfeliperiveraguerra/dev/seneca/cv-project/data/IMG/right_2025_12_03_12_07_17_740.jpg,0,1,0,30.18713
/Users/davidfeliperiveraguerra/dev/seneca/cv-project/data/IMG/center_2025_12_03_12_07_17_807.jpg,/Users/davidfeliperiveraguerra/dev/seneca/cv-project/data/IMG/left_2025_12_03_12_07_17_807.jpg,/Users/davidfeliperiveraguerra/dev/seneca/cv-project/data/IMG/right_2025_12_03_12_07_17_807.jpg,0,1,0,30.19004
/Users/davidfeliperiveraguerra/dev/seneca/cv-project/data/IMG/center_2025_12_03_12_07_17_880.jpg,/Users/davidfeliperiveraguerra/dev/seneca/cv-project/data/IMG/left_2025_12_03_12_07_17_880.jpg,/Users/davidfeliperiveraguerra/dev/seneca/cv-project/data/IMG/right_2025_12_03_12_07_17_880.jpg,0,1,0,30.19073
/Users/davidfeliperiveraguerra/dev/seneca/cv-project/data/IMG/center_2025_12_03_12_07_17_947.jpg,/Users/davidfeliperiveraguerra/dev/seneca/cv-project/data/IMG/left_2025_12_03_12_07_17_947.jpg,/Users/davidfeliperiveraguerra/dev/seneca/cv-project/data/IMG/right_2025_12_03_12_07_17_947.jpg,0,1,0,30.1901
/Users/davidfeliperiveraguerra/dev/seneca/cv-project/data/IMG/center_2025_12_03_12_07_18_016.jpg,/Users/davidfeliperiveraguerra/dev/seneca/cv-project/data/IMG/left_2025_12_03_12_07_18_016.jpg,/Users/davidfeliperiveraguerra/dev/seneca/cv-project/data/IMG/right_2025_12_03_12_07_18_016.jpg,0,1,0,30.19022
/Users/davidfeliperiveraguerra/dev/seneca/cv-project/data/IMG/center_2025_12_03_12_07_18_085.jpg,/Users/davidfeliperiveraguerra/dev/seneca/cv-project/data/IMG/left_2025_12_03_12_07_18_085.jpg,/Users/davidfeliperiveraguerra/dev/seneca/cv-project/data/IMG/right_2025_12_03_12_07_18_085.jpg,0,1,0,30.19026
/Users/davidfeliperiveraguerra/dev/seneca/cv-project/data/IMG/center_2025_12_03_12_07_18_152.jpg,/Users/davidfeliperiveraguerra/dev/seneca/cv-project/data/IMG/left_2025_12_03_12_07_18_152.jpg,/Users/davidfeliperiveraguerra/dev/seneca/cv-project/data/IMG/right_2025_12_03_12_07_18_152.jpg,-0.1,1,0,30.18786
/Users/davidfeliperiveraguerra/dev/seneca/cv-project/data/IMG/center_2025_12_03_12_07_18_219.jpg,/Users/davidfeliperiveraguerra/dev/seneca/cv-project/data/IMG/left_2025_12_03_12_07_18_219.jpg,/Users/davidfeliperiveraguerra/dev/seneca/cv-project/data/IMG/right_2025_12_03_12_07_18_219.jpg,0,1,0,30.18726
/Users/davidfeliperiveraguerra/dev/seneca/cv-project/data/IMG/center_2025_12_03_12_07_18_290.jpg,/Users/davidfeliperiveraguerra/dev/seneca/cv-project/data/IMG/left_2025_12_03_12_07_18_290.jpg,/Users/davidfeliperiveraguerra/dev/seneca/cv-project/data/IMG/right_2025_12_03_12_07_18_290.jpg,0,1,0,30.19012
/Users/davidfeliperiveraguerra/dev/seneca/cv-project/data/IMG/center_2025_12_03_12_07_18_357.jpg,/Users/davidfeliperiveraguerra/dev/seneca/cv-project/data/IMG/left_2025_12_03_12_07_18_357.jpg,/Users/davidfeliperiveraguerra/dev/seneca/cv-project/data/IMG/right_2025_12_03_12_07_18_357.jpg,0,1,0,30.19027
/Users/davidfeliperiveraguerra/dev/seneca/cv-project/data/IMG/center_2025_12_03_12_07_18_424.jpg,/Users/davidfeliperiveraguerra/dev/seneca/cv-project/data/IMG/left_2025_12_03_12_07_18_424.jpg,/Users/davidfeliperiveraguerra/dev/seneca/cv-project/data/IMG/right_2025_12_03_12_07_18_424.jpg,0,1,0,30.19031
/Users/davidfeliperiveraguerra/dev/seneca/cv-project/data/IMG/center_2025_12_03_12_07_18_497.jpg,/Users/davidfeliperiveraguerra/dev/seneca/cv-project/data/IMG/left_2025_12_03_12_07_18_497.jpg,/Users/davidfeliperiveraguerra/dev/seneca/cv-project/data/IMG/right_2025_12_03_12_07_18_497.jpg,0,1,0,30.19029
/Users/davidfeliperiveraguerra/dev/seneca/cv-project/data/IMG/center_2025_12_03_12_07_18_565.jpg,/Users/davidfeliperiveraguerra/dev/seneca/cv-project/data/IMG/left_2025_12_03_12_07_18_565.jpg,/Users/davidfeliperiveraguerra/dev/seneca/cv-project/data/IMG/right_2025_12_03_12_07_18_565.jpg,0,1,0,30.18998
/Users/davidfeliperiveraguerra/dev/seneca/cv-project/data/IMG/center_2025_12_03_12_07_18_633.jpg,/Users/davidfeliperiveraguerra/dev/seneca/cv-project/data/IMG/left_2025_12_03_12_07_18_633.jpg,/Users/davidfeliperiveraguerra/dev/seneca/cv-project/data/IMG/right_2025_12_03_12_07_18_633.jpg,0,1,0,30.1902
/Users/davidfeliperiveraguerra/dev/seneca/cv-project/data/IMG/center_2025_12_03_12_07_18_703.jpg,/Users/davidfeliperiveraguerra/dev/seneca/cv-project/data/IMG/left_2025_12_03_12_07_18_703.jpg,/Users/davidfeliperiveraguerra/dev/seneca/cv-project/data/IMG/right_2025_12_03_12_07_18_703.jpg,0,1,0,30.19024
/Users/davidfeliperiveraguerra/dev/seneca/cv-project/data/IMG/center_2025_12_03_12_07_18_774.jpg,/Users/davidfeliperiveraguerra/dev/seneca/cv-project/data/IMG/left_2025_12_03_12_07_18_774.jpg,/Users/davidfeliperiveraguerra/dev/seneca/cv-project/data/IMG/right_2025_12_03_12_07_18_774.jpg,-0.15,1,0,30.1844
/Users/davidfeliperiveraguerra/dev/seneca/cv-project/data/IMG/center_2025_12_03_12_07_18_841.jpg,/Users/davidfeliperiveraguerra/dev/seneca/cv-project/data/IMG/left_2025_12_03_12_07_18_841.jpg,/Users/davidfeliperiveraguerra/dev/seneca/cv-project/data/IMG/right_2025_12_03_12_07_18_841.jpg,-0.3,1,0,30.16964
/Users/davidfeliperiveraguerra/dev/seneca/cv-project/data/IMG/center_2025_12_03_12_07_18_914.jpg,/Users/davidfeliperiveraguerra/dev/seneca/cv-project/data/IMG/left_2025_12_03_12_07_18_914.jpg,/Users/davidfeliperiveraguerra/dev/seneca/cv-project/data/IMG/right_2025_12_03_12_07_18_914.jpg,0,1,0,30.18876
/Users/davidfeliperiveraguerra/dev/seneca/cv-project/data/IMG/center_2025_12_03_12_07_18_985.jpg,/Users/davidfeliperiveraguerra/dev/seneca/cv-project/data/IMG/left_2025_12_03_12_07_18_985.jpg,/Users/davidfeliperiveraguerra/dev/seneca/cv-project/data/IMG/right_2025_12_03_12_07_18_985.jpg,0,1,0,30.18967
/Users/davidfeliperiveraguerra/dev/seneca/cv-project/data/IMG/center_2025_12_03_12_07_19_052.jpg,/Users/davidfeliperiveraguerra/dev/seneca/cv-project/data/IMG/left_2025_12_03_12_07_19_052.jpg,/Users/davidfeliperiveraguerra/dev/seneca/cv-project/data/IMG/right_2025_12_03_12_07_19_052.jpg,0,1,0,30.19021
/Users/davidfeliperiveraguerra/dev/seneca/cv-project/data/IMG/center_2025_12_03_12_07_19_124.jpg,/Users/davidfeliperiveraguerra/dev/seneca/cv-project/data/IMG/left_2025_12_03_12_07_19_124.jpg,/Users/davidfeliperiveraguerra/dev/seneca/cv-project/data/IMG/right_2025_12_03_12_07_19_124.jpg,0,1,0,30.19041
/Users/davidfeliperiveraguerra/dev/seneca/cv-project/data/IMG/center_2025_12_03_12_07_19_191.jpg,/Users/davidfeliperiveraguerra/dev/seneca/cv-project/data/IMG/left_2025_12_03_12_07_19_191.jpg,/Users/davidfeliperiveraguerra/dev/seneca/cv-project/data/IMG/right_2025_12_03_12_07_19_191.jpg,0,1,0,30.19047
/Users/davidfeliperiveraguerra/dev/seneca/cv-project/data/IMG/center_2025_12_03_12_07_19_264.jpg,/Users/davidfeliperiveraguerra/dev/seneca/cv-project/data/IMG/left_2025_12_03_12_07_19_264.jpg,/Users/davidfeliperiveraguerra/dev/seneca/cv-project/data/IMG/right_2025_12_03_12_07_19_264.jpg,0,1,0,30.19048
/Users/davidfeliperiveraguerra/dev/seneca/cv-project/data/IMG/center_2025_12_03_12_07_19_331.jpg,/Users/davidfeliperiveraguerra/dev/seneca/cv-project/data/IMG/left_2025_12_03_12_07_19_331.jpg,/Users/davidfeliperiveraguerra/dev/seneca/cv-project/data/IMG/right_2025_12_03_12_07_19_331.jpg,0,1,0,30.19051
/Users/davidfeliperiveraguerra/dev/seneca/cv-project/data/IMG/center_2025_12_03_12_07_19_403.jpg,/Users/davidfeliperiveraguerra/dev/seneca/cv-project/data/IMG/left_2025_12_03_12_07_19_403.jpg,/Users/davidfeliperiveraguerra/dev/seneca/cv-project/data/IMG/right_2025_12_03_12_07_19_403.jpg,0,1,0,30.19048
/Users/davidfeliperiveraguerra/dev/seneca/cv-project/data/IMG/center_2025_12_03_12_07_19_469.jpg,/Users/davidfeliperiveraguerra/dev/seneca/cv-project/data/IMG/left_2025_12_03_12_07_19_469.jpg,/Users/davidfeliperiveraguerra/dev/seneca/cv-project/data/IMG/right_2025_12_03_12_07_19_469.jpg,0,1,0,30.19037
/Users/davidfeliperiveraguerra/dev/seneca/cv-project/data/IMG/center_2025_12_03_12_07_19_541.jpg,/Users/davidfeliperiveraguerra/dev/seneca/cv-project/data/IMG/left_2025_12_03_12_07_19_541.jpg,/Users/davidfeliperiveraguerra/dev/seneca/cv-project/data/IMG/right_2025_12_03_12_07_19_541.jpg,-0.15,1,0,30.18465
/Users/davidfeliperiveraguerra/dev/seneca/cv-project/data/IMG/center_2025_12_03_12_07_19_615.jpg,/Users/davidfeliperiveraguerra/dev/seneca/cv-project/data/IMG/left_2025_12_03_12_07_19_615.jpg,/Users/davidfeliperiveraguerra/dev/seneca/cv-project/data/IMG/right_2025_12_03_12_07_19_615.jpg,0,1,0,30.18985
/Users/davidfeliperiveraguerra/dev/seneca/cv-project/data/IMG/center_2025_12_03_12_07_19_686.jpg,/Users/davidfeliperiveraguerra/dev/seneca/cv-project/data/IMG/left_2025_12_03_12_07_19_686.jpg,/Users/davidfeliperiveraguerra/dev/seneca/cv-project/data/IMG/right_2025_12_03_12_07_19_686.jpg,0,1,0,30.19025
/Users/davidfeliperiveraguerra/dev/seneca/cv-project/data/IMG/center_2025_12_03_12_07_19_753.jpg,/Users/davidfeliperiveraguerra/dev/seneca/cv-project/data/IMG/left_2025_12_03_12_07_19_753.jpg,/Users/davidfeliperiveraguerra/dev/seneca/cv-project/data/IMG/right_2025_12_03_12_07_19_753.jpg,0,1,0,30.19041
/Users/davidfeliperiveraguerra/dev/seneca/cv-project/data/IMG/center_2025_12_03_12_07_19_825.jpg,/Users/davidfeliperiveraguerra/dev/seneca/cv-project/data/IMG/left_2025_12_03_12_07_19_825.jpg,/Users/davidfeliperiveraguerra/dev/seneca/cv-project/data/IMG/right_2025_12_03_12_07_19_825.jpg,0,1,0,30.19049
/Users/davidfeliperiveraguerra/dev/seneca/cv-project/data/IMG/center_2025_12_03_12_07_19_898.jpg,/Users/davidfeliperiveraguerra/dev/seneca/cv-project/data/IMG/left_2025_12_03_12_07_19_898.jpg,/Users/davidfeliperiveraguerra/dev/seneca/cv-project/data/IMG/right_2025_12_03_12_07_19_898.jpg,0,1,0,30.19049
/Users/davidfeliperiveraguerra/dev/seneca/cv-project/data/IMG/center_2025_12_03_12_07_19_970.jpg,/Users/davidfeliperiveraguerra/dev/seneca/cv-project/data/IMG/left_2025_12_03_12_07_19_970.jpg,/Users/davidfeliperiveraguerra/dev/seneca/cv-project/data/IMG/right_2025_12_03_12_07_19_970.jpg,0,1,0,30.19049
/Users/davidfeliperiveraguerra/dev/seneca/cv-project/data/IMG/center_2025_12_03_12_07_20_043.jpg,/Users/davidfeliperiveraguerra/dev/seneca/cv-project/data/IMG/left_2025_12_03_12_07_20_043.jpg,/Users/davidfeliperiveraguerra/dev/seneca/cv-project/data/IMG/right_2025_12_03_12_07_20_043.jpg,0,1,0,30.19047
/Users/davidfeliperiveraguerra/dev/seneca/cv-project/data/IMG/center_2025_12_03_12_07_20_114.jpg,/Users/davidfeliperiveraguerra/dev/seneca/cv-project/data/IMG/left_2025_12_03_12_07_20_114.jpg,/Users/davidfeliperiveraguerra/dev/seneca/cv-project/data/IMG/right_2025_12_03_12_07_20_114.jpg,0,1,0,30.19052
/Users/davidfeliperiveraguerra/dev/seneca/cv-project/data/IMG/center_2025_12_03_12_07_20_181.jpg,/Users/davidfeliperiveraguerra/dev/seneca/cv-project/data/IMG/left_2025_12_03_12_07_20_181.jpg,/Users/davidfeliperiveraguerra/dev/seneca/cv-project/data/IMG/right_2025_12_03_12_07_20_181.jpg,0,1,0,30.27335
/Users/davidfeliperiveraguerra/dev/seneca/cv-project/data/IMG/center_2025_12_03_12_07_20_248.jpg,/Users/davidfeliperiveraguerra/dev/seneca/cv-project/data/IMG/left_2025_12_03_12_07_20_248.jpg,/Users/davidfeliperiveraguerra/dev/seneca/cv-project/data/IMG/right_2025_12_03_12_07_20_248.jpg,0,1,0,30.16343
/Users/davidfeliperiveraguerra/dev/seneca/cv-project/data/IMG/center_2025_12_03_12_07_20_315.jpg,/Users/davidfeliperiveraguerra/dev/seneca/cv-project/data/IMG/left_2025_12_03_12_07_20_315.jpg,/Users/davidfeliperiveraguerra/dev/seneca/cv-project/data/IMG/right_2025_12_03_12_07_20_315.jpg,0,1,0,30.19309
/Users/davidfeliperiveraguerra/dev/seneca/cv-project/data/IMG/center_2025_12_03_12_07_20_384.jpg,/Users/davidfeliperiveraguerra/dev/seneca/cv-project/data/IMG/left_2025_12_03_12_07_20_384.jpg,/Users/davidfeliperiveraguerra/dev/seneca/cv-project/data/IMG/right_2025_12_03_12_07_20_384.jpg,0,1,0,30.40678
/Users/davidfeliperiveraguerra/dev/seneca/cv-project/data/IMG/center_2025_12_03_12_07_20_454.jpg,/Users/davidfeliperiveraguerra/dev/seneca/cv-project/data/IMG/left_2025_12_03_12_07_20_454.jpg,/Users/davidfeliperiveraguerra/dev/seneca/cv-project/data/IMG/right_2025_12_03_12_07_20_454.jpg,0,1,0,30.17491
/Users/davidfeliperiveraguerra/dev/seneca/cv-project/data/IMG/center_2025_12_03_12_07_20_523.jpg,/Users/davidfeliperiveraguerra/dev/seneca/cv-project/data/IMG/left_2025_12_03_12_07_20_523.jpg,/Users/davidfeliperiveraguerra/dev/seneca/cv-project/data/IMG/right_2025_12_03_12_07_20_523.jpg,0,1,0,30.18865
/Users/davidfeliperiveraguerra/dev/seneca/cv-project/data/IMG/center_2025_12_03_12_07_20_594.jpg,/Users/davidfeliperiveraguerra/dev/seneca/cv-project/data/IMG/left_2025_12_03_12_07_20_594.jpg,/Users/davidfeliperiveraguerra/dev/seneca/cv-project/data/IMG/right_2025_12_03_12_07_20_594.jpg,0,1,0,30.1894
/Users/davidfeliperiveraguerra/dev/seneca/cv-project/data/IMG/center_2025_12_03_12_07_20_663.jpg,/Users/davidfeliperiveraguerra/dev/seneca/cv-project/data/IMG/left_2025_12_03_12_07_20_663.jpg,/Users/davidfeliperiveraguerra/dev/seneca/cv-project/data/IMG/right_2025_12_03_12_07_20_663.jpg,0,1,0,30.1898
/Users/davidfeliperiveraguerra/dev/seneca/cv-project/data/IMG/center_2025_12_03_12_07_20_733.jpg,/Users/davidfeliperiveraguerra/dev/seneca/cv-project/data/IMG/left_2025_12_03_12_07_20_733.jpg,/Users/davidfeliperiveraguerra/dev/seneca/cv-project/data/IMG/right_2025_12_03_12_07_20_733.jpg,0,1,0,30.18988
/Users/davidfeliperiveraguerra/dev/seneca/cv-project/data/IMG/center_2025_12_03_12_07_20_805.jpg,/Users/davidfeliperiveraguerra/dev/seneca/cv-project/data/IMG/left_2025_12_03_12_07_20_805.jpg,/Users/davidfeliperiveraguerra/dev/seneca/cv-project/data/IMG/right_2025_12_03_12_07_20_805.jpg,0,1,0,30.18991
/Users/davidfeliperiveraguerra/dev/seneca/cv-project/data/IMG/center_2025_12_03_12_07_20_877.jpg,/Users/davidfeliperiveraguerra/dev/seneca/cv-project/data/IMG/left_2025_12_03_12_07_20_877.jpg,/Users/davidfeliperiveraguerra/dev/seneca/cv-project/data/IMG/right_2025_12_03_12_07_20_877.jpg,0,1,0,30.1899
/Users/davidfeliperiveraguerra/dev/seneca/cv-project/data/IMG/center_2025_12_03_12_07_20_948.jpg,/Users/davidfeliperiveraguerra/dev/seneca/cv-project/data/IMG/left_2025_12_03_12_07_20_948.jpg,/Users/davidfeliperiveraguerra/dev/seneca/cv-project/data/IMG/right_2025_12_03_12_07_20_948.jpg,0,1,0,30.18989
/Users/davidfeliperiveraguerra/dev/seneca/cv-project/data/IMG/center_2025_12_03_12_07_21_018.jpg,/Users/davidfeliperiveraguerra/dev/seneca/cv-project/data/IMG/left_2025_12_03_12_07_21_018.jpg,/Users/davidfeliperiveraguerra/dev/seneca/cv-project/data/IMG/right_2025_12_03_12_07_21_018.jpg,0,1,0,30.1899
/Users/davidfeliperiveraguerra/dev/seneca/cv-project/data/IMG/center_2025_12_03_12_07_21_090.jpg,/Users/davidfeliperiveraguerra/dev/seneca/cv-project/data/IMG/left_2025_12_03_12_07_21_090.jpg,/Users/davidfeliperiveraguerra/dev/seneca/cv-project/data/IMG/right_2025_12_03_12_07_21_090.jpg,0,1,0,30.18989
/Users/davidfeliperiveraguerra/dev/seneca/cv-project/data/IMG/center_2025_12_03_12_07_21_162.jpg,/Users/davidfeliperiveraguerra/dev/seneca/cv-project/data/IMG/left_2025_12_03_12_07_21_162.jpg,/Users/davidfeliperiveraguerra/dev/seneca/cv-project/data/IMG/right_2025_12_03_12_07_21_162.jpg,0,1,0,30.18991
/Users/davidfeliperiveraguerra/dev/seneca/cv-project/data/IMG/center_2025_12_03_12_07_21_233.jpg,/Users/davidfeliperiveraguerra/dev/seneca/cv-project/data/IMG/left_2025_12_03_12_07_21_233.jpg,/Users/davidfeliperiveraguerra/dev/seneca/cv-project/data/IMG/right_2025_12_03_12_07_21_233.jpg,0,1,0,30.18991
/Users/davidfeliperiveraguerra/dev/seneca/cv-project/data/IMG/center_2025_12_03_12_07_21_301.jpg,/Users/davidfeliperiveraguerra/dev/seneca/cv-project/data/IMG/left_2025_12_03_12_07_21_301.jpg,/Users/davidfeliperiveraguerra/dev/seneca/cv-project/data/IMG/right_2025_12_03_12_07_21_301.jpg,0,1,0,30.1899
/Users/davidfeliperiveraguerra/dev/seneca/cv-project/data/IMG/center_2025_12_03_12_07_21_368.jpg,/Users/davidfeliperiveraguerra/dev/seneca/cv-project/data/IMG/left_2025_12_03_12_07_21_368.jpg,/Users/davidfeliperiveraguerra/dev/seneca/cv-project/data/IMG/right_2025_12_03_12_07_21_368.jpg,0,1,0,30.1899
/Users/davidfeliperiveraguerra/dev/seneca/cv-project/data/IMG/center_2025_12_03_12_07_21_438.jpg,/Users/davidfeliperiveraguerra/dev/seneca/cv-project/data/IMG/left_2025_12_03_12_07_21_438.jpg,/Users/davidfeliperiveraguerra/dev/seneca/cv-project/data/IMG/right_2025_12_03_12_07_21_438.jpg,0,1,0,30.18989
/Users/davidfeliperiveraguerra/dev/seneca/cv-project/data/IMG/center_2025_12_03_12_07_21_507.jpg,/Users/davidfeliperiveraguerra/dev/seneca/cv-project/data/IMG/left_2025_12_03_12_07_21_507.jpg,/Users/davidfeliperiveraguerra/dev/seneca/cv-project/data/IMG/right_2025_12_03_12_07_21_507.jpg,0,1,0,30.18993
/Users/davidfeliperiveraguerra/dev/seneca/cv-project/data/IMG/center_2025_12_03_12_07_21_575.jpg,/Users/davidfeliperiveraguerra/dev/seneca/cv-project/data/IMG/left_2025_12_03_12_07_21_575.jpg,/Users/davidfeliperiveraguerra/dev/seneca/cv-project/data/IMG/right_2025_12_03_12_07_21_575.jpg,0,1,0,30.1899
/Users/davidfeliperiveraguerra/dev/seneca/cv-project/data/IMG/center_2025_12_03_12_07_21_644.jpg,/Users/davidfeliperiveraguerra/dev/seneca/cv-project/data/IMG/left_2025_12_03_12_07_21_644.jpg,/Users/davidfeliperiveraguerra/dev/seneca/cv-project/data/IMG/right_2025_12_03_12_07_21_644.jpg,0,1,0,30.1899
/Users/davidfeliperiveraguerra/dev/seneca/cv-project/data/IMG/center_2025_12_03_12_07_21_713.jpg,/Users/davidfeliperiveraguerra/dev/seneca/cv-project/data/IMG/left_2025_12_03_12_07_21_713.jpg,/Users/davidfeliperiveraguerra/dev/seneca/cv-project/data/IMG/right_2025_12_03_12_07_21_713.jpg,0,1,0,30.1899
/Users/davidfeliperiveraguerra/dev/seneca/cv-project/data/IMG/center_2025_12_03_12_07_21_782.jpg,/Users/davidfeliperiveraguerra/dev/seneca/cv-project/data/IMG/left_2025_12_03_12_07_21_782.jpg,/Users/davidfeliperiveraguerra/dev/seneca/cv-project/data/IMG/right_2025_12_03_12_07_21_782.jpg,0,1,0,30.18986
/Users/davidfeliperiveraguerra/dev/seneca/cv-project/data/IMG/center_2025_12_03_12_07_21_851.jpg,/Users/davidfeliperiveraguerra/dev/seneca/cv-project/data/IMG/left_2025_12_03_12_07_21_851.jpg,/Users/davidfeliperiveraguerra/dev/seneca/cv-project/data/IMG/right_2025_12_03_12_07_21_851.jpg,0,1,0,30.18991
/Users/davidfeliperiveraguerra/dev/seneca/cv-project/data/IMG/center_2025_12_03_12_07_21_922.jpg,/Users/davidfeliperiveraguerra/dev/seneca/cv-project/data/IMG/left_2025_12_03_12_07_21_922.jpg,/Users/davidfeliperiveraguerra/dev/seneca/cv-project/data/IMG/right_2025_12_03_12_07_21_922.jpg,0,1,0,30.18992
/Users/davidfeliperiveraguerra/dev/seneca/cv-project/data/IMG/center_2025_12_03_12_07_21_995.jpg,/Users/davidfeliperiveraguerra/dev/seneca/cv-project/data/IMG/left_2025_12_03_12_07_21_995.jpg,/Users/davidfeliperiveraguerra/dev/seneca/cv-project/data/IMG/right_2025_12_03_12_07_21_995.jpg,0,1,0,30.18988
/Users/davidfeliperiveraguerra/dev/seneca/cv-project/data/IMG/center_2025_12_03_12_07_22_062.jpg,/Users/davidfeliperiveraguerra/dev/seneca/cv-project/data/IMG/left_2025_12_03_12_07_22_062.jpg,/Users/davidfeliperiveraguerra/dev/seneca/cv-project/data/IMG/right_2025_12_03_12_07_22_062.jpg,0,1,0,30.18991
/Users/davidfeliperiveraguerra/dev/seneca/cv-project/data/IMG/center_2025_12_03_12_07_22_135.jpg,/Users/davidfeliperiveraguerra/dev/seneca/cv-project/data/IMG/left_2025_12_03_12_07_22_135.jpg,/Users/davidfeliperiveraguerra/dev/seneca/cv-project/data/IMG/right_2025_12_03_12_07_22_135.jpg,0,1,0,30.18991
/Users/davidfeliperiveraguerra/dev/seneca/cv-project/data/IMG/center_2025_12_03_12_07_22_208.jpg,/Users/davidfeliperiveraguerra/dev/seneca/cv-project/data/IMG/left_2025_12_03_12_07_22_208.jpg,/Users/davidfeliperiveraguerra/dev/seneca/cv-project/data/IMG/right_2025_12_03_12_07_22_208.jpg,0,1,0,30.18988
/Users/davidfeliperiveraguerra/dev/seneca/cv-project/data/IMG/center_2025_12_03_12_07_22_282.jpg,/Users/davidfeliperiveraguerra/dev/seneca/cv-project/data/IMG/left_2025_12_03_12_07_22_282.jpg,/Users/davidfeliperiveraguerra/dev/seneca/cv-project/data/IMG/right_2025_12_03_12_07_22_282.jpg,0,1,0,30.18989
/Users/davidfeliperiveraguerra/dev/seneca/cv-project/data/IMG/center_2025_12_03_12_07_22_349.jpg,/Users/davidfeliperiveraguerra/dev/seneca/cv-project/data/IMG/left_2025_12_03_12_07_22_349.jpg,/Users/davidfeliperiveraguerra/dev/seneca/cv-project/data/IMG/right_2025_12_03_12_07_22_349.jpg,0,1,0,30.18991
/Users/davidfeliperiveraguerra/dev/seneca/cv-project/data/IMG/center_2025_12_03_12_07_22_416.jpg,/Users/davidfeliperiveraguerra/dev/seneca/cv-project/data/IMG/left_2025_12_03_12_07_22_416.jpg,/Users/davidfeliperiveraguerra/dev/seneca/cv-project/data/IMG/right_2025_12_03_12_07_22_416.jpg,0,1,0,30.18989
/Users/davidfeliperiveraguerra/dev/seneca/cv-project/data/IMG/center_2025_12_03_12_07_22_489.jpg,/Users/davidfeliperiveraguerra/dev/seneca/cv-project/data/IMG/left_2025_12_03_12_07_22_489.jpg,/Users/davidfeliperiveraguerra/dev/seneca/cv-project/data/IMG/right_2025_12_03_12_07_22_489.jpg,0,1,0,30.18991
/Users/davidfeliperiveraguerra/dev/seneca/cv-project/data/IMG/center_2025_12_03_12_07_22_562.jpg,/Users/davidfeliperiveraguerra/dev/seneca/cv-project/data/IMG/left_2025_12_03_12_07_22_562.jpg,/Users/davidfeliperiveraguerra/dev/seneca/cv-project/data/IMG/right_2025_12_03_12_07_22_562.jpg,0,1,0,30.18989
/Users/davidfeliperiveraguerra/dev/seneca/cv-project/data/IMG/center_2025_12_03_12_07_22_628.jpg,/Users/davidfeliperiveraguerra/dev/seneca/cv-project/data/IMG/left_2025_12_03_12_07_22_628.jpg,/Users/davidfeliperiveraguerra/dev/seneca/cv-project/data/IMG/right_2025_12_03_12_07_22_628.jpg,0,1,0,30.18991
/Users/davidfeliperiveraguerra/dev/seneca/cv-project/data/IMG/center_2025_12_03_12_07_22_695.jpg,/Users/davidfeliperiveraguerra/dev/seneca/cv-project/data/IMG/left_2025_12_03_12_07_22_695.jpg,/Users/davidfeliperiveraguerra/dev/seneca/cv-project/data/IMG/right_2025_12_03_12_07_22_695.jpg,0,1,0,30.1899
/Users/davidfeliperiveraguerra/dev/seneca/cv-project/data/IMG/center_2025_12_03_12_07_22_768.jpg,/Users/davidfeliperiveraguerra/dev/seneca/cv-project/data/IMG/left_2025_12_03_12_07_22_768.jpg,/Users/davidfeliperiveraguerra/dev/seneca/cv-project/data/IMG/right_2025_12_03_12_07_22_768.jpg,0,1,0,30.18989
/Users/davidfeliperiveraguerra/dev/seneca/cv-project/data/IMG/center_2025_12_03_12_07_22_841.jpg,/Users/davidfeliperiveraguerra/dev/seneca/cv-project/data/IMG/left_2025_12_03_12_07_22_841.jpg,/Users/davidfeliperiveraguerra/dev/seneca/cv-project/data/IMG/right_2025_12_03_12_07_22_841.jpg,0,1,0,30.18989
/Users/davidfeliperiveraguerra/dev/seneca/cv-project/data/IMG/center_2025_12_03_12_07_22_908.jpg,/Users/davidfeliperiveraguerra/dev/seneca/cv-project/data/IMG/left_2025_12_03_12_07_22_908.jpg,/Users/davidfeliperiveraguerra/dev/seneca/cv-project/data/IMG/right_2025_12_03_12_07_22_908.jpg,0,1,0,30.1899
/Users/davidfeliperiveraguerra/dev/seneca/cv-project/data/IMG/center_2025_12_03_12_07_22_983.jpg,/Users/davidfeliperiveraguerra/dev/seneca/cv-project/data/IMG/left_2025_12_03_12_07_22_983.jpg,/Users/davidfeliperiveraguerra/dev/seneca/cv-project/data/IMG/right_2025_12_03_12_07_22_983.jpg,0,1,0,30.1899
/Users/davidfeliperiveraguerra/dev/seneca/cv-project/data/IMG/center_2025_12_03_12_07_23_050.jpg,/Users/davidfeliperiveraguerra/dev/seneca/cv-project/data/IMG/left_2025_12_03_12_07_23_050.jpg,/Users/davidfeliperiveraguerra/dev/seneca/cv-project/data/IMG/right_2025_12_03_12_07_23_050.jpg,0,1,0,30.18991
/Users/davidfeliperiveraguerra/dev/seneca/cv-project/data/IMG/center_2025_12_03_12_07_23_118.jpg,/Users/davidfeliperiveraguerra/dev/seneca/cv-project/data/IMG/left_2025_12_03_12_07_23_118.jpg,/Users/davidfeliperiveraguerra/dev/seneca/cv-project/data/IMG/right_2025_12_03_12_07_23_118.jpg,0,1,0,30.18988
/Users/davidfeliperiveraguerra/dev/seneca/cv-project/data/IMG/center_2025_12_03_12_07_23_191.jpg,/Users/davidfeliperiveraguerra/dev/seneca/cv-project/data/IMG/left_2025_12_03_12_07_23_191.jpg,/Users/davidfeliperiveraguerra/dev/seneca/cv-project/data/IMG/right_2025_12_03_12_07_23_191.jpg,0,1,0,30.1899
/Users/davidfeliperiveraguerra/dev/seneca/cv-project/data/IMG/center_2025_12_03_12_07_23_262.jpg,/Users/davidfeliperiveraguerra/dev/seneca/cv-project/data/IMG/left_2025_12_03_12_07_23_262.jpg,/Users/davidfeliperiveraguerra/dev/seneca/cv-project/data/IMG/right_2025_12_03_12_07_23_262.jpg,0,1,0,30.18989
/Users/davidfeliperiveraguerra/dev/seneca/cv-project/data/IMG/center_2025_12_03_12_07_23_333.jpg,/Users/davidfeliperiveraguerra/dev/seneca/cv-project/data/IMG/left_2025_12_03_12_07_23_333.jpg,/Users/davidfeliperiveraguerra/dev/seneca/cv-project/data/IMG/right_2025_12_03_12_07_23_333.jpg,0,1,0,30.1899
/Users/davidfeliperiveraguerra/dev/seneca/cv-project/data/IMG/center_2025_12_03_12_07_23_401.jpg,/Users/davidfeliperiveraguerra/dev/seneca/cv-project/data/IMG/left_2025_12_03_12_07_23_401.jpg,/Users/davidfeliperiveraguerra/dev/seneca/cv-project/data/IMG/right_2025_12_03_12_07_23_401.jpg,0,1,0,30.18988
/Users/davidfeliperiveraguerra/dev/seneca/cv-project/data/IMG/center_2025_12_03_12_07_23_470.jpg,/Users/davidfeliperiveraguerra/dev/seneca/cv-project/data/IMG/left_2025_12_03_12_07_23_470.jpg,/Users/davidfeliperiveraguerra/dev/seneca/cv-project/data/IMG/right_2025_12_03_12_07_23_470.jpg,0,1,0,30.18992
/Users/davidfeliperiveraguerra/dev/seneca/cv-project/data/IMG/center_2025_12_03_12_07_23_539.jpg,/Users/davidfeliperiveraguerra/dev/seneca/cv-project/data/IMG/left_2025_12_03_12_07_23_539.jpg,/Users/davidfeliperiveraguerra/dev/seneca/cv-project/data/IMG/right_2025_12_03_12_07_23_539.jpg,0,1,0,30.1899
/Users/davidfeliperiveraguerra/dev/seneca/cv-project/data/IMG/center_2025_12_03_12_07_23_607.jpg,/Users/davidfeliperiveraguerra/dev/seneca/cv-project/data/IMG/left_2025_12_03_12_07_23_607.jpg,/Users/davidfeliperiveraguerra/dev/seneca/cv-project/data/IMG/right_2025_12_03_12_07_23_607.jpg,0,1,0,30.18991
/Users/davidfeliperiveraguerra/dev/seneca/cv-project/data/IMG/center_2025_12_03_12_07_23_676.jpg,/Users/davidfeliperiveraguerra/dev/seneca/cv-project/data/IMG/left_2025_12_03_12_07_23_676.jpg,/Users/davidfeliperiveraguerra/dev/seneca/cv-project/data/IMG/right_2025_12_03_12_07_23_676.jpg,0,1,0,30.18991
/Users/davidfeliperiveraguerra/dev/seneca/cv-project/data/IMG/center_2025_12_03_12_07_23_745.jpg,/Users/davidfeliperiveraguerra/dev/seneca/cv-project/data/IMG/left_2025_12_03_12_07_23_745.jpg,/Users/davidfeliperiveraguerra/dev/seneca/cv-project/data/IMG/right_2025_12_03_12_07_23_745.jpg,0,1,0,30.18991
/Users/davidfeliperiveraguerra/dev/seneca/cv-project/data/IMG/center_2025_12_03_12_07_23_814.jpg,/Users/davidfeliperiveraguerra/dev/seneca/cv-project/data/IMG/left_2025_12_03_12_07_23_814.jpg,/Users/davidfeliperiveraguerra/dev/seneca/cv-project/data/IMG/right_2025_12_03_12_07_23_814.jpg,0,1,0,30.18992
/Users/davidfeliperiveraguerra/dev/seneca/cv-project/data/IMG/center_2025_12_03_12_07_23_884.jpg,/Users/davidfeliperiveraguerra/dev/seneca/cv-project/data/IMG/left_2025_12_03_12_07_23_884.jpg,/Users/davidfeliperiveraguerra/dev/seneca/cv-project/data/IMG/right_2025_12_03_12_07_23_884.jpg,0,1,0,30.18992
/Users/davidfeliperiveraguerra/dev/seneca/cv-project/data/IMG/center_2025_12_03_12_07_23_954.jpg,/Users/davidfeliperiveraguerra/dev/seneca/cv-project/data/IMG/left_2025_12_03_12_07_23_954.jpg,/Users/davidfeliperiveraguerra/dev/seneca/cv-project/data/IMG/right_2025_12_03_12_07_23_954.jpg,0,1,0,30.18989
/Users/davidfeliperiveraguerra/dev/seneca/cv-project/data/IMG/center_2025_12_03_12_07_24_027.jpg,/Users/davidfeliperiveraguerra/dev/seneca/cv-project/data/IMG/left_2025_12_03_12_07_24_027.jpg,/Users/davidfeliperiveraguerra/dev/seneca/cv-project/data/IMG/right_2025_12_03_12_07_24_027.jpg,0,1,0,30.18989
/Users/davidfeliperiveraguerra/dev/seneca/cv-project/data/IMG/center_2025_12_03_12_07_24_095.jpg,/Users/davidfeliperiveraguerra/dev/seneca/cv-project/data/IMG/left_2025_12_03_12_07_24_095.jpg,/Users/davidfeliperiveraguerra/dev/seneca/cv-project/data/IMG/right_2025_12_03_12_07_24_095.jpg,0,1,0,30.18991
/Users/davidfeliperiveraguerra/dev/seneca/cv-project/data/IMG/center_2025_12_03_12_07_24_164.jpg,/Users/davidfeliperiveraguerra/dev/seneca/cv-project/data/IMG/left_2025_12_03_12_07_24_164.jpg,/Users/davidfeliperiveraguerra/dev/seneca/cv-project/data/IMG/right_2025_12_03_12_07_24_164.jpg,0,1,0,30.18991
/Users/davidfeliperiveraguerra/dev/seneca/cv-project/data/IMG/center_2025_12_03_12_07_24_233.jpg,/Users/davidfeliperiveraguerra/dev/seneca/cv-project/data/IMG/left_2025_12_03_12_07_24_233.jpg,/Users/davidfeliperiveraguerra/dev/seneca/cv-project/data/IMG/right_2025_12_03_12_07_24_233.jpg,0,1,0,30.18991
/Users/davidfeliperiveraguerra/dev/seneca/cv-project/data/IMG/center_2025_12_03_12_07_24_302.jpg,/Users/davidfeliperiveraguerra/dev/seneca/cv-project/data/IMG/left_2025_12_03_12_07_24_302.jpg,/Users/davidfeliperiveraguerra/dev/seneca/cv-project/data/IMG/right_2025_12_03_12_07_24_302.jpg,0,1,0,30.1899
/Users/davidfeliperiveraguerra/dev/seneca/cv-project/data/IMG/center_2025_12_03_12_07_24_373.jpg,/Users/davidfeliperiveraguerra/dev/seneca/cv-project/data/IMG/left_2025_12_03_12_07_24_373.jpg,/Users/davidfeliperiveraguerra/dev/seneca/cv-project/data/IMG/right_2025_12_03_12_07_24_373.jpg,0,1,0,30.18989
/Users/davidfeliperiveraguerra/dev/seneca/cv-project/data/IMG/center_2025_12_03_12_07_24_444.jpg,/Users/davidfeliperiveraguerra/dev/seneca/cv-project/data/IMG/left_2025_12_03_12_07_24_444.jpg,/Users/davidfeliperiveraguerra/dev/seneca/cv-project/data/IMG/right_2025_12_03_12_07_24_444.jpg,0,1,0,30.18991
/Users/davidfeliperiveraguerra/dev/seneca/cv-project/data/IMG/center_2025_12_03_12_07_24_514.jpg,/Users/davidfeliperiveraguerra/dev/seneca/cv-project/data/IMG/left_2025_12_03_12_07_24_514.jpg,/Users/davidfeliperiveraguerra/dev/seneca/cv-project/data/IMG/right_2025_12_03_12_07_24_514.jpg,0,1,0,30.18992
/Users/davidfeliperiveraguerra/dev/seneca/cv-project/data/IMG/center_2025_12_03_12_07_24_585.jpg,/Users/davidfeliperiveraguerra/dev/seneca/cv-project/data/IMG/left_2025_12_03_12_07_24_585.jpg,/Users/davidfeliperiveraguerra/dev/seneca/cv-project/data/IMG/right_2025_12_03_12_07_24_585.jpg,0,1,0,30.18991
/Users/davidfeliperiveraguerra/dev/seneca/cv-project/data/IMG/center_2025_12_03_12_07_24_654.jpg,/Users/davidfeliperiveraguerra/dev/seneca/cv-project/data/IMG/left_2025_12_03_12_07_24_654.jpg,/Users/davidfeliperiveraguerra/dev/seneca/cv-project/data/IMG/right_2025_12_03_12_07_24_654.jpg,0,1,0,30.1899
/Users/davidfeliperiveraguerra/dev/seneca/cv-project/data/IMG/center_2025_12_03_12_07_24_724.jpg,/Users/davidfeliperiveraguerra/dev/seneca/cv-project/data/IMG/left_2025_12_03_12_07_24_724.jpg,/Users/davidfeliperiveraguerra/dev/seneca/cv-project/data/IMG/right_2025_12_03_12_07_24_724.jpg,0,1,0,30.18991
/Users/davidfeliperiveraguerra/dev/seneca/cv-project/data/IMG/center_2025_12_03_12_07_24_793.jpg,/Users/davidfeliperiveraguerra/dev/seneca/cv-project/data/IMG/left_2025_12_03_12_07_24_793.jpg,/Users/davidfeliperiveraguerra/dev/seneca/cv-project/data/IMG/right_2025_12_03_12_07_24_793.jpg,0,1,0,30.18991
/Users/davidfeliperiveraguerra/dev/seneca/cv-project/data/IMG/center_2025_12_03_12_07_24_863.jpg,/Users/davidfeliperiveraguerra/dev/seneca/cv-project/data/IMG/left_2025_12_03_12_07_24_863.jpg,/Users/davidfeliperiveraguerra/dev/seneca/cv-project/data/IMG/right_2025_12_03_12_07_24_863.jpg,0,1,0,30.1899
/Users/davidfeliperiveraguerra/dev/seneca/cv-project/data/IMG/center_2025_12_03_12_07_24_936.jpg,/Users/davidfeliperiveraguerra/dev/seneca/cv-project/data/IMG/left_2025_12_03_12_07_24_936.jpg,/Users/davidfeliperiveraguerra/dev/seneca/cv-project/data/IMG/right_2025_12_03_12_07_24_936.jpg,0,1,0,30.18989
/Users/davidfeliperiveraguerra/dev/seneca/cv-project/data/IMG/center_2025_12_03_12_07_25_006.jpg,/Users/davidfeliperiveraguerra/dev/seneca/cv-project/data/IMG/left_2025_12_03_12_07_25_006.jpg,/Users/davidfeliperiveraguerra/dev/seneca/cv-project/data/IMG/right_2025_12_03_12_07_25_006.jpg,0,1,0,30.18989
/Users/davidfeliperiveraguerra/dev/seneca/cv-project/data/IMG/center_2025_12_03_12_07_25_075.jpg,/Users/davidfeliperiveraguerra/dev/seneca/cv-project/data/IMG/left_2025_12_03_12_07_25_075.jpg,/Users/davidfeliperiveraguerra/dev/seneca/cv-project/data/IMG/right_2025_12_03_12_07_25_075.jpg,-0.05,1,0,30.18935
/Users/davidfeliperiveraguerra/dev/seneca/cv-project/data/IMG/center_2025_12_03_12_07_25_145.jpg,/Users/davidfeliperiveraguerra/dev/seneca/cv-project/data/IMG/left_2025_12_03_12_07_25_145.jpg,/Users/davidfeliperiveraguerra/dev/seneca/cv-project/data/IMG/right_2025_12_03_12_07_25_145.jpg,-0.25,1,0,30.17457
/Users/davidfeliperiveraguerra/dev/seneca/cv-project/data/IMG/center_2025_12_03_12_07_25_213.jpg,/Users/davidfeliperiveraguerra/dev/seneca/cv-project/data/IMG/left_2025_12_03_12_07_25_213.jpg,/Users/davidfeliperiveraguerra/dev/seneca/cv-project/data/IMG/right_2025_12_03_12_07_25_213.jpg,0,1,0,30.18891
/Users/davidfeliperiveraguerra/dev/seneca/cv-project/data/IMG/center_2025_12_03_12_07_25_287.jpg,/Users/davidfeliperiveraguerra/dev/seneca/cv-project/data/IMG/left_2025_12_03_12_07_25_287.jpg,/Users/davidfeliperiveraguerra/dev/seneca/cv-project/data/IMG/right_2025_12_03_12_07_25_287.jpg,0,1,0,30.18981
/Users/davidfeliperiveraguerra/dev/seneca/cv-project/data/IMG/center_2025_12_03_12_07_25_353.jpg,/Users/davidfeliperiveraguerra/dev/seneca/cv-project/data/IMG/left_2025_12_03_12_07_25_353.jpg,/Users/davidfeliperiveraguerra/dev/seneca/cv-project/data/IMG/right_2025_12_03_12_07_25_353.jpg,0,1,0,30.18991
/Users/davidfeliperiveraguerra/dev/seneca/cv-project/data/IMG/center_2025_12_03_12_07_25_427.jpg,/Users/davidfeliperiveraguerra/dev/seneca/cv-project/data/IMG/left_2025_12_03_12_07_25_427.jpg,/Users/davidfeliperiveraguerra/dev/seneca/cv-project/data/IMG/right_2025_12_03_12_07_25_427.jpg,0,1,0,30.18993
/Users/davidfeliperiveraguerra/dev/seneca/cv-project/data/IMG/center_2025_12_03_12_07_25_493.jpg,/Users/davidfeliperiveraguerra/dev/seneca/cv-project/data/IMG/left_2025_12_03_12_07_25_493.jpg,/Users/davidfeliperiveraguerra/dev/seneca/cv-project/data/IMG/right_2025_12_03_12_07_25_493.jpg,0,1,0,30.18993
/Users/davidfeliperiveraguerra/dev/seneca/cv-project/data/IMG/center_2025_12_03_12_07_25_560.jpg,/Users/davidfeliperiveraguerra/dev/seneca/cv-project/data/IMG/left_2025_12_03_12_07_25_560.jpg,/Users/davidfeliperiveraguerra/dev/seneca/cv-project/data/IMG/right_2025_12_03_12_07_25_560.jpg,0,1,0,30.18995
/Users/davidfeliperiveraguerra/dev/seneca/cv-project/data/IMG/center_2025_12_03_12_07_25_628.jpg,/Users/davidfeliperiveraguerra/dev/seneca/cv-project/data/IMG/left_2025_12_03_12_07_25_628.jpg,/Users/davidfeliperiveraguerra/dev/seneca/cv-project/data/IMG/right_2025_12_03_12_07_25_628.jpg,0,1,0,30.18995
/Users/davidfeliperiveraguerra/dev/seneca/cv-project/data/IMG/center_2025_12_03_12_07_25_697.jpg,/Users/davidfeliperiveraguerra/dev/seneca/cv-project/data/IMG/left_2025_12_03_12_07_25_697.jpg,/Users/davidfeliperiveraguerra/dev/seneca/cv-project/data/IMG/right_2025_12_03_12_07_25_697.jpg,0,1,0,30.18997
/Users/davidfeliperiveraguerra/dev/seneca/cv-project/data/IMG/center_2025_12_03_12_07_25_769.jpg,/Users/davidfeliperiveraguerra/dev/seneca/cv-project/data/IMG/left_2025_12_03_12_07_25_769.jpg,/Users/davidfeliperiveraguerra/dev/seneca/cv-project/data/IMG/right_2025_12_03_12_07_25_769.jpg,0,1,0,30.18994
/Users/davidfeliperiveraguerra/dev/seneca/cv-project/data/IMG/center_2025_12_03_12_07_25_841.jpg,/Users/davidfeliperiveraguerra/dev/seneca/cv-project/data/IMG/left_2025_12_03_12_07_25_841.jpg,/Users/davidfeliperiveraguerra/dev/seneca/cv-project/data/IMG/right_2025_12_03_12_07_25_841.jpg,0,1,0,30.18993
/Users/davidfeliperiveraguerra/dev/seneca/cv-project/data/IMG/center_2025_12_03_12_07_25_912.jpg,/Users/davidfeliperiveraguerra/dev/seneca/cv-project/data/IMG/left_2025_12_03_12_07_25_912.jpg,/Users/davidfeliperiveraguerra/dev/seneca/cv-project/data/IMG/right_2025_12_03_12_07_25_912.jpg,0,1,0,30.18996
/Users/davidfeliperiveraguerra/dev/seneca/cv-project/data/IMG/center_2025_12_03_12_07_25_984.jpg,/Users/davidfeliperiveraguerra/dev/seneca/cv-project/data/IMG/left_2025_12_03_12_07_25_984.jpg,/Users/davidfeliperiveraguerra/dev/seneca/cv-project/data/IMG/right_2025_12_03_12_07_25_984.jpg,0,1,0,30.18994
/Users/davidfeliperiveraguerra/dev/seneca/cv-project/data/IMG/center_2025_12_03_12_07_26_055.jpg,/Users/davidfeliperiveraguerra/dev/seneca/cv-project/data/IMG/left_2025_12_03_12_07_26_055.jpg,/Users/davidfeliperiveraguerra/dev/seneca/cv-project/data/IMG/right_2025_12_03_12_07_26_055.jpg,0,1,0,30.18998
/Users/davidfeliperiveraguerra/dev/seneca/cv-project/data/IMG/center_2025_12_03_12_07_26_126.jpg,/Users/davidfeliperiveraguerra/dev/seneca/cv-project/data/IMG/left_2025_12_03_12_07_26_126.jpg,/Users/davidfeliperiveraguerra/dev/seneca/cv-project/data/IMG/right_2025_12_03_12_07_26_126.jpg,0,1,0,30.18996
/Users/davidfeliperiveraguerra/dev/seneca/cv-project/data/IMG/center_2025_12_03_12_07_26_198.jpg,/Users/davidfeliperiveraguerra/dev/seneca/cv-project/data/IMG/left_2025_12_03_12_07_26_198.jpg,/Users/davidfeliperiveraguerra/dev/seneca/cv-project/data/IMG/right_2025_12_03_12_07_26_198.jpg,0,1,0,30.18996
/Users/davidfeliperiveraguerra/dev/seneca/cv-project/data/IMG/center_2025_12_03_12_07_26_269.jpg,/Users/davidfeliperiveraguerra/dev/seneca/cv-project/data/IMG/left_2025_12_03_12_07_26_269.jpg,/Users/davidfeliperiveraguerra/dev/seneca/cv-project/data/IMG/right_2025_12_03_12_07_26_269.jpg,0,1,0,30.18997
/Users/davidfeliperiveraguerra/dev/seneca/cv-project/data/IMG/center_2025_12_03_12_07_26_341.jpg,/Users/davidfeliperiveraguerra/dev/seneca/cv-project/data/IMG/left_2025_12_03_12_07_26_341.jpg,/Users/davidfeliperiveraguerra/dev/seneca/cv-project/data/IMG/right_2025_12_03_12_07_26_341.jpg,0,1,0,30.18998
/Users/davidfeliperiveraguerra/dev/seneca/cv-project/data/IMG/center_2025_12_03_12_07_26_412.jpg,/Users/davidfeliperiveraguerra/dev/seneca/cv-project/data/IMG/left_2025_12_03_12_07_26_412.jpg,/Users/davidfeliperiveraguerra/dev/seneca/cv-project/data/IMG/right_2025_12_03_12_07_26_412.jpg,0,1,0,30.18993
/Users/davidfeliperiveraguerra/dev/seneca/cv-project/data/IMG/center_2025_12_03_12_07_26_485.jpg,/Users/davidfeliperiveraguerra/dev/seneca/cv-project/data/IMG/left_2025_12_03_12_07_26_485.jpg,/Users/davidfeliperiveraguerra/dev/seneca/cv-project/data/IMG/right_2025_12_03_12_07_26_485.jpg,0,1,0,30.18993
/Users/davidfeliperiveraguerra/dev/seneca/cv-project/data/IMG/center_2025_12_03_12_07_26_559.jpg,/Users/davidfeliperiveraguerra/dev/seneca/cv-project/data/IMG/left_2025_12_03_12_07_26_559.jpg,/Users/davidfeliperiveraguerra/dev/seneca/cv-project/data/IMG/right_2025_12_03_12_07_26_559.jpg,0,1,0,30.18997
/Users/davidfeliperiveraguerra/dev/seneca/cv-project/data/IMG/center_2025_12_03_12_07_26_630.jpg,/Users/davidfeliperiveraguerra/dev/seneca/cv-project/data/IMG/left_2025_12_03_12_07_26_630.jpg,/Users/davidfeliperiveraguerra/dev/seneca/cv-project/data/IMG/right_2025_12_03_12_07_26_630.jpg,-0.05,1,0,30.18944
/Users/davidfeliperiveraguerra/dev/seneca/cv-project/data/IMG/center_2025_12_03_12_07_26_697.jpg,/Users/davidfeliperiveraguerra/dev/seneca/cv-project/data/IMG/left_2025_12_03_12_07_26_697.jpg,/Users/davidfeliperiveraguerra/dev/seneca/cv-project/data/IMG/right_2025_12_03_12_07_26_697.jpg,-0.2,1,0,30.17964
/Users/davidfeliperiveraguerra/dev/seneca/cv-project/data/IMG/center_2025_12_03_12_07_26_764.jpg,/Users/davidfeliperiveraguerra/dev/seneca/cv-project/data/IMG/left_2025_12_03_12_07_26_764.jpg,/Users/davidfeliperiveraguerra/dev/seneca/cv-project/data/IMG/right_2025_12_03_12_07_26_764.jpg,0,1,0,30.18259
/Users/davidfeliperiveraguerra/dev/seneca/cv-project/data/IMG/center_2025_12_03_12_07_26_838.jpg,/Users/davidfeliperiveraguerra/dev/seneca/cv-project/data/IMG/left_2025_12_03_12_07_26_838.jpg,/Users/davidfeliperiveraguerra/dev/seneca/cv-project/data/IMG/right_2025_12_03_12_07_26_838.jpg,0,1,0,30.18918
/Users/davidfeliperiveraguerra/dev/seneca/cv-project/data/IMG/center_2025_12_03_12_07_26_908.jpg,/Users/davidfeliperiveraguerra/dev/seneca/cv-project/data/IMG/left_2025_12_03_12_07_26_908.jpg,/Users/davidfeliperiveraguerra/dev/seneca/cv-project/data/IMG/right_2025_12_03_12_07_26_908.jpg,0,1,0,30.18982
/Users/davidfeliperiveraguerra/dev/seneca/cv-project/data/IMG/center_2025_12_03_12_07_26_975.jpg,/Users/davidfeliperiveraguerra/dev/seneca/cv-project/data/IMG/left_2025_12_03_12_07_26_975.jpg,/Users/davidfeliperiveraguerra/dev/seneca/cv-project/data/IMG/right_2025_12_03_12_07_26_975.jpg,0,1,0,30.18998
/Users/davidfeliperiveraguerra/dev/seneca/cv-project/data/IMG/center_2025_12_03_12_07_27_044.jpg,/Users/davidfeliperiveraguerra/dev/seneca/cv-project/data/IMG/left_2025_12_03_12_07_27_044.jpg,/Users/davidfeliperiveraguerra/dev/seneca/cv-project/data/IMG/right_2025_12_03_12_07_27_044.jpg,0,1,0,30.19005
/Users/davidfeliperiveraguerra/dev/seneca/cv-project/data/IMG/center_2025_12_03_12_07_27_114.jpg,/Users/davidfeliperiveraguerra/dev/seneca/cv-project/data/IMG/left_2025_12_03_12_07_27_114.jpg,/Users/davidfeliperiveraguerra/dev/seneca/cv-project/data/IMG/right_2025_12_03_12_07_27_114.jpg,0,1,0,30.19005
/Users/davidfeliperiveraguerra/dev/seneca/cv-project/data/IMG/center_2025_12_03_12_07_27_181.jpg,/Users/davidfeliperiveraguerra/dev/seneca/cv-project/data/IMG/left_2025_12_03_12_07_27_181.jpg,/Users/davidfeliperiveraguerra/dev/seneca/cv-project/data/IMG/right_2025_12_03_12_07_27_181.jpg,0,1,0,30.19006
/Users/davidfeliperiveraguerra/dev/seneca/cv-project/data/IMG/center_2025_12_03_12_07_27_255.jpg,/Users/davidfeliperiveraguerra/dev/seneca/cv-project/data/IMG/left_2025_12_03_12_07_27_255.jpg,/Users/davidfeliperiveraguerra/dev/seneca/cv-project/data/IMG/right_2025_12_03_12_07_27_255.jpg,0,1,0,30.19004
/Users/davidfeliperiveraguerra/dev/seneca/cv-project/data/IMG/center_2025_12_03_12_07_27_324.jpg,/Users/davidfeliperiveraguerra/dev/seneca/cv-project/data/IMG/left_2025_12_03_12_07_27_324.jpg,/Users/davidfeliperiveraguerra/dev/seneca/cv-project/data/IMG/right_2025_12_03_12_07_27_324.jpg,0,1,0,30.19007
/Users/davidfeliperiveraguerra/dev/seneca/cv-project/data/IMG/center_2025_12_03_12_07_27_392.jpg,/Users/davidfeliperiveraguerra/dev/seneca/cv-project/data/IMG/left_2025_12_03_12_07_27_392.jpg,/Users/davidfeliperiveraguerra/dev/seneca/cv-project/data/IMG/right_2025_12_03_12_07_27_392.jpg,0,1,0,30.19008
/Users/davidfeliperiveraguerra/dev/seneca/cv-project/data/IMG/center_2025_12_03_12_07_27_468.jpg,/Users/davidfeliperiveraguerra/dev/seneca/cv-project/data/IMG/left_2025_12_03_12_07_27_468.jpg,/Users/davidfeliperiveraguerra/dev/seneca/cv-project/data/IMG/right_2025_12_03_12_07_27_468.jpg,0,1,0,30.19006
/Users/davidfeliperiveraguerra/dev/seneca/cv-project/data/IMG/center_2025_12_03_12_07_27_539.jpg,/Users/davidfeliperiveraguerra/dev/seneca/cv-project/data/IMG/left_2025_12_03_12_07_27_539.jpg,/Users/davidfeliperiveraguerra/dev/seneca/cv-project/data/IMG/right_2025_12_03_12_07_27_539.jpg,0,1,0,30.19007
/Users/davidfeliperiveraguerra/dev/seneca/cv-project/data/IMG/center_2025_12_03_12_07_27_609.jpg,/Users/davidfeliperiveraguerra/dev/seneca/cv-project/data/IMG/left_2025_12_03_12_07_27_609.jpg,/Users/davidfeliperiveraguerra/dev/seneca/cv-project/data/IMG/right_2025_12_03_12_07_27_609.jpg,0,1,0,30.19007
/Users/davidfeliperiveraguerra/dev/seneca/cv-project/data/IMG/center_2025_12_03_12_07_27_676.jpg,/Users/davidfeliperiveraguerra/dev/seneca/cv-project/data/IMG/left_2025_12_03_12_07_27_676.jpg,/Users/davidfeliperiveraguerra/dev/seneca/cv-project/data/IMG/right_2025_12_03_12_07_27_676.jpg,0,1,0,30.19004
/Users/davidfeliperiveraguerra/dev/seneca/cv-project/data/IMG/center_2025_12_03_12_07_27_751.jpg,/Users/davidfeliperiveraguerra/dev/seneca/cv-project/data/IMG/left_2025_12_03_12_07_27_751.jpg,/Users/davidfeliperiveraguerra/dev/seneca/cv-project/data/IMG/right_2025_12_03_12_07_27_751.jpg,0,1,0,30.19006
/Users/davidfeliperiveraguerra/dev/seneca/cv-project/data/IMG/center_2025_12_03_12_07_27_826.jpg,/Users/davidfeliperiveraguerra/dev/seneca/cv-project/data/IMG/left_2025_12_03_12_07_27_826.jpg,/Users/davidfeliperiveraguerra/dev/seneca/cv-project/data/IMG/right_2025_12_03_12_07_27_826.jpg,0,1,0,30.19006
/Users/davidfeliperiveraguerra/dev/seneca/cv-project/data/IMG/center_2025_12_03_12_07_27_892.jpg,/Users/davidfeliperiveraguerra/dev/seneca/cv-project/data/IMG/left_2025_12_03_12_07_27_892.jpg,/Users/davidfeliperiveraguerra/dev/seneca/cv-project/data/IMG/right_2025_12_03_12_07_27_892.jpg,0,1,0,30.19006
/Users/davidfeliperiveraguerra/dev/seneca/cv-project/data/IMG/center_2025_12_03_12_07_27_968.jpg,/Users/davidfeliperiveraguerra/dev/seneca/cv-project/data/IMG/left_2025_12_03_12_07_27_968.jpg,/Users/davidfeliperiveraguerra/dev/seneca/cv-project/data/IMG/right_2025_12_03_12_07_27_968.jpg,0,1,0,30.19008
/Users/davidfeliperiveraguerra/dev/seneca/cv-project/data/IMG/center_2025_12_03_12_07_28_035.jpg,/Users/davidfeliperiveraguerra/dev/seneca/cv-project/data/IMG/left_2025_12_03_12_07_28_035.jpg,/Users/davidfeliperiveraguerra/dev/seneca/cv-project/data/IMG/right_2025_12_03_12_07_28_035.jpg,0,1,0,30.19008
/Users/davidfeliperiveraguerra/dev/seneca/cv-project/data/IMG/center_2025_12_03_12_07_28_101.jpg,/Users/davidfeliperiveraguerra/dev/seneca/cv-project/data/IMG/left_2025_12_03_12_07_28_101.jpg,/Users/davidfeliperiveraguerra/dev/seneca/cv-project/data/IMG/right_2025_12_03_12_07_28_101.jpg,0,1,0,30.19005
/Users/davidfeliperiveraguerra/dev/seneca/cv-project/data/IMG/center_2025_12_03_12_07_28_173.jpg,/Users/davidfeliperiveraguerra/dev/seneca/cv-project/data/IMG/left_2025_12_03_12_07_28_173.jpg,/Users/davidfeliperiveraguerra/dev/seneca/cv-project/data/IMG/right_2025_12_03_12_07_28_173.jpg,0,1,0,30.19006
/Users/davidfeliperiveraguerra/dev/seneca/cv-project/data/IMG/center_2025_12_03_12_07_28_244.jpg,/Users/davidfeliperiveraguerra/dev/seneca/cv-project/data/IMG/left_2025_12_03_12_07_28_244.jpg,/Users/davidfeliperiveraguerra/dev/seneca/cv-project/data/IMG/right_2025_12_03_12_07_28_244.jpg,0,1,0,30.06203
/Users/davidfeliperiveraguerra/dev/seneca/cv-project/data/IMG/center_2025_12_03_12_07_28_318.jpg,/Users/davidfeliperiveraguerra/dev/seneca/cv-project/data/IMG/left_2025_12_03_12_07_28_318.jpg,/Users/davidfeliperiveraguerra/dev/seneca/cv-project/data/IMG/right_2025_12_03_12_07_28_318.jpg,0,1,0,30.56081
/Users/davidfeliperiveraguerra/dev/seneca/cv-project/data/IMG/center_2025_12_03_12_07_28_393.jpg,/Users/davidfeliperiveraguerra/dev/seneca/cv-project/data/IMG/left_2025_12_03_12_07_28_393.jpg,/Users/davidfeliperiveraguerra/dev/seneca/cv-project/data/IMG/right_2025_12_03_12_07_28_393.jpg,0,1,0,30.18984
/Users/davidfeliperiveraguerra/dev/seneca/cv-project/data/IMG/center_2025_12_03_12_07_28_463.jpg,/Users/davidfeliperiveraguerra/dev/seneca/cv-project/data/IMG/left_2025_12_03_12_07_28_463.jpg,/Users/davidfeliperiveraguerra/dev/seneca/cv-project/data/IMG/right_2025_12_03_12_07_28_463.jpg,0,1,0,30.07652
/Users/davidfeliperiveraguerra/dev/seneca/cv-project/data/IMG/center_2025_12_03_12_07_28_535.jpg,/Users/davidfeliperiveraguerra/dev/seneca/cv-project/data/IMG/left_2025_12_03_12_07_28_535.jpg,/Users/davidfeliperiveraguerra/dev/seneca/cv-project/data/IMG/right_2025_12_03_12_07_28_535.jpg,0,1,0,30.58034
/Users/davidfeliperiveraguerra/dev/seneca/cv-project/data/IMG/center_2025_12_03_12_07_28_603.jpg,/Users/davidfeliperiveraguerra/dev/seneca/cv-project/data/IMG/left_2025_12_03_12_07_28_603.jpg,/Users/davidfeliperiveraguerra/dev/seneca/cv-project/data/IMG/right_2025_12_03_12_07_28_603.jpg,0,1,0,30.22235
/Users/davidfeliperiveraguerra/dev/seneca/cv-project/data/IMG/center_2025_12_03_12_07_28_675.jpg,/Users/davidfeliperiveraguerra/dev/seneca/cv-project/data/IMG/left_2025_12_03_12_07_28_675.jpg,/Users/davidfeliperiveraguerra/dev/seneca/cv-project/data/IMG/right_2025_12_03_12_07_28_675.jpg,0,1,0,30.18735
/Users/davidfeliperiveraguerra/dev/seneca/cv-project/data/IMG/center_2025_12_03_12_07_28_744.jpg,/Users/davidfeliperiveraguerra/dev/seneca/cv-project/data/IMG/left_2025_12_03_12_07_28_744.jpg,/Users/davidfeliperiveraguerra/dev/seneca/cv-project/data/IMG/right_2025_12_03_12_07_28_744.jpg,0,1,0,30.19032
/Users/davidfeliperiveraguerra/dev/seneca/cv-project/data/IMG/center_2025_12_03_12_07_28_818.jpg,/Users/davidfeliperiveraguerra/dev/seneca/cv-project/data/IMG/left_2025_12_03_12_07_28_818.jpg,/Users/davidfeliperiveraguerra/dev/seneca/cv-project/data/IMG/right_2025_12_03_12_07_28_818.jpg,0,1,0,30.19066
/Users/davidfeliperiveraguerra/dev/seneca/cv-project/data/IMG/center_2025_12_03_12_07_28_893.jpg,/Users/davidfeliperiveraguerra/dev/seneca/cv-project/data/IMG/left_2025_12_03_12_07_28_893.jpg,/Users/davidfeliperiveraguerra/dev/seneca/cv-project/data/IMG/right_2025_12_03_12_07_28_893.jpg,0,1,0,30.19043
/Users/davidfeliperiveraguerra/dev/seneca/cv-project/data/IMG/center_2025_12_03_12_07_28_963.jpg,/Users/davidfeliperiveraguerra/dev/seneca/cv-project/data/IMG/left_2025_12_03_12_07_28_963.jpg,/Users/davidfeliperiveraguerra/dev/seneca/cv-project/data/IMG/right_2025_12_03_12_07_28_963.jpg,-0.15,1,0,30.18457
/Users/davidfeliperiveraguerra/dev/seneca/cv-project/data/IMG/center_2025_12_03_12_07_29_035.jpg,/Users/davidfeliperiveraguerra/dev/seneca/cv-project/data/IMG/left_2025_12_03_12_07_29_035.jpg,/Users/davidfeliperiveraguerra/dev/seneca/cv-project/data/IMG/right_2025_12_03_12_07_29_035.jpg,-0.3,1,0,30.16978
/Users/davidfeliperiveraguerra/dev/seneca/cv-project/data/IMG/center_2025_12_03_12_07_29_104.jpg,/Users/davidfeliperiveraguerra/dev/seneca/cv-project/data/IMG/left_2025_12_03_12_07_29_104.jpg,/Users/davidfeliperiveraguerra/dev/seneca/cv-project/data/IMG/right_2025_12_03_12_07_29_104.jpg,0,1,0,30.18976
/Users/davidfeliperiveraguerra/dev/seneca/cv-project/data/IMG/center_2025_12_03_12_07_29_172.jpg,/Users/davidfeliperiveraguerra/dev/seneca/cv-project/data/IMG/left_2025_12_03_12_07_29_172.jpg,/Users/davidfeliperiveraguerra/dev/seneca/cv-project/data/IMG/right_2025_12_03_12_07_29_172.jpg,0,1,0,30.19007
/Users/davidfeliperiveraguerra/dev/seneca/cv-project/data/IMG/center_2025_12_03_12_07_29_241.jpg,/Users/davidfeliperiveraguerra/dev/seneca/cv-project/data/IMG/left_2025_12_03_12_07_29_241.jpg,/Users/davidfeliperiveraguerra/dev/seneca/cv-project/data/IMG/right_2025_12_03_12_07_29_241.jpg,0,1,0,30.19029
/Users/davidfeliperiveraguerra/dev/seneca/cv-project/data/IMG/center_2025_12_03_12_07_29_309.jpg,/Users/davidfeliperiveraguerra/dev/seneca/cv-project/data/IMG/left_2025_12_03_12_07_29_309.jpg,/Users/davidfeliperiveraguerra/dev/seneca/cv-project/data/IMG/right_2025_12_03_12_07_29_309.jpg,0,1,0,30.19037
/Users/davidfeliperiveraguerra/dev/seneca/cv-project/data/IMG/center_2025_12_03_12_07_29_376.jpg,/Users/davidfeliperiveraguerra/dev/seneca/cv-project/data/IMG/left_2025_12_03_12_07_29_376.jpg,/Users/davidfeliperiveraguerra/dev/seneca/cv-project/data/IMG/right_2025_12_03_12_07_29_376.jpg,0,1,0,30.19038
/Users/davidfeliperiveraguerra/dev/seneca/cv-project/data/IMG/center_2025_12_03_12_07_29_445.jpg,/Users/davidfeliperiveraguerra/dev/seneca/cv-project/data/IMG/left_2025_12_03_12_07_29_445.jpg,/Users/davidfeliperiveraguerra/dev/seneca/cv-project/data/IMG/right_2025_12_03_12_07_29_445.jpg,0,1,0,30.1904
/Users/davidfeliperiveraguerra/dev/seneca/cv-project/data/IMG/center_2025_12_03_12_07_29_516.jpg,/Users/davidfeliperiveraguerra/dev/seneca/cv-project/data/IMG/left_2025_12_03_12_07_29_516.jpg,/Users/davidfeliperiveraguerra/dev/seneca/cv-project/data/IMG/right_2025_12_03_12_07_29_516.jpg,0,1,0,30.19041
/Users/davidfeliperiveraguerra/dev/seneca/cv-project/data/IMG/center_2025_12_03_12_07_29_590.jpg,/Users/davidfeliperiveraguerra/dev/seneca/cv-project/data/IMG/left_2025_12_03_12_07_29_590.jpg,/Users/davidfeliperiveraguerra/dev/seneca/cv-project/data/IMG/right_2025_12_03_12_07_29_590.jpg,0,1,0,30.19022
/Users/davidfeliperiveraguerra/dev/seneca/cv-project/data/IMG/center_2025_12_03_12_07_29_657.jpg,/Users/davidfeliperiveraguerra/dev/seneca/cv-project/data/IMG/left_2025_12_03_12_07_29_657.jpg,/Users/davidfeliperiveraguerra/dev/seneca/cv-project/data/IMG/right_2025_12_03_12_07_29_657.jpg,-0.1,1,0,30.1879
/Users/davidfeliperiveraguerra/dev/seneca/cv-project/data/IMG/center_2025_12_03_12_07_29_727.jpg,/Users/davidfeliperiveraguerra/dev/seneca/cv-project/data/IMG/left_2025_12_03_12_07_29_727.jpg,/Users/davidfeliperiveraguerra/dev/seneca/cv-project/data/IMG/right_2025_12_03_12_07_29_727.jpg,-0.3,1,0,30.17007
/Users/davidfeliperiveraguerra/dev/seneca/cv-project/data/IMG/center_2025_12_03_12_07_29_800.jpg,/Users/davidfeliperiveraguerra/dev/seneca/cv-project/data/IMG/left_2025_12_03_12_07_29_800.jpg,/Users/davidfeliperiveraguerra/dev/seneca/cv-project/data/IMG/right_2025_12_03_12_07_29_800.jpg,0,1,0,30.18873
/Users/davidfeliperiveraguerra/dev/seneca/cv-project/data/IMG/center_2025_12_03_12_07_29_869.jpg,/Users/davidfeliperiveraguerra/dev/seneca/cv-project/data/IMG/left_2025_12_03_12_07_29_869.jpg,/Users/davidfeliperiveraguerra/dev/seneca/cv-project/data/IMG/right_2025_12_03_12_07_29_869.jpg,0,1,0,30.19017
/Users/davidfeliperiveraguerra/dev/seneca/cv-project/data/IMG/center_2025_12_03_12_07_29_935.jpg,/Users/davidfeliperiveraguerra/dev/seneca/cv-project/data/IMG/left_2025_12_03_12_07_29_935.jpg,/Users/davidfeliperiveraguerra/dev/seneca/cv-project/data/IMG/right_2025_12_03_12_07_29_935.jpg,0,1,0,30.19037
/Users/davidfeliperiveraguerra/dev/seneca/cv-project/data/IMG/center_2025_12_03_12_07_30_010.jpg,/Users/davidfeliperiveraguerra/dev/seneca/cv-project/data/IMG/left_2025_12_03_12_07_30_010.jpg,/Users/davidfeliperiveraguerra/dev/seneca/cv-project/data/IMG/right_2025_12_03_12_07_30_010.jpg,0,1,0,30.19043
/Users/davidfeliperiveraguerra/dev/seneca/cv-project/data/IMG/center_2025_12_03_12_07_30_083.jpg,/Users/davidfeliperiveraguerra/dev/seneca/cv-project/data/IMG/left_2025_12_03_12_07_30_083.jpg,/Users/davidfeliperiveraguerra/dev/seneca/cv-project/data/IMG/right_2025_12_03_12_07_30_083.jpg,0,1,0,30.19047
/Users/davidfeliperiveraguerra/dev/seneca/cv-project/data/IMG/center_2025_12_03_12_07_30_152.jpg,/Users/davidfeliperiveraguerra/dev/seneca/cv-project/data/IMG/left_2025_12_03_12_07_30_152.jpg,/Users/davidfeliperiveraguerra/dev/seneca/cv-project/data/IMG/right_2025_12_03_12_07_30_152.jpg,0,1,0,30.19109
/Users/davidfeliperiveraguerra/dev/seneca/cv-project/data/IMG/center_2025_12_03_12_07_30_219.jpg,/Users/davidfeliperiveraguerra/dev/seneca/cv-project/data/IMG/left_2025_12_03_12_07_30_219.jpg,/Users/davidfeliperiveraguerra/dev/seneca/cv-project/data/IMG/right_2025_12_03_12_07_30_219.jpg,0,1,0,30.19023
/Users/davidfeliperiveraguerra/dev/seneca/cv-project/data/IMG/center_2025_12_03_12_07_30_293.jpg,/Users/davidfeliperiveraguerra/dev/seneca/cv-project/data/IMG/left_2025_12_03_12_07_30_293.jpg,/Users/davidfeliperiveraguerra/dev/seneca/cv-project/data/IMG/right_2025_12_03_12_07_30_293.jpg,0,1,0,30.19034
/Users/davidfeliperiveraguerra/dev/seneca/cv-project/data/IMG/center_2025_12_03_12_07_30_360.jpg,/Users/davidfeliperiveraguerra/dev/seneca/cv-project/data/IMG/left_2025_12_03_12_07_30_360.jpg,/Users/davidfeliperiveraguerra/dev/seneca/cv-project/data/IMG/right_2025_12_03_12_07_30_360.jpg,0,1,0,30.1906
/Users/davidfeliperiveraguerra/dev/seneca/cv-project/data/IMG/center_2025_12_03_12_07_30_428.jpg,/Users/davidfeliperiveraguerra/dev/seneca/cv-project/data/IMG/left_2025_12_03_12_07_30_428.jpg,/Users/davidfeliperiveraguerra/dev/seneca/cv-project/data/IMG/right_2025_12_03_12_07_30_428.jpg,-0.15,1,0,30.18441
/Users/davidfeliperiveraguerra/dev/seneca/cv-project/data/IMG/center_2025_12_03_12_07_30_495.jpg,/Users/davidfeliperiveraguerra/dev/seneca/cv-project/data/IMG/left_2025_12_03_12_07_30_495.jpg,/Users/davidfeliperiveraguerra/dev/seneca/cv-project/data/IMG/right_2025_12_03_12_07_30_495.jpg,-0.3,1,0,30.16976
/Users/davidfeliperiveraguerra/dev/seneca/cv-project/data/IMG/center_2025_12_03_12_07_30_567.jpg,/Users/davidfeliperiveraguerra/dev/seneca/cv-project/data/IMG/left_2025_12_03_12_07_30_567.jpg,/Users/davidfeliperiveraguerra/dev/seneca/cv-project/data/IMG/right_2025_12_03_12_07_30_567.jpg,0,1,0,30.18993
/Users/davidfeliperiveraguerra/dev/seneca/cv-project/data/IMG/center_2025_12_03_12_07_30_643.jpg,/Users/davidfeliperiveraguerra/dev/seneca/cv-project/data/IMG/left_2025_12_03_12_07_30_643.jpg,/Users/davidfeliperiveraguerra/dev/seneca/cv-project/data/IMG/right_2025_12_03_12_07_30_643.jpg,0,1,0,30.19031
/Users/davidfeliperiveraguerra/dev/seneca/cv-project/data/IMG/center_2025_12_03_12_07_30_711.jpg,/Users/davidfeliperiveraguerra/dev/seneca/cv-project/data/IMG/left_2025_12_03_12_07_30_711.jpg,/Users/davidfeliperiveraguerra/dev/seneca/cv-project/data/IMG/right_2025_12_03_12_07_30_711.jpg,0,1,0,30.19079
/Users/davidfeliperiveraguerra/dev/seneca/cv-project/data/IMG/center_2025_12_03_12_07_30_786.jpg,/Users/davidfeliperiveraguerra/dev/seneca/cv-project/data/IMG/left_2025_12_03_12_07_30_786.jpg,/Users/davidfeliperiveraguerra/dev/seneca/cv-project/data/IMG/right_2025_12_03_12_07_30_786.jpg,0,1,0,30.19016
/Users/davidfeliperiveraguerra/dev/seneca/cv-project/data/IMG/center_2025_12_03_12_07_30_855.jpg,/Users/davidfeliperiveraguerra/dev/seneca/cv-project/data/IMG/left_2025_12_03_12_07_30_855.jpg,/Users/davidfeliperiveraguerra/dev/seneca/cv-project/data/IMG/right_2025_12_03_12_07_30_855.jpg,0,1,0,30.19033
/Users/davidfeliperiveraguerra/dev/seneca/cv-project/data/IMG/center_2025_12_03_12_07_30_923.jpg,/Users/davidfeliperiveraguerra/dev/seneca/cv-project/data/IMG/left_2025_12_03_12_07_30_923.jpg,/Users/davidfeliperiveraguerra/dev/seneca/cv-project/data/IMG/right_2025_12_03_12_07_30_923.jpg,0,1,0,30.19117
/Users/davidfeliperiveraguerra/dev/seneca/cv-project/data/IMG/center_2025_12_03_12_07_30_991.jpg,/Users/davidfeliperiveraguerra/dev/seneca/cv-project/data/IMG/left_2025_12_03_12_07_30_991.jpg,/Users/davidfeliperiveraguerra/dev/seneca/cv-project/data/IMG/right_2025_12_03_12_07_30_991.jpg,-0.15,1,0,30.1844
/Users/davidfeliperiveraguerra/dev/seneca/cv-project/data/IMG/center_2025_12_03_12_07_31_066.jpg,/Users/davidfeliperiveraguerra/dev/seneca/cv-project/data/IMG/left_2025_12_03_12_07_31_066.jpg,/Users/davidfeliperiveraguerra/dev/seneca/cv-project/data/IMG/right_2025_12_03_12_07_31_066.jpg,-0.35,1,0,30.16414
/Users/davidfeliperiveraguerra/dev/seneca/cv-project/data/IMG/center_2025_12_03_12_07_31_138.jpg,/Users/davidfeliperiveraguerra/dev/seneca/cv-project/data/IMG/left_2025_12_03_12_07_31_138.jpg,/Users/davidfeliperiveraguerra/dev/seneca/cv-project/data/IMG/right_2025_12_03_12_07_31_138.jpg,0,1,0,30.18882
/Users/davidfeliperiveraguerra/dev/seneca/cv-project/data/IMG/center_2025_12_03_12_07_31_212.jpg,/Users/davidfeliperiveraguerra/dev/seneca/cv-project/data/IMG/left_2025_12_03_12_07_31_212.jpg,/Users/davidfeliperiveraguerra/dev/seneca/cv-project/data/IMG/right_2025_12_03_12_07_31_212.jpg,0,1,0,30.18977
/Users/davidfeliperiveraguerra/dev/seneca/cv-project/data/IMG/center_2025_12_03_12_07_31_281.jpg,/Users/davidfeliperiveraguerra/dev/seneca/cv-project/data/IMG/left_2025_12_03_12_07_31_281.jpg,/Users/davidfeliperiveraguerra/dev/seneca/cv-project/data/IMG/right_2025_12_03_12_07_31_281.jpg,0,1,0,30.18959
/Users/davidfeliperiveraguerra/dev/seneca/cv-project/data/IMG/center_2025_12_03_12_07_31_355.jpg,/Users/davidfeliperiveraguerra/dev/seneca/cv-project/data/IMG/left_2025_12_03_12_07_31_355.jpg,/Users/davidfeliperiveraguerra/dev/seneca/cv-project/data/IMG/right_2025_12_03_12_07_31_355.jpg,0,1,0,30.19019
/Users/davidfeliperiveraguerra/dev/seneca/cv-project/data/IMG/center_2025_12_03_12_07_31_427.jpg,/Users/davidfeliperiveraguerra/dev/seneca/cv-project/data/IMG/left_2025_12_03_12_07_31_427.jpg,/Users/davidfeliperiveraguerra/dev/seneca/cv-project/data/IMG/right_2025_12_03_12_07_31_427.jpg,0,1,0,30.19069
/Users/davidfeliperiveraguerra/dev/seneca/cv-project/data/IMG/center_2025_12_03_12_07_31_500.jpg,/Users/davidfeliperiveraguerra/dev/seneca/cv-project/data/IMG/left_2025_12_03_12_07_31_500.jpg,/Users/davidfeliperiveraguerra/dev/seneca/cv-project/data/IMG/right_2025_12_03_12_07_31_500.jpg,0,1,0,30.18978
/Users/davidfeliperiveraguerra/dev/seneca/cv-project/data/IMG/center_2025_12_03_12_07_31_571.jpg,/Users/davidfeliperiveraguerra/dev/seneca/cv-project/data/IMG/left_2025_12_03_12_07_31_571.jpg,/Users/davidfeliperiveraguerra/dev/seneca/cv-project/data/IMG/right_2025_12_03_12_07_31_571.jpg,-0.2,1,0,30.18042
/Users/davidfeliperiveraguerra/dev/seneca/cv-project/data/IMG/center_2025_12_03_12_07_31_643.jpg,/Users/davidfeliperiveraguerra/dev/seneca/cv-project/data/IMG/left_2025_12_03_12_07_31_643.jpg,/Users/davidfeliperiveraguerra/dev/seneca/cv-project/data/IMG/right_2025_12_03_12_07_31_643.jpg,-0.4,1,0,30.15842
/Users/davidfeliperiveraguerra/dev/seneca/cv-project/data/IMG/center_2025_12_03_12_07_31_715.jpg,/Users/davidfeliperiveraguerra/dev/seneca/cv-project/data/IMG/left_2025_12_03_12_07_31_715.jpg,/Users/davidfeliperiveraguerra/dev/seneca/cv-project/data/IMG/right_2025_12_03_12_07_31_715.jpg,0,1,0,30.18819
/Users/davidfeliperiveraguerra/dev/seneca/cv-project/data/IMG/center_2025_12_03_12_07_31_787.jpg,/Users/davidfeliperiveraguerra/dev/seneca/cv-project/data/IMG/left_2025_12_03_12_07_31_787.jpg,/Users/davidfeliperiveraguerra/dev/seneca/cv-project/data/IMG/right_2025_12_03_12_07_31_787.jpg,0,1,0,30.18915
/Users/davidfeliperiveraguerra/dev/seneca/cv-project/data/IMG/center_2025_12_03_12_07_31_860.jpg,/Users/davidfeliperiveraguerra/dev/seneca/cv-project/data/IMG/left_2025_12_03_12_07_31_860.jpg,/Users/davidfeliperiveraguerra/dev/seneca/cv-project/data/IMG/right_2025_12_03_12_07_31_860.jpg,0,1,0,30.18992
/Users/davidfeliperiveraguerra/dev/seneca/cv-project/data/IMG/center_2025_12_03_12_07_31_934.jpg,/Users/davidfeliperiveraguerra/dev/seneca/cv-project/data/IMG/left_2025_12_03_12_07_31_934.jpg,/Users/davidfeliperiveraguerra/dev/seneca/cv-project/data/IMG/right_2025_12_03_12_07_31_934.jpg,0,1,0,30.19122
/Users/davidfeliperiveraguerra/dev/seneca/cv-project/data/IMG/center_2025_12_03_12_07_32_007.jpg,/Users/davidfeliperiveraguerra/dev/seneca/cv-project/data/IMG/left_2025_12_03_12_07_32_007.jpg,/Users/davidfeliperiveraguerra/dev/seneca/cv-project/data/IMG/right_2025_12_03_12_07_32_007.jpg,-0.15,1,0,30.18538
/Users/davidfeliperiveraguerra/dev/seneca/cv-project/data/IMG/center_2025_12_03_12_07_32_079.jpg,/Users/davidfeliperiveraguerra/dev/seneca/cv-project/data/IMG/left_2025_12_03_12_07_32_079.jpg,/Users/davidfeliperiveraguerra/dev/seneca/cv-project/data/IMG/right_2025_12_03_12_07_32_079.jpg,-0.3,1,0,30.17076
/Users/davidfeliperiveraguerra/dev/seneca/cv-project/data/IMG/center_2025_12_03_12_07_32_151.jpg,/Users/davidfeliperiveraguerra/dev/seneca/cv-project/data/IMG/left_2025_12_03_12_07_32_151.jpg,/Users/davidfeliperiveraguerra/dev/seneca/cv-project/data/IMG/right_2025_12_03_12_07_32_151.jpg,-0.5000001,1,0,30.14655
/Users/davidfeliperiveraguerra/dev/seneca/cv-project/data/IMG/center_2025_12_03_12_07_32_217.jpg,/Users/davidfeliperiveraguerra/dev/seneca/cv-project/data/IMG/left_2025_12_03_12_07_32_217.jpg,/Users/davidfeliperiveraguerra/dev/seneca/cv-project/data/IMG/right_2025_12_03_12_07_32_217.jpg,0,1,0,30.17286
/Users/davidfeliperiveraguerra/dev/seneca/cv-project/data/IMG/center_2025_12_03_12_07_32_287.jpg,/Users/davidfeliperiveraguerra/dev/seneca/cv-project/data/IMG/left_2025_12_03_12_07_32_287.jpg,/Users/davidfeliperiveraguerra/dev/seneca/cv-project/data/IMG/right_2025_12_03_12_07_32_287.jpg,0,1,0,30.18689
/Users/davidfeliperiveraguerra/dev/seneca/cv-project/data/IMG/center_2025_12_03_12_07_32_356.jpg,/Users/davidfeliperiveraguerra/dev/seneca/cv-project/data/IMG/left_2025_12_03_12_07_32_356.jpg,/Users/davidfeliperiveraguerra/dev/seneca/cv-project/data/IMG/right_2025_12_03_12_07_32_356.jpg,0,1,0,30.1897
/Users/davidfeliperiveraguerra/dev/seneca/cv-project/data/IMG/center_2025_12_03_12_07_32_430.jpg,/Users/davidfeliperiveraguerra/dev/seneca/cv-project/data/IMG/left_2025_12_03_12_07_32_430.jpg,/Users/davidfeliperiveraguerra/dev/seneca/cv-project/data/IMG/right_2025_12_03_12_07_32_430.jpg,0,1,0,30.19002
/Users/davidfeliperiveraguerra/dev/seneca/cv-project/data/IMG/center_2025_12_03_12_07_32_500.jpg,/Users/davidfeliperiveraguerra/dev/seneca/cv-project/data/IMG/left_2025_12_03_12_07_32_500.jpg,/Users/davidfeliperiveraguerra/dev/seneca/cv-project/data/IMG/right_2025_12_03_12_07_32_500.jpg,0,1,0,30.19008
/Users/davidfeliperiveraguerra/dev/seneca/cv-project/data/IMG/center_2025_12_03_12_07_32_570.jpg,/Users/davidfeliperiveraguerra/dev/seneca/cv-project/data/IMG/left_2025_12_03_12_07_32_570.jpg,/Users/davidfeliperiveraguerra/dev/seneca/cv-project/data/IMG/right_2025_12_03_12_07_32_570.jpg,-0.2,1,0,30.18135
/Users/davidfeliperiveraguerra/dev/seneca/cv-project/data/IMG/center_2025_12_03_12_07_32_636.jpg,/Users/davidfeliperiveraguerra/dev/seneca/cv-project/data/IMG/left_2025_12_03_12_07_32_636.jpg,/Users/davidfeliperiveraguerra/dev/seneca/cv-project/data/IMG/right_2025_12_03_12_07_32_636.jpg,-0.35,1,0,30.16425
/Users/davidfeliperiveraguerra/dev/seneca/cv-project/data/IMG/center_2025_12_03_12_07_32_704.jpg,/Users/davidfeliperiveraguerra/dev/seneca/cv-project/data/IMG/left_2025_12_03_12_07_32_704.jpg,/Users/davidfeliperiveraguerra/dev/seneca/cv-project/data/IMG/right_2025_12_03_12_07_32_704.jpg,0,1,0,30.17769
/Users/davidfeliperiveraguerra/dev/seneca/cv-project/data/IMG/center_2025_12_03_12_07_32_777.jpg,/Users/davidfeliperiveraguerra/dev/seneca/cv-project/data/IMG/left_2025_12_03_12_07_32_777.jpg,/Users/davidfeliperiveraguerra/dev/seneca/cv-project/data/IMG/right_2025_12_03_12_07_32_777.jpg,0,1,0,30.1875
/Users/davidfeliperiveraguerra/dev/seneca/cv-project/data/IMG/center_2025_12_03_12_07_32_844.jpg,/Users/davidfeliperiveraguerra/dev/seneca/cv-project/data/IMG/left_2025_12_03_12_07_32_844.jpg,/Users/davidfeliperiveraguerra/dev/seneca/cv-project/data/IMG/right_2025_12_03_12_07_32_844.jpg,0,1,0,30.18936
/Users/davidfeliperiveraguerra/dev/seneca/cv-project/data/IMG/center_2025_12_03_12_07_32_920.jpg,/Users/davidfeliperiveraguerra/dev/seneca/cv-project/data/IMG/left_2025_12_03_12_07_32_920.jpg,/Users/davidfeliperiveraguerra/dev/seneca/cv-project/data/IMG/right_2025_12_03_12_07_32_920.jpg,0,1,0,30.1904
/Users/davidfeliperiveraguerra/dev/seneca/cv-project/data/IMG/center_2025_12_03_12_07_32_988.jpg,/Users/davidfeliperiveraguerra/dev/seneca/cv-project/data/IMG/left_2025_12_03_12_07_32_988.jpg,/Users/davidfeliperiveraguerra/dev/seneca/cv-project/data/IMG/right_2025_12_03_12_07_32_988.jpg,-0.2,1,0,30.1817
/Users/davidfeliperiveraguerra/dev/seneca/cv-project/data/IMG/center_2025_12_03_12_07_33_057.jpg,/Users/davidfeliperiveraguerra/dev/seneca/cv-project/data/IMG/left_2025_12_03_12_07_33_057.jpg,/Users/davidfeliperiveraguerra/dev/seneca/cv-project/data/IMG/right_2025_12_03_12_07_33_057.jpg,-0.35,1,0,30.16552
/Users/davidfeliperiveraguerra/dev/seneca/cv-project/data/IMG/center_2025_12_03_12_07_33_130.jpg,/Users/davidfeliperiveraguerra/dev/seneca/cv-project/data/IMG/left_2025_12_03_12_07_33_130.jpg,/Users/davidfeliperiveraguerra/dev/seneca/cv-project/data/IMG/right_2025_12_03_12_07_33_130.jpg,-0.5500001,1,0,30.14251
/Users/davidfeliperiveraguerra/dev/seneca/cv-project/data/IMG/center_2025_12_03_12_07_33_204.jpg,/Users/davidfeliperiveraguerra/dev/seneca/cv-project/data/IMG/left_2025_12_03_12_07_33_204.jpg,/Users/davidfeliperiveraguerra/dev/seneca/cv-project/data/IMG/right_2025_12_03_12_07_33_204.jpg,-0.7500002,1,0,30.11547
/Users/davidfeliperiveraguerra/dev/seneca/cv-project/data/IMG/center_2025_12_03_12_07_33_278.jpg,/Users/davidfeliperiveraguerra/dev/seneca/cv-project/data/IMG/left_2025_12_03_12_07_33_278.jpg,/Users/davidfeliperiveraguerra/dev/seneca/cv-project/data/IMG/right_2025_12_03_12_07_33_278.jpg,-0.9000002,1,0,30.10063
/Users/davidfeliperiveraguerra/dev/seneca/cv-project/data/IMG/center_2025_12_03_12_07_33_354.jpg,/Users/davidfeliperiveraguerra/dev/seneca/cv-project/data/IMG/left_2025_12_03_12_07_33_354.jpg,/Users/davidfeliperiveraguerra/dev/seneca/cv-project/data/IMG/right_2025_12_03_12_07_33_354.jpg,0,1,0,30.17151
/Users/davidfeliperiveraguerra/dev/seneca/cv-project/data/IMG/center_2025_12_03_12_07_33_429.jpg,/Users/davidfeliperiveraguerra/dev/seneca/cv-project/data/IMG/left_2025_12_03_12_07_33_429.jpg,/Users/davidfeliperiveraguerra/dev/seneca/cv-project/data/IMG/right_2025_12_03_12_07_33_429.jpg,0,1,0,30.18431
/Users/davidfeliperiveraguerra/dev/seneca/cv-project/data/IMG/center_2025_12_03_12_07_33_504.jpg,/Users/davidfeliperiveraguerra/dev/seneca/cv-project/data/IMG/left_2025_12_03_12_07_33_504.jpg,/Users/davidfeliperiveraguerra/dev/seneca/cv-project/data/IMG/right_2025_12_03_12_07_33_504.jpg,0,1,0,30.18892
/Users/davidfeliperiveraguerra/dev/seneca/cv-project/data/IMG/center_2025_12_03_12_07_33_570.jpg,/Users/davidfeliperiveraguerra/dev/seneca/cv-project/data/IMG/left_2025_12_03_12_07_33_570.jpg,/Users/davidfeliperiveraguerra/dev/seneca/cv-project/data/IMG/right_2025_12_03_12_07_33_570.jpg,0,1,0,30.18992
/Users/davidfeliperiveraguerra/dev/seneca/cv-project/data/IMG/center_2025_12_03_12_07_33_641.jpg,/Users/davidfeliperiveraguerra/dev/seneca/cv-project/data/IMG/left_2025_12_03_12_07_33_641.jpg,/Users/davidfeliperiveraguerra/dev/seneca/cv-project/data/IMG/right_2025_12_03_12_07_33_641.jpg,0,1,0,30.19023
/Users/davidfeliperiveraguerra/dev/seneca/cv-project/data/IMG/center_2025_12_03_12_07_33_714.jpg,/Users/davidfeliperiveraguerra/dev/seneca/cv-project/data/IMG/left_2025_12_03_12_07_33_714.jpg,/Users/davidfeliperiveraguerra/dev/seneca/cv-project/data/IMG/right_2025_12_03_12_07_33_714.jpg,0,1,0,30.19029
/Users/davidfeliperiveraguerra/dev/seneca/cv-project/data/IMG/center_2025_12_03_12_07_33_785.jpg,/Users/davidfeliperiveraguerra/dev/seneca/cv-project/data/IMG/left_2025_12_03_12_07_33_785.jpg,/Users/davidfeliperiveraguerra/dev/seneca/cv-project/data/IMG/right_2025_12_03_12_07_33_785.jpg,-0.15,1,0,30.18477
/Users/davidfeliperiveraguerra/dev/seneca/cv-project/data/IMG/center_2025_12_03_12_07_33_858.jpg,/Users/davidfeliperiveraguerra/dev/seneca/cv-project/data/IMG/left_2025_12_03_12_07_33_858.jpg,/Users/davidfeliperiveraguerra/dev/seneca/cv-project/data/IMG/right_2025_12_03_12_07_33_858.jpg,-0.3,1,0,30.17105
/Users/davidfeliperiveraguerra/dev/seneca/cv-project/data/IMG/center_2025_12_03_12_07_33_933.jpg,/Users/davidfeliperiveraguerra/dev/seneca/cv-project/data/IMG/left_2025_12_03_12_07_33_933.jpg,/Users/davidfeliperiveraguerra/dev/seneca/cv-project/data/IMG/right_2025_12_03_12_07_33_933.jpg,0,1,0,30.1792
/Users/davidfeliperiveraguerra/dev/seneca/cv-project/data/IMG/center_2025_12_03_12_07_34_007.jpg,/Users/davidfeliperiveraguerra/dev/seneca/cv-project/data/IMG/left_2025_12_03_12_07_34_007.jpg,/Users/davidfeliperiveraguerra/dev/seneca/cv-project/data/IMG/right_2025_12_03_12_07_34_007.jpg,0,1,0,30.18859
/Users/davidfeliperiveraguerra/dev/seneca/cv-project/data/IMG/center_2025_12_03_12_07_34_074.jpg,/Users/davidfeliperiveraguerra/dev/seneca/cv-project/data/IMG/left_2025_12_03_12_07_34_074.jpg,/Users/davidfeliperiveraguerra/dev/seneca/cv-project/data/IMG/right_2025_12_03_12_07_34_074.jpg,0,1,0,30.19031
/Users/davidfeliperiveraguerra/dev/seneca/cv-project/data/IMG/center_2025_12_03_12_07_34_150.jpg,/Users/davidfeliperiveraguerra/dev/seneca/cv-project/data/IMG/left_2025_12_03_12_07_34_150.jpg,/Users/davidfeliperiveraguerra/dev/seneca/cv-project/data/IMG/right_2025_12_03_12_07_34_150.jpg,-0.15,1,0,30.18739
/Users/davidfeliperiveraguerra/dev/seneca/cv-project/data/IMG/center_2025_12_03_12_07_34_222.jpg,/Users/davidfeliperiveraguerra/dev/seneca/cv-project/data/IMG/left_2025_12_03_12_07_34_222.jpg,/Users/davidfeliperiveraguerra/dev/seneca/cv-project/data/IMG/right_2025_12_03_12_07_34_222.jpg,-0.35,1,0,30.16532
/Users/davidfeliperiveraguerra/dev/seneca/cv-project/data/IMG/center_2025_12_03_12_07_34_345.jpg,/Users/davidfeliperiveraguerra/dev/seneca/cv-project/data/IMG/left_2025_12_03_12_07_34_345.jpg,/Users/davidfeliperiveraguerra/dev/seneca/cv-project/data/IMG/right_2025_12_03_12_07_34_345.jpg,-0.6500001,1,0,30.12888
/Users/davidfeliperiveraguerra/dev/seneca/cv-project/data/IMG/center_2025_12_03_12_07_34_423.jpg,/Users/davidfeliperiveraguerra/dev/seneca/cv-project/data/IMG/left_2025_12_03_12_07_34_423.jpg,/Users/davidfeliperiveraguerra/dev/seneca/cv-project/data/IMG/right_2025_12_03_12_07_34_423.jpg,0,1,0,30.18286
/Users/davidfeliperiveraguerra/dev/seneca/cv-project/data/IMG/center_2025_12_03_12_07_34_493.jpg,/Users/davidfeliperiveraguerra/dev/seneca/cv-project/data/IMG/left_2025_12_03_12_07_34_493.jpg,/Users/davidfeliperiveraguerra/dev/seneca/cv-project/data/IMG/right_2025_12_03_12_07_34_493.jpg,0,1,0,30.18849
/Users/davidfeliperiveraguerra/dev/seneca/cv-project/data/IMG/center_2025_12_03_12_07_34_565.jpg,/Users/davidfeliperiveraguerra/dev/seneca/cv-project/data/IMG/left_2025_12_03_12_07_34_565.jpg,/Users/davidfeliperiveraguerra/dev/seneca/cv-project/data/IMG/right_2025_12_03_12_07_34_565.jpg,0,1,0,30.18925
/Users/davidfeliperiveraguerra/dev/seneca/cv-project/data/IMG/center_2025_12_03_12_07_34_637.jpg,/Users/davidfeliperiveraguerra/dev/seneca/cv-project/data/IMG/left_2025_12_03_12_07_34_637.jpg,/Users/davidfeliperiveraguerra/dev/seneca/cv-project/data/IMG/right_2025_12_03_12_07_34_637.jpg,-0.15,1,0,30.18673
/Users/davidfeliperiveraguerra/dev/seneca/cv-project/data/IMG/center_2025_12_03_12_07_34_704.jpg,/Users/davidfeliperiveraguerra/dev/seneca/cv-project/data/IMG/left_2025_12_03_12_07_34_704.jpg,/Users/davidfeliperiveraguerra/dev/seneca/cv-project/data/IMG/right_2025_12_03_12_07_34_704.jpg,-0.35,1,0,30.1678
/Users/davidfeliperiveraguerra/dev/seneca/cv-project/data/IMG/center_2025_12_03_12_07_34_771.jpg,/Users/davidfeliperiveraguerra/dev/seneca/cv-project/data/IMG/left_2025_12_03_12_07_34_771.jpg,/Users/davidfeliperiveraguerra/dev/seneca/cv-project/data/IMG/right_2025_12_03_12_07_34_771.jpg,-0.5000001,1,0,30.14734
/Users/davidfeliperiveraguerra/dev/seneca/cv-project/data/IMG/center_2025_12_03_12_07_34_838.jpg,/Users/davidfeliperiveraguerra/dev/seneca/cv-project/data/IMG/left_2025_12_03_12_07_34_838.jpg,/Users/davidfeliperiveraguerra/dev/seneca/cv-project/data/IMG/right_2025_12_03_12_07_34_838.jpg,0,1,0,30.17411
/Users/davidfeliperiveraguerra/dev/seneca/cv-project/data/IMG/center_2025_12_03_12_07_34_912.jpg,/Users/davidfeliperiveraguerra/dev/seneca/cv-project/data/IMG/left_2025_12_03_12_07_34_912.jpg,/Users/davidfeliperiveraguerra/dev/seneca/cv-project/data/IMG/right_2025_12_03_12_07_34_912.jpg,0,1,0,30.18751
/Users/davidfeliperiveraguerra/dev/seneca/cv-project/data/IMG/center_2025_12_03_12_07_34_979.jpg,/Users/davidfeliperiveraguerra/dev/seneca/cv-project/data/IMG/left_2025_12_03_12_07_34_979.jpg,/Users/davidfeliperiveraguerra/dev/seneca/cv-project/data/IMG/right_2025_12_03_12_07_34_979.jpg,-0.05,1,0,30.19007
/Users/davidfeliperiveraguerra/dev/seneca/cv-project/data/IMG/center_2025_12_03_12_07_35_054.jpg,/Users/davidfeliperiveraguerra/dev/seneca/cv-project/data/IMG/left_2025_12_03_12_07_35_054.jpg,/Users/davidfeliperiveraguerra/dev/seneca/cv-project/data/IMG/right_2025_12_03_12_07_35_054.jpg,0,1,0,30.18995
/Users/davidfeliperiveraguerra/dev/seneca/cv-project/data/IMG/center_2025_12_03_12_07_35_121.jpg,/Users/davidfeliperiveraguerra/dev/seneca/cv-project/data/IMG/left_2025_12_03_12_07_35_121.jpg,/Users/davidfeliperiveraguerra/dev/seneca/cv-project/data/IMG/right_2025_12_03_12_07_35_121.jpg,0,1,0,30.18953
/Users/davidfeliperiveraguerra/dev/seneca/cv-project/data/IMG/center_2025_12_03_12_07_35_195.jpg,/Users/davidfeliperiveraguerra/dev/seneca/cv-project/data/IMG/left_2025_12_03_12_07_35_195.jpg,/Users/davidfeliperiveraguerra/dev/seneca/cv-project/data/IMG/right_2025_12_03_12_07_35_195.jpg,-0.05,1,0,30.1895
/Users/davidfeliperiveraguerra/dev/seneca/cv-project/data/IMG/center_2025_12_03_12_07_35_262.jpg,/Users/davidfeliperiveraguerra/dev/seneca/cv-project/data/IMG/left_2025_12_03_12_07_35_262.jpg,/Users/davidfeliperiveraguerra/dev/seneca/cv-project/data/IMG/right_2025_12_03_12_07_35_262.jpg,-0.25,1,0,30.17533
/Users/davidfeliperiveraguerra/dev/seneca/cv-project/data/IMG/center_2025_12_03_12_07_35_338.jpg,/Users/davidfeliperiveraguerra/dev/seneca/cv-project/data/IMG/left_2025_12_03_12_07_35_338.jpg,/Users/davidfeliperiveraguerra/dev/seneca/cv-project/data/IMG/right_2025_12_03_12_07_35_338.jpg,-0.4,1,0,30.15767
/Users/davidfeliperiveraguerra/dev/seneca/cv-project/data/IMG/center_2025_12_03_12_07_35_407.jpg,/Users/davidfeliperiveraguerra/dev/seneca/cv-project/data/IMG/left_2025_12_03_12_07_35_407.jpg,/Users/davidfeliperiveraguerra/dev/seneca/cv-project/data/IMG/right_2025_12_03_12_07_35_407.jpg,-0.6000001,1,0,30.13427
/Users/davidfeliperiveraguerra/dev/seneca/cv-project/data/IMG/center_2025_12_03_12_07_35_475.jpg,/Users/davidfeliperiveraguerra/dev/seneca/cv-project/data/IMG/left_2025_12_03_12_07_35_475.jpg,/Users/davidfeliperiveraguerra/dev/seneca/cv-project/data/IMG/right_2025_12_03_12_07_35_475.jpg,-0.7500002,1,0,30.11591
/Users/davidfeliperiveraguerra/dev/seneca/cv-project/data/IMG/center_2025_12_03_12_07_35_543.jpg,/Users/davidfeliperiveraguerra/dev/seneca/cv-project/data/IMG/left_2025_12_03_12_07_35_543.jpg,/Users/davidfeliperiveraguerra/dev/seneca/cv-project/data/IMG/right_2025_12_03_12_07_35_543.jpg,-0.9500002,1,0,30.101
/Users/davidfeliperiveraguerra/dev/seneca/cv-project/data/IMG/center_2025_12_03_12_07_35_616.jpg,/Users/davidfeliperiveraguerra/dev/seneca/cv-project/data/IMG/left_2025_12_03_12_07_35_616.jpg,/Users/davidfeliperiveraguerra/dev/seneca/cv-project/data/IMG/right_2025_12_03_12_07_35_616.jpg,0,1,0,30.17126
/Users/davidfeliperiveraguerra/dev/seneca/cv-project/data/IMG/center_2025_12_03_12_07_35_688.jpg,/Users/davidfeliperiveraguerra/dev/seneca/cv-project/data/IMG/left_2025_12_03_12_07_35_688.jpg,/Users/davidfeliperiveraguerra/dev/seneca/cv-project/data/IMG/right_2025_12_03_12_07_35_688.jpg,0,1,0,30.18396
/Users/davidfeliperiveraguerra/dev/seneca/cv-project/data/IMG/center_2025_12_03_12_07_35_758.jpg,/Users/davidfeliperiveraguerra/dev/seneca/cv-project/data/IMG/left_2025_12_03_12_07_35_758.jpg,/Users/davidfeliperiveraguerra/dev/seneca/cv-project/data/IMG/right_2025_12_03_12_07_35_758.jpg,0,1,0,30.18933
/Users/davidfeliperiveraguerra/dev/seneca/cv-project/data/IMG/center_2025_12_03_12_07_35_828.jpg,/Users/davidfeliperiveraguerra/dev/seneca/cv-project/data/IMG/left_2025_12_03_12_07_35_828.jpg,/Users/davidfeliperiveraguerra/dev/seneca/cv-project/data/IMG/right_2025_12_03_12_07_35_828.jpg,0,1,0,30.19183
/Users/davidfeliperiveraguerra/dev/seneca/cv-project/data/IMG/center_2025_12_03_12_07_35_895.jpg,/Users/davidfeliperiveraguerra/dev/seneca/cv-project/data/IMG/left_2025_12_03_12_07_35_895.jpg,/Users/davidfeliperiveraguerra/dev/seneca/cv-project/data/IMG/right_2025_12_03_12_07_35_895.jpg,0,1,0,30.19056
/Users/davidfeliperiveraguerra/dev/seneca/cv-project/data/IMG/center_2025_12_03_12_07_35_968.jpg,/Users/davidfeliperiveraguerra/dev/seneca/cv-project/data/IMG/left_2025_12_03_12_07_35_968.jpg,/Users/davidfeliperiveraguerra/dev/seneca/cv-project/data/IMG/right_2025_12_03_12_07_35_968.jpg,0,1,0,30.19086
/Users/davidfeliperiveraguerra/dev/seneca/cv-project/data/IMG/center_2025_12_03_12_07_36_040.jpg,/Users/davidfeliperiveraguerra/dev/seneca/cv-project/data/IMG/left_2025_12_03_12_07_36_040.jpg,/Users/davidfeliperiveraguerra/dev/seneca/cv-project/data/IMG/right_2025_12_03_12_07_36_040.jpg,0,1,0,30.19106
/Users/davidfeliperiveraguerra/dev/seneca/cv-project/data/IMG/center_2025_12_03_12_07_36_115.jpg,/Users/davidfeliperiveraguerra/dev/seneca/cv-project/data/IMG/left_2025_12_03_12_07_36_115.jpg,/Users/davidfeliperiveraguerra/dev/seneca/cv-project/data/IMG/right_2025_12_03_12_07_36_115.jpg,0,1,0,30.19065
/Users/davidfeliperiveraguerra/dev/seneca/cv-project/data/IMG/center_2025_12_03_12_07_36_186.jpg,/Users/davidfeliperiveraguerra/dev/seneca/cv-project/data/IMG/left_2025_12_03_12_07_36_186.jpg,/Users/davidfeliperiveraguerra/dev/seneca/cv-project/data/IMG/right_2025_12_03_12_07_36_186.jpg,0.2,1,0,30.17993
/Users/davidfeliperiveraguerra/dev/seneca/cv-project/data/IMG/center_2025_12_03_12_07_36_257.jpg,/Users/davidfeliperiveraguerra/dev/seneca/cv-project/data/IMG/left_2025_12_03_12_07_36_257.jpg,/Users/davidfeliperiveraguerra/dev/seneca/cv-project/data/IMG/right_2025_12_03_12_07_36_257.jpg,0,1,0,30.18517
/Users/davidfeliperiveraguerra/dev/seneca/cv-project/data/IMG/center_2025_12_03_12_07_36_328.jpg,/Users/davidfeliperiveraguerra/dev/seneca/cv-project/data/IMG/left_2025_12_03_12_07_36_328.jpg,/Users/davidfeliperiveraguerra/dev/seneca/cv-project/data/IMG/right_2025_12_03_12_07_36_328.jpg,0,1,0,30.18986
/Users/davidfeliperiveraguerra/dev/seneca/cv-project/data/IMG/center_2025_12_03_12_07_36_400.jpg,/Users/davidfeliperiveraguerra/dev/seneca/cv-project/data/IMG/left_2025_12_03_12_07_36_400.jpg,/Users/davidfeliperiveraguerra/dev/seneca/cv-project/data/IMG/right_2025_12_03_12_07_36_400.jpg,0,1,0,30.19035
/Users/davidfeliperiveraguerra/dev/seneca/cv-project/data/IMG/center_2025_12_03_12_07_36_469.jpg,/Users/davidfeliperiveraguerra/dev/seneca/cv-project/data/IMG/left_2025_12_03_12_07_36_469.jpg,/Users/davidfeliperiveraguerra/dev/seneca/cv-project/data/IMG/right_2025_12_03_12_07_36_469.jpg,0,1,0,30.19053
/Users/davidfeliperiveraguerra/dev/seneca/cv-project/data/IMG/center_2025_12_03_12_07_36_538.jpg,/Users/davidfeliperiveraguerra/dev/seneca/cv-project/data/IMG/left_2025_12_03_12_07_36_538.jpg,/Users/davidfeliperiveraguerra/dev/seneca/cv-project/data/IMG/right_2025_12_03_12_07_36_538.jpg,0,1,0,30.19039
/Users/davidfeliperiveraguerra/dev/seneca/cv-project/data/IMG/center_2025_12_03_12_07_36_606.jpg,/Users/davidfeliperiveraguerra/dev/seneca/cv-project/data/IMG/left_2025_12_03_12_07_36_606.jpg,/Users/davidfeliperiveraguerra/dev/seneca/cv-project/data/IMG/right_2025_12_03_12_07_36_606.jpg,0,1,0,30.19028
/Users/davidfeliperiveraguerra/dev/seneca/cv-project/data/IMG/center_2025_12_03_12_07_36_675.jpg,/Users/davidfeliperiveraguerra/dev/seneca/cv-project/data/IMG/left_2025_12_03_12_07_36_675.jpg,/Users/davidfeliperiveraguerra/dev/seneca/cv-project/data/IMG/right_2025_12_03_12_07_36_675.jpg,0,1,0,30.1904
/Users/davidfeliperiveraguerra/dev/seneca/cv-project/data/IMG/center_2025_12_03_12_07_36_745.jpg,/Users/davidfeliperiveraguerra/dev/seneca/cv-project/data/IMG/left_2025_12_03_12_07_36_745.jpg,/Users/davidfeliperiveraguerra/dev/seneca/cv-project/data/IMG/right_2025_12_03_12_07_36_745.jpg,0,1,0,30.19016
/Users/davidfeliperiveraguerra/dev/seneca/cv-project/data/IMG/center_2025_12_03_12_07_36_813.jpg,/Users/davidfeliperiveraguerra/dev/seneca/cv-project/data/IMG/left_2025_12_03_12_07_36_813.jpg,/Users/davidfeliperiveraguerra/dev/seneca/cv-project/data/IMG/right_2025_12_03_12_07_36_813.jpg,0,1,0,30.19022
/Users/davidfeliperiveraguerra/dev/seneca/cv-project/data/IMG/center_2025_12_03_12_07_36_882.jpg,/Users/davidfeliperiveraguerra/dev/seneca/cv-project/data/IMG/left_2025_12_03_12_07_36_882.jpg,/Users/davidfeliperiveraguerra/dev/seneca/cv-project/data/IMG/right_2025_12_03_12_07_36_882.jpg,0,1,0,30.1904
/Users/davidfeliperiveraguerra/dev/seneca/cv-project/data/IMG/center_2025_12_03_12_07_36_951.jpg,/Users/davidfeliperiveraguerra/dev/seneca/cv-project/data/IMG/left_2025_12_03_12_07_36_951.jpg,/Users/davidfeliperiveraguerra/dev/seneca/cv-project/data/IMG/right_2025_12_03_12_07_36_951.jpg,0,1,0,30.19038
/Users/davidfeliperiveraguerra/dev/seneca/cv-project/data/IMG/center_2025_12_03_12_07_37_019.jpg,/Users/davidfeliperiveraguerra/dev/seneca/cv-project/data/IMG/left_2025_12_03_12_07_37_019.jpg,/Users/davidfeliperiveraguerra/dev/seneca/cv-project/data/IMG/right_2025_12_03_12_07_37_019.jpg,0,1,0,30.19028
/Users/davidfeliperiveraguerra/dev/seneca/cv-project/data/IMG/center_2025_12_03_12_07_37_088.jpg,/Users/davidfeliperiveraguerra/dev/seneca/cv-project/data/IMG/left_2025_12_03_12_07_37_088.jpg,/Users/davidfeliperiveraguerra/dev/seneca/cv-project/data/IMG/right_2025_12_03_12_07_37_088.jpg,0,1,0,30.19024
/Users/davidfeliperiveraguerra/dev/seneca/cv-project/data/IMG/center_2025_12_03_12_07_37_156.jpg,/Users/davidfeliperiveraguerra/dev/seneca/cv-project/data/IMG/left_2025_12_03_12_07_37_156.jpg,/Users/davidfeliperiveraguerra/dev/seneca/cv-project/data/IMG/right_2025_12_03_12_07_37_156.jpg,0,1,0,30.19026
/Users/davidfeliperiveraguerra/dev/seneca/cv-project/data/IMG/center_2025_12_03_12_07_37_224.jpg,/Users/davidfeliperiveraguerra/dev/seneca/cv-project/data/IMG/left_2025_12_03_12_07_37_224.jpg,/Users/davidfeliperiveraguerra/dev/seneca/cv-project/data/IMG/right_2025_12_03_12_07_37_224.jpg,0,1,0,30.19029
/Users/davidfeliperiveraguerra/dev/seneca/cv-project/data/IMG/center_2025_12_03_12_07_37_292.jpg,/Users/davidfeliperiveraguerra/dev/seneca/cv-project/data/IMG/left_2025_12_03_12_07_37_292.jpg,/Users/davidfeliperiveraguerra/dev/seneca/cv-project/data/IMG/right_2025_12_03_12_07_37_292.jpg,0,1,0,30.19041
/Users/davidfeliperiveraguerra/dev/seneca/cv-project/data/IMG/center_2025_12_03_12_07_37_361.jpg,/Users/davidfeliperiveraguerra/dev/seneca/cv-project/data/IMG/left_2025_12_03_12_07_37_361.jpg,/Users/davidfeliperiveraguerra/dev/seneca/cv-project/data/IMG/right_2025_12_03_12_07_37_361.jpg,0,1,0,30.19019
/Users/davidfeliperiveraguerra/dev/seneca/cv-project/data/IMG/center_2025_12_03_12_07_37_429.jpg,/Users/davidfeliperiveraguerra/dev/seneca/cv-project/data/IMG/left_2025_12_03_12_07_37_429.jpg,/Users/davidfeliperiveraguerra/dev/seneca/cv-project/data/IMG/right_2025_12_03_12_07_37_429.jpg,0,1,0,30.19049
/Users/davidfeliperiveraguerra/dev/seneca/cv-project/data/IMG/center_2025_12_03_12_07_37_496.jpg,/Users/davidfeliperiveraguerra/dev/seneca/cv-project/data/IMG/left_2025_12_03_12_07_37_496.jpg,/Users/davidfeliperiveraguerra/dev/seneca/cv-project/data/IMG/right_2025_12_03_12_07_37_496.jpg,-0.15,1,0,30.18428
/Users/davidfeliperiveraguerra/dev/seneca/cv-project/data/IMG/center_2025_12_03_12_07_37_565.jpg,/Users/davidfeliperiveraguerra/dev/seneca/cv-project/data/IMG/left_2025_12_03_12_07_37_565.jpg,/Users/davidfeliperiveraguerra/dev/seneca/cv-project/data/IMG/right_2025_12_03_12_07_37_565.jpg,0,1,0,30.18439
/Users/davidfeliperiveraguerra/dev/seneca/cv-project/data/IMG/center_2025_12_03_12_07_37_633.jpg,/Users/davidfeliperiveraguerra/dev/seneca/cv-project/data/IMG/left_2025_12_03_12_07_37_633.jpg,/Users/davidfeliperiveraguerra/dev/seneca/cv-project/data/IMG/right_2025_12_03_12_07_37_633.jpg,0,1,0,30.18975
/Users/davidfeliperiveraguerra/dev/seneca/cv-project/data/IMG/center_2025_12_03_12_07_37_700.jpg,/Users/davidfeliperiveraguerra/dev/seneca/cv-project/data/IMG/left_2025_12_03_12_07_37_700.jpg,/Users/davidfeliperiveraguerra/dev/seneca/cv-project/data/IMG/right_2025_12_03_12_07_37_700.jpg,0,1,0,30.18981
/Users/davidfeliperiveraguerra/dev/seneca/cv-project/data/IMG/center_2025_12_03_12_07_37_770.jpg,/Users/davidfeliperiveraguerra/dev/seneca/cv-project/data/IMG/left_2025_12_03_12_07_37_770.jpg,/Users/davidfeliperiveraguerra/dev/seneca/cv-project/data/IMG/right_2025_12_03_12_07_37_770.jpg,0,1,0,30.19018
/Users/davidfeliperiveraguerra/dev/seneca/cv-project/data/IMG/center_2025_12_03_12_07_37_839.jpg,/Users/davidfeliperiveraguerra/dev/seneca/cv-project/data/IMG/left_2025_12_03_12_07_37_839.jpg,/Users/davidfeliperiveraguerra/dev/seneca/cv-project/data/IMG/right_2025_12_03_12_07_37_839.jpg,0,1,0,30.19022
/Users/davidfeliperiveraguerra/dev/seneca/cv-project/data/IMG/center_2025_12_03_12_07_37_908.jpg,/Users/davidfeliperiveraguerra/dev/seneca/cv-project/data/IMG/left_2025_12_03_12_07_37_908.jpg,/Users/davidfeliperiveraguerra/dev/seneca/cv-project/data/IMG/right_2025_12_03_12_07_37_908.jpg,0,1,0,30.19027
/Users/davidfeliperiveraguerra/dev/seneca/cv-project/data/IMG/center_2025_12_03_12_07_37_978.jpg,/Users/davidfeliperiveraguerra/dev/seneca/cv-project/data/IMG/left_2025_12_03_12_07_37_978.jpg,/Users/davidfeliperiveraguerra/dev/seneca/cv-project/data/IMG/right_2025_12_03_12_07_37_978.jpg,0,1,0,30.18999
/Users/davidfeliperiveraguerra/dev/seneca/cv-project/data/IMG/center_2025_12_03_12_07_38_046.jpg,/Users/davidfeliperiveraguerra/dev/seneca/cv-project/data/IMG/left_2025_12_03_12_07_38_046.jpg,/Users/davidfeliperiveraguerra/dev/seneca/cv-project/data/IMG/right_2025_12_03_12_07_38_046.jpg,0,1,0,30.1902
/Users/davidfeliperiveraguerra/dev/seneca/cv-project/data/IMG/center_2025_12_03_12_07_38_117.jpg,/Users/davidfeliperiveraguerra/dev/seneca/cv-project/data/IMG/left_2025_12_03_12_07_38_117.jpg,/Users/davidfeliperiveraguerra/dev/seneca/cv-project/data/IMG/right_2025_12_03_12_07_38_117.jpg,0,1,0,30.19021
/Users/davidfeliperiveraguerra/dev/seneca/cv-project/data/IMG/center_2025_12_03_12_07_38_188.jpg,/Users/davidfeliperiveraguerra/dev/seneca/cv-project/data/IMG/left_2025_12_03_12_07_38_188.jpg,/Users/davidfeliperiveraguerra/dev/seneca/cv-project/data/IMG/right_2025_12_03_12_07_38_188.jpg,0,1,0,30.19004
/Users/davidfeliperiveraguerra/dev/seneca/cv-project/data/IMG/center_2025_12_03_12_07_38_255.jpg,/Users/davidfeliperiveraguerra/dev/seneca/cv-project/data/IMG/left_2025_12_03_12_07_38_255.jpg,/Users/davidfeliperiveraguerra/dev/seneca/cv-project/data/IMG/right_2025_12_03_12_07_38_255.jpg,0,1,0,30.19013
/Users/davidfeliperiveraguerra/dev/seneca/cv-project/data/IMG/center_2025_12_03_12_07_38_327.jpg,/Users/davidfeliperiveraguerra/dev/seneca/cv-project/data/IMG/left_2025_12_03_12_07_38_327.jpg,/Users/davidfeliperiveraguerra/dev/seneca/cv-project/data/IMG/right_2025_12_03_12_07_38_327.jpg,0,1,0,30.19021
/Users/davidfeliperiveraguerra/dev/seneca/cv-project/data/IMG/center_2025_12_03_12_07_38_399.jpg,/Users/davidfeliperiveraguerra/dev/seneca/cv-project/data/IMG/left_2025_12_03_12_07_38_399.jpg,/Users/davidfeliperiveraguerra/dev/seneca/cv-project/data/IMG/right_2025_12_03_12_07_38_399.jpg,0,1,0,30.19017
/Users/davidfeliperiveraguerra/dev/seneca/cv-project/data/IMG/center_2025_12_03_12_07_38_466.jpg,/Users/davidfeliperiveraguerra/dev/seneca/cv-project/data/IMG/left_2025_12_03_12_07_38_466.jpg,/Users/davidfeliperiveraguerra/dev/seneca/cv-project/data/IMG/right_2025_12_03_12_07_38_466.jpg,0,1,0,30.19052
/Users/davidfeliperiveraguerra/dev/seneca/cv-project/data/IMG/center_2025_12_03_12_07_38_538.jpg,/Users/davidfeliperiveraguerra/dev/seneca/cv-project/data/IMG/left_2025_12_03_12_07_38_538.jpg,/Users/davidfeliperiveraguerra/dev/seneca/cv-project/data/IMG/right_2025_12_03_12_07_38_538.jpg,0,1,0,30.19009
/Users/davidfeliperiveraguerra/dev/seneca/cv-project/data/IMG/center_2025_12_03_12_07_38_607.jpg,/Users/davidfeliperiveraguerra/dev/seneca/cv-project/data/IMG/left_2025_12_03_12_07_38_607.jpg,/Users/davidfeliperiveraguerra/dev/seneca/cv-project/data/IMG/right_2025_12_03_12_07_38_607.jpg,0,1,0,30.19012
/Users/davidfeliperiveraguerra/dev/seneca/cv-project/data/IMG/center_2025_12_03_12_07_38_677.jpg,/Users/davidfeliperiveraguerra/dev/seneca/cv-project/data/IMG/left_2025_12_03_12_07_38_677.jpg,/Users/davidfeliperiveraguerra/dev/seneca/cv-project/data/IMG/right_2025_12_03_12_07_38_677.jpg,0,1,0,30.19024
/Users/davidfeliperiveraguerra/dev/seneca/cv-project/data/IMG/center_2025_12_03_12_07_38_748.jpg,/Users/davidfeliperiveraguerra/dev/seneca/cv-project/data/IMG/left_2025_12_03_12_07_38_748.jpg,/Users/davidfeliperiveraguerra/dev/seneca/cv-project/data/IMG/right_2025_12_03_12_07_38_748.jpg,0,1,0,30.19005
/Users/davidfeliperiveraguerra/dev/seneca/cv-project/data/IMG/center_2025_12_03_12_07_38_815.jpg,/Users/davidfeliperiveraguerra/dev/seneca/cv-project/data/IMG/left_2025_12_03_12_07_38_815.jpg,/Users/davidfeliperiveraguerra/dev/seneca/cv-project/data/IMG/right_2025_12_03_12_07_38_815.jpg,0,1,0,30.19011
/Users/davidfeliperiveraguerra/dev/seneca/cv-project/data/IMG/center_2025_12_03_12_07_38_883.jpg,/Users/davidfeliperiveraguerra/dev/seneca/cv-project/data/IMG/left_2025_12_03_12_07_38_883.jpg,/Users/davidfeliperiveraguerra/dev/seneca/cv-project/data/IMG/right_2025_12_03_12_07_38_883.jpg,0,1,0,30.19012
/Users/davidfeliperiveraguerra/dev/seneca/cv-project/data/IMG/center_2025_12_03_12_07_38_953.jpg,/Users/davidfeliperiveraguerra/dev/seneca/cv-project/data/IMG/left_2025_12_03_12_07_38_953.jpg,/Users/davidfeliperiveraguerra/dev/seneca/cv-project/data/IMG/right_2025_12_03_12_07_38_953.jpg,0,1,0,30.19011
/Users/davidfeliperiveraguerra/dev/seneca/cv-project/data/IMG/center_2025_12_03_12_07_39_023.jpg,/Users/davidfeliperiveraguerra/dev/seneca/cv-project/data/IMG/left_2025_12_03_12_07_39_023.jpg,/Users/davidfeliperiveraguerra/dev/seneca/cv-project/data/IMG/right_2025_12_03_12_07_39_023.jpg,0,1,0,30.19009
/Users/davidfeliperiveraguerra/dev/seneca/cv-project/data/IMG/center_2025_12_03_12_07_39_093.jpg,/Users/davidfeliperiveraguerra/dev/seneca/cv-project/data/IMG/left_2025_12_03_12_07_39_093.jpg,/Users/davidfeliperiveraguerra/dev/seneca/cv-project/data/IMG/right_2025_12_03_12_07_39_093.jpg,0,1,0,30.19004
/Users/davidfeliperiveraguerra/dev/seneca/cv-project/data/IMG/center_2025_12_03_12_07_39_165.jpg,/Users/davidfeliperiveraguerra/dev/seneca/cv-project/data/IMG/left_2025_12_03_12_07_39_165.jpg,/Users/davidfeliperiveraguerra/dev/seneca/cv-project/data/IMG/right_2025_12_03_12_07_39_165.jpg,-0.1,1,0,30.18761
/Users/davidfeliperiveraguerra/dev/seneca/cv-project/data/IMG/center_2025_12_03_12_07_39_234.jpg,/Users/davidfeliperiveraguerra/dev/seneca/cv-project/data/IMG/left_2025_12_03_12_07_39_234.jpg,/Users/davidfeliperiveraguerra/dev/seneca/cv-project/data/IMG/right_2025_12_03_12_07_39_234.jpg,-0.25,1,0,30.17529
/Users/davidfeliperiveraguerra/dev/seneca/cv-project/data/IMG/center_2025_12_03_12_07_39_305.jpg,/Users/davidfeliperiveraguerra/dev/seneca/cv-project/data/IMG/left_2025_12_03_12_07_39_305.jpg,/Users/davidfeliperiveraguerra/dev/seneca/cv-project/data/IMG/right_2025_12_03_12_07_39_305.jpg,0,1,0,30.18851
/Users/davidfeliperiveraguerra/dev/seneca/cv-project/data/IMG/center_2025_12_03_12_07_39_372.jpg,/Users/davidfeliperiveraguerra/dev/seneca/cv-project/data/IMG/left_2025_12_03_12_07_39_372.jpg,/Users/davidfeliperiveraguerra/dev/seneca/cv-project/data/IMG/right_2025_12_03_12_07_39_372.jpg,0,1,0,30.18983
/Users/davidfeliperiveraguerra/dev/seneca/cv-project/data/IMG/center_2025_12_03_12_07_39_439.jpg,/Users/davidfeliperiveraguerra/dev/seneca/cv-project/data/IMG/left_2025_12_03_12_07_39_439.jpg,/Users/davidfeliperiveraguerra/dev/seneca/cv-project/data/IMG/right_2025_12_03_12_07_39_439.jpg,0,1,0,30.19007
/Users/davidfeliperiveraguerra/dev/seneca/cv-project/data/IMG/center_2025_12_03_12_07_39_510.jpg,/Users/davidfeliperiveraguerra/dev/seneca/cv-project/data/IMG/left_2025_12_03_12_07_39_510.jpg,/Users/davidfeliperiveraguerra/dev/seneca/cv-project/data/IMG/right_2025_12_03_12_07_39_510.jpg,0,1,0,30.19018
/Users/davidfeliperiveraguerra/dev/seneca/cv-project/data/IMG/center_2025_12_03_12_07_39_579.jpg,/Users/davidfeliperiveraguerra/dev/seneca/cv-project/data/IMG/left_2025_12_03_12_07_39_579.jpg,/Users/davidfeliperiveraguerra/dev/seneca/cv-project/data/IMG/right_2025_12_03_12_07_39_579.jpg,-0.05,1,0,30.18991
/Users/davidfeliperiveraguerra/dev/seneca/cv-project/data/IMG/center_2025_12_03_12_07_39_648.jpg,/Users/davidfeliperiveraguerra/dev/seneca/cv-project/data/IMG/left_2025_12_03_12_07_39_648.jpg,/Users/davidfeliperiveraguerra/dev/seneca/cv-project/data/IMG/right_2025_12_03_12_07_39_648.jpg,-0.25,1,0,30.17564
/Users/davidfeliperiveraguerra/dev/seneca/cv-project/data/IMG/center_2025_12_03_12_07_39_715.jpg,/Users/davidfeliperiveraguerra/dev/seneca/cv-project/data/IMG/left_2025_12_03_12_07_39_715.jpg,/Users/davidfeliperiveraguerra/dev/seneca/cv-project/data/IMG/right_2025_12_03_12_07_39_715.jpg,0,1,0,30.18923
/Users/davidfeliperiveraguerra/dev/seneca/cv-project/data/IMG/center_2025_12_03_12_07_39_782.jpg,/Users/davidfeliperiveraguerra/dev/seneca/cv-project/data/IMG/left_2025_12_03_12_07_39_782.jpg,/Users/davidfeliperiveraguerra/dev/seneca/cv-project/data/IMG/right_2025_12_03_12_07_39_782.jpg,0,1,0,30.19011
/Users/davidfeliperiveraguerra/dev/seneca/cv-project/data/IMG/center_2025_12_03_12_07_39_851.jpg,/Users/davidfeliperiveraguerra/dev/seneca/cv-project/data/IMG/left_2025_12_03_12_07_39_851.jpg,/Users/davidfeliperiveraguerra/dev/seneca/cv-project/data/IMG/right_2025_12_03_12_07_39_851.jpg,0,1,0,30.19019
/Users/davidfeliperiveraguerra/dev/seneca/cv-project/data/IMG/center_2025_12_03_12_07_39_922.jpg,/Users/davidfeliperiveraguerra/dev/seneca/cv-project/data/IMG/left_2025_12_03_12_07_39_922.jpg,/Users/davidfeliperiveraguerra/dev/seneca/cv-project/data/IMG/right_2025_12_03_12_07_39_922.jpg,0,1,0,30.19029
/Users/davidfeliperiveraguerra/dev/seneca/cv-project/data/IMG/center_2025_12_03_12_07_39_989.jpg,/Users/davidfeliperiveraguerra/dev/seneca/cv-project/data/IMG/left_2025_12_03_12_07_39_989.jpg,/Users/davidfeliperiveraguerra/dev/seneca/cv-project/data/IMG/right_2025_12_03_12_07_39_989.jpg,0,1,0,30.19027
/Users/davidfeliperiveraguerra/dev/seneca/cv-project/data/IMG/center_2025_12_03_12_07_40_059.jpg,/Users/davidfeliperiveraguerra/dev/seneca/cv-project/data/IMG/left_2025_12_03_12_07_40_059.jpg,/Users/davidfeliperiveraguerra/dev/seneca/cv-project/data/IMG/right_2025_12_03_12_07_40_059.jpg,0,1,0,30.19028
/Users/davidfeliperiveraguerra/dev/seneca/cv-project/data/IMG/center_2025_12_03_12_07_40_126.jpg,/Users/davidfeliperiveraguerra/dev/seneca/cv-project/data/IMG/left_2025_12_03_12_07_40_126.jpg,/Users/davidfeliperiveraguerra/dev/seneca/cv-project/data/IMG/right_2025_12_03_12_07_40_126.jpg,0,1,0,30.19031
/Users/davidfeliperiveraguerra/dev/seneca/cv-project/data/IMG/center_2025_12_03_12_07_40_196.jpg,/Users/davidfeliperiveraguerra/dev/seneca/cv-project/data/IMG/left_2025_12_03_12_07_40_196.jpg,/Users/davidfeliperiveraguerra/dev/seneca/cv-project/data/IMG/right_2025_12_03_12_07_40_196.jpg,0,1,0,30.19036
/Users/davidfeliperiveraguerra/dev/seneca/cv-project/data/IMG/center_2025_12_03_12_07_40_265.jpg,/Users/davidfeliperiveraguerra/dev/seneca/cv-project/data/IMG/left_2025_12_03_12_07_40_265.jpg,/Users/davidfeliperiveraguerra/dev/seneca/cv-project/data/IMG/right_2025_12_03_12_07_40_265.jpg,0,1,0,30.19033
/Users/davidfeliperiveraguerra/dev/seneca/cv-project/data/IMG/center_2025_12_03_12_07_40_333.jpg,/Users/davidfeliperiveraguerra/dev/seneca/cv-project/data/IMG/left_2025_12_03_12_07_40_333.jpg,/Users/davidfeliperiveraguerra/dev/seneca/cv-project/data/IMG/right_2025_12_03_12_07_40_333.jpg,0,1,0,30.19032
/Users/davidfeliperiveraguerra/dev/seneca/cv-project/data/IMG/center_2025_12_03_12_07_40_403.jpg,/Users/davidfeliperiveraguerra/dev/seneca/cv-project/data/IMG/left_2025_12_03_12_07_40_403.jpg,/Users/davidfeliperiveraguerra/dev/seneca/cv-project/data/IMG/right_2025_12_03_12_07_40_403.jpg,0,1,0,30.19037
/Users/davidfeliperiveraguerra/dev/seneca/cv-project/data/IMG/center_2025_12_03_12_07_40_473.jpg,/Users/davidfeliperiveraguerra/dev/seneca/cv-project/data/IMG/left_2025_12_03_12_07_40_473.jpg,/Users/davidfeliperiveraguerra/dev/seneca/cv-project/data/IMG/right_2025_12_03_12_07_40_473.jpg,0,1,0,30.19036
/Users/davidfeliperiveraguerra/dev/seneca/cv-project/data/IMG/center_2025_12_03_12_07_40_543.jpg,/Users/davidfeliperiveraguerra/dev/seneca/cv-project/data/IMG/left_2025_12_03_12_07_40_543.jpg,/Users/davidfeliperiveraguerra/dev/seneca/cv-project/data/IMG/right_2025_12_03_12_07_40_543.jpg,0,1,0,30.19036
/Users/davidfeliperiveraguerra/dev/seneca/cv-project/data/IMG/center_2025_12_03_12_07_40_610.jpg,/Users/davidfeliperiveraguerra/dev/seneca/cv-project/data/IMG/left_2025_12_03_12_07_40_610.jpg,/Users/davidfeliperiveraguerra/dev/seneca/cv-project/data/IMG/right_2025_12_03_12_07_40_610.jpg,0,1,0,30.19034
/Users/davidfeliperiveraguerra/dev/seneca/cv-project/data/IMG/center_2025_12_03_12_07_40_679.jpg,/Users/davidfeliperiveraguerra/dev/seneca/cv-project/data/IMG/left_2025_12_03_12_07_40_679.jpg,/Users/davidfeliperiveraguerra/dev/seneca/cv-project/data/IMG/right_2025_12_03_12_07_40_679.jpg,0,1,0,30.19032
/Users/davidfeliperiveraguerra/dev/seneca/cv-project/data/IMG/center_2025_12_03_12_07_40_746.jpg,/Users/davidfeliperiveraguerra/dev/seneca/cv-project/data/IMG/left_2025_12_03_12_07_40_746.jpg,/Users/davidfeliperiveraguerra/dev/seneca/cv-project/data/IMG/right_2025_12_03_12_07_40_746.jpg,0,1,0,30.19037
/Users/davidfeliperiveraguerra/dev/seneca/cv-project/data/IMG/center_2025_12_03_12_07_40_816.jpg,/Users/davidfeliperiveraguerra/dev/seneca/cv-project/data/IMG/left_2025_12_03_12_07_40_816.jpg,/Users/davidfeliperiveraguerra/dev/seneca/cv-project/data/IMG/right_2025_12_03_12_07_40_816.jpg,0,1,0,30.19046
/Users/davidfeliperiveraguerra/dev/seneca/cv-project/data/IMG/center_2025_12_03_12_07_40_885.jpg,/Users/davidfeliperiveraguerra/dev/seneca/cv-project/data/IMG/left_2025_12_03_12_07_40_885.jpg,/Users/davidfeliperiveraguerra/dev/seneca/cv-project/data/IMG/right_2025_12_03_12_07_40_885.jpg,0,1,0,30.19043
/Users/davidfeliperiveraguerra/dev/seneca/cv-project/data/IMG/center_2025_12_03_12_07_40_955.jpg,/Users/davidfeliperiveraguerra/dev/seneca/cv-project/data/IMG/left_2025_12_03_12_07_40_955.jpg,/Users/davidfeliperiveraguerra/dev/seneca/cv-project/data/IMG/right_2025_12_03_12_07_40_955.jpg,0,1,0,30.18996
/Users/davidfeliperiveraguerra/dev/seneca/cv-project/data/IMG/center_2025_12_03_12_07_41_022.jpg,/Users/davidfeliperiveraguerra/dev/seneca/cv-project/data/IMG/left_2025_12_03_12_07_41_022.jpg,/Users/davidfeliperiveraguerra/dev/seneca/cv-project/data/IMG/right_2025_12_03_12_07_41_022.jpg,0.1,1,0,30.18771
/Users/davidfeliperiveraguerra/dev/seneca/cv-project/data/IMG/center_2025_12_03_12_07_41_092.jpg,/Users/davidfeliperiveraguerra/dev/seneca/cv-project/data/IMG/left_2025_12_03_12_07_41_092.jpg,/Users/davidfeliperiveraguerra/dev/seneca/cv-project/data/IMG/right_2025_12_03_12_07_41_092.jpg,0.25,1,0,30.17451
/Users/davidfeliperiveraguerra/dev/seneca/cv-project/data/IMG/center_2025_12_03_12_07_41_159.jpg,/Users/davidfeliperiveraguerra/dev/seneca/cv-project/data/IMG/left_2025_12_03_12_07_41_159.jpg,/Users/davidfeliperiveraguerra/dev/seneca/cv-project/data/IMG/right_2025_12_03_12_07_41_159.jpg,0.4,1,0,30.15706
/Users/davidfeliperiveraguerra/dev/seneca/cv-project/data/IMG/center_2025_12_03_12_07_41_229.jpg,/Users/davidfeliperiveraguerra/dev/seneca/cv-project/data/IMG/left_2025_12_03_12_07_41_229.jpg,/Users/davidfeliperiveraguerra/dev/seneca/cv-project/data/IMG/right_2025_12_03_12_07_41_229.jpg,0,1,0,30.18909
/Users/davidfeliperiveraguerra/dev/seneca/cv-project/data/IMG/center_2025_12_03_12_07_41_296.jpg,/Users/davidfeliperiveraguerra/dev/seneca/cv-project/data/IMG/left_2025_12_03_12_07_41_296.jpg,/Users/davidfeliperiveraguerra/dev/seneca/cv-project/data/IMG/right_2025_12_03_12_07_41_296.jpg,0,1,0,30.18944
/Users/davidfeliperiveraguerra/dev/seneca/cv-project/data/IMG/center_2025_12_03_12_07_41_362.jpg,/Users/davidfeliperiveraguerra/dev/seneca/cv-project/data/IMG/left_2025_12_03_12_07_41_362.jpg,/Users/davidfeliperiveraguerra/dev/seneca/cv-project/data/IMG/right_2025_12_03_12_07_41_362.jpg,0,1,0,30.19035
/Users/davidfeliperiveraguerra/dev/seneca/cv-project/data/IMG/center_2025_12_03_12_07_41_429.jpg,/Users/davidfeliperiveraguerra/dev/seneca/cv-project/data/IMG/left_2025_12_03_12_07_41_429.jpg,/Users/davidfeliperiveraguerra/dev/seneca/cv-project/data/IMG/right_2025_12_03_12_07_41_429.jpg,0,1,0,30.19033
/Users/davidfeliperiveraguerra/dev/seneca/cv-project/data/IMG/center_2025_12_03_12_07_41_499.jpg,/Users/davidfeliperiveraguerra/dev/seneca/cv-project/data/IMG/left_2025_12_03_12_07_41_499.jpg,/Users/davidfeliperiveraguerra/dev/seneca/cv-project/data/IMG/right_2025_12_03_12_07_41_499.jpg,0,1,0,30.19029
/Users/davidfeliperiveraguerra/dev/seneca/cv-project/data/IMG/center_2025_12_03_12_07_41_568.jpg,/Users/davidfeliperiveraguerra/dev/seneca/cv-project/data/IMG/left_2025_12_03_12_07_41_568.jpg,/Users/davidfeliperiveraguerra/dev/seneca/cv-project/data/IMG/right_2025_12_03_12_07_41_568.jpg,0,1,0,30.19061
/Users/davidfeliperiveraguerra/dev/seneca/cv-project/data/IMG/center_2025_12_03_12_07_41_639.jpg,/Users/davidfeliperiveraguerra/dev/seneca/cv-project/data/IMG/left_2025_12_03_12_07_41_639.jpg,/Users/davidfeliperiveraguerra/dev/seneca/cv-project/data/IMG/right_2025_12_03_12_07_41_639.jpg,0,1,0,30.19044
/Users/davidfeliperiveraguerra/dev/seneca/cv-project/data/IMG/center_2025_12_03_12_07_41_709.jpg,/Users/davidfeliperiveraguerra/dev/seneca/cv-project/data/IMG/left_2025_12_03_12_07_41_709.jpg,/Users/davidfeliperiveraguerra/dev/seneca/cv-project/data/IMG/right_2025_12_03_12_07_41_709.jpg,0,1,0,30.19035
/Users/davidfeliperiveraguerra/dev/seneca/cv-project/data/IMG/center_2025_12_03_12_07_41_775.jpg,/Users/davidfeliperiveraguerra/dev/seneca/cv-project/data/IMG/left_2025_12_03_12_07_41_775.jpg,/Users/davidfeliperiveraguerra/dev/seneca/cv-project/data/IMG/right_2025_12_03_12_07_41_775.jpg,0.15,1,0,30.18406
/Users/davidfeliperiveraguerra/dev/seneca/cv-project/data/IMG/center_2025_12_03_12_07_41_842.jpg,/Users/davidfeliperiveraguerra/dev/seneca/cv-project/data/IMG/left_2025_12_03_12_07_41_842.jpg,/Users/davidfeliperiveraguerra/dev/seneca/cv-project/data/IMG/right_2025_12_03_12_07_41_842.jpg,0.35,1,0,30.164
/Users/davidfeliperiveraguerra/dev/seneca/cv-project/data/IMG/center_2025_12_03_12_07_41_909.jpg,/Users/davidfeliperiveraguerra/dev/seneca/cv-project/data/IMG/left_2025_12_03_12_07_41_909.jpg,/Users/davidfeliperiveraguerra/dev/seneca/cv-project/data/IMG/right_2025_12_03_12_07_41_909.jpg,0,1,0,30.17965
/Users/davidfeliperiveraguerra/dev/seneca/cv-project/data/IMG/center_2025_12_03_12_07_41_979.jpg,/Users/davidfeliperiveraguerra/dev/seneca/cv-project/data/IMG/left_2025_12_03_12_07_41_979.jpg,/Users/davidfeliperiveraguerra/dev/seneca/cv-project/data/IMG/right_2025_12_03_12_07_41_979.jpg,0,1,0,30.18861
/Users/davidfeliperiveraguerra/dev/seneca/cv-project/data/IMG/center_2025_12_03_12_07_42_045.jpg,/Users/davidfeliperiveraguerra/dev/seneca/cv-project/data/IMG/left_2025_12_03_12_07_42_045.jpg,/Users/davidfeliperiveraguerra/dev/seneca/cv-project/data/IMG/right_2025_12_03_12_07_42_045.jpg,0,1,0,30.18888
/Users/davidfeliperiveraguerra/dev/seneca/cv-project/data/IMG/center_2025_12_03_12_07_42_113.jpg,/Users/davidfeliperiveraguerra/dev/seneca/cv-project/data/IMG/left_2025_12_03_12_07_42_113.jpg,/Users/davidfeliperiveraguerra/dev/seneca/cv-project/data/IMG/right_2025_12_03_12_07_42_113.jpg,0,1,0,30.19062
/Users/davidfeliperiveraguerra/dev/seneca/cv-project/data/IMG/center_2025_12_03_12_07_42_182.jpg,/Users/davidfeliperiveraguerra/dev/seneca/cv-project/data/IMG/left_2025_12_03_12_07_42_182.jpg,/Users/davidfeliperiveraguerra/dev/seneca/cv-project/data/IMG/right_2025_12_03_12_07_42_182.jpg,0,1,0,30.19045
/Users/davidfeliperiveraguerra/dev/seneca/cv-project/data/IMG/center_2025_12_03_12_07_42_248.jpg,/Users/davidfeliperiveraguerra/dev/seneca/cv-project/data/IMG/left_2025_12_03_12_07_42_248.jpg,/Users/davidfeliperiveraguerra/dev/seneca/cv-project/data/IMG/right_2025_12_03_12_07_42_248.jpg,0,1,0,30.19036
/Users/davidfeliperiveraguerra/dev/seneca/cv-project/data/IMG/center_2025_12_03_12_07_42_318.jpg,/Users/davidfeliperiveraguerra/dev/seneca/cv-project/data/IMG/left_2025_12_03_12_07_42_318.jpg,/Users/davidfeliperiveraguerra/dev/seneca/cv-project/data/IMG/right_2025_12_03_12_07_42_318.jpg,0.1,1,0,30.18657
/Users/davidfeliperiveraguerra/dev/seneca/cv-project/data/IMG/center_2025_12_03_12_07_42_385.jpg,/Users/davidfeliperiveraguerra/dev/seneca/cv-project/data/IMG/left_2025_12_03_12_07_42_385.jpg,/Users/davidfeliperiveraguerra/dev/seneca/cv-project/data/IMG/right_2025_12_03_12_07_42_385.jpg,0.3,1,0,30.16976
/Users/davidfeliperiveraguerra/dev/seneca/cv-project/data/IMG/center_2025_12_03_12_07_42_453.jpg,/Users/davidfeliperiveraguerra/dev/seneca/cv-project/data/IMG/left_2025_12_03_12_07_42_453.jpg,/Users/davidfeliperiveraguerra/dev/seneca/cv-project/data/IMG/right_2025_12_03_12_07_42_453.jpg,0.45,1,0,30.15141
/Users/davidfeliperiveraguerra/dev/seneca/cv-project/data/IMG/center_2025_12_03_12_07_42_523.jpg,/Users/davidfeliperiveraguerra/dev/seneca/cv-project/data/IMG/left_2025_12_03_12_07_42_523.jpg,/Users/davidfeliperiveraguerra/dev/seneca/cv-project/data/IMG/right_2025_12_03_12_07_42_523.jpg,0.6500001,1,0,30.12434
/Users/davidfeliperiveraguerra/dev/seneca/cv-project/data/IMG/center_2025_12_03_12_07_42_592.jpg,/Users/davidfeliperiveraguerra/dev/seneca/cv-project/data/IMG/left_2025_12_03_12_07_42_592.jpg,/Users/davidfeliperiveraguerra/dev/seneca/cv-project/data/IMG/right_2025_12_03_12_07_42_592.jpg,0,1,0,30.18196
/Users/davidfeliperiveraguerra/dev/seneca/cv-project/data/IMG/center_2025_12_03_12_07_42_662.jpg,/Users/davidfeliperiveraguerra/dev/seneca/cv-project/data/IMG/left_2025_12_03_12_07_42_662.jpg,/Users/davidfeliperiveraguerra/dev/seneca/cv-project/data/IMG/right_2025_12_03_12_07_42_662.jpg,0,1,0,30.18867
/Users/davidfeliperiveraguerra/dev/seneca/cv-project/data/IMG/center_2025_12_03_12_07_42_729.jpg,/Users/davidfeliperiveraguerra/dev/seneca/cv-project/data/IMG/left_2025_12_03_12_07_42_729.jpg,/Users/davidfeliperiveraguerra/dev/seneca/cv-project/data/IMG/right_2025_12_03_12_07_42_729.jpg,0,1,0,30.18974
/Users/davidfeliperiveraguerra/dev/seneca/cv-project/data/IMG/center_2025_12_03_12_07_42_799.jpg,/Users/davidfeliperiveraguerra/dev/seneca/cv-project/data/IMG/left_2025_12_03_12_07_42_799.jpg,/Users/davidfeliperiveraguerra/dev/seneca/cv-project/data/IMG/right_2025_12_03_12_07_42_799.jpg,0,1,0,30.19051
/Users/davidfeliperiveraguerra/dev/seneca/cv-project/data/IMG/center_2025_12_03_12_07_42_866.jpg,/Users/davidfeliperiveraguerra/dev/seneca/cv-project/data/IMG/left_2025_12_03_12_07_42_866.jpg,/Users/davidfeliperiveraguerra/dev/seneca/cv-project/data/IMG/right_2025_12_03_12_07_42_866.jpg,0,1,0,30.19069
/Users/davidfeliperiveraguerra/dev/seneca/cv-project/data/IMG/center_2025_12_03_12_07_42_933.jpg,/Users/davidfeliperiveraguerra/dev/seneca/cv-project/data/IMG/left_2025_12_03_12_07_42_933.jpg,/Users/davidfeliperiveraguerra/dev/seneca/cv-project/data/IMG/right_2025_12_03_12_07_42_933.jpg,0.05,1,0,30.19004
/Users/davidfeliperiveraguerra/dev/seneca/cv-project/data/IMG/center_2025_12_03_12_07_43_002.jpg,/Users/davidfeliperiveraguerra/dev/seneca/cv-project/data/IMG/left_2025_12_03_12_07_43_002.jpg,/Users/davidfeliperiveraguerra/dev/seneca/cv-project/data/IMG/right_2025_12_03_12_07_43_002.jpg,0.2,1,0,30.18048
/Users/davidfeliperiveraguerra/dev/seneca/cv-project/data/IMG/center_2025_12_03_12_07_43_069.jpg,/Users/davidfeliperiveraguerra/dev/seneca/cv-project/data/IMG/left_2025_12_03_12_07_43_069.jpg,/Users/davidfeliperiveraguerra/dev/seneca/cv-project/data/IMG/right_2025_12_03_12_07_43_069.jpg,0.4,1,0,30.15814
/Users/davidfeliperiveraguerra/dev/seneca/cv-project/data/IMG/center_2025_12_03_12_07_43_136.jpg,/Users/davidfeliperiveraguerra/dev/seneca/cv-project/data/IMG/left_2025_12_03_12_07_43_136.jpg,/Users/davidfeliperiveraguerra/dev/seneca/cv-project/data/IMG/right_2025_12_03_12_07_43_136.jpg,0.5500001,1,0,30.13922
/Users/davidfeliperiveraguerra/dev/seneca/cv-project/data/IMG/center_2025_12_03_12_07_43_204.jpg,/Users/davidfeliperiveraguerra/dev/seneca/cv-project/data/IMG/left_2025_12_03_12_07_43_204.jpg,/Users/davidfeliperiveraguerra/dev/seneca/cv-project/data/IMG/right_2025_12_03_12_07_43_204.jpg,0.7500002,1,0,30.11517
/Users/davidfeliperiveraguerra/dev/seneca/cv-project/data/IMG/center_2025_12_03_12_07_43_271.jpg,/Users/davidfeliperiveraguerra/dev/seneca/cv-project/data/IMG/left_2025_12_03_12_07_43_271.jpg,/Users/davidfeliperiveraguerra/dev/seneca/cv-project/data/IMG/right_2025_12_03_12_07_43_271.jpg,0,1,0,30.17592
/Users/davidfeliperiveraguerra/dev/seneca/cv-project/data/IMG/center_2025_12_03_12_07_43_340.jpg,/Users/davidfeliperiveraguerra/dev/seneca/cv-project/data/IMG/left_2025_12_03_12_07_43_340.jpg,/Users/davidfeliperiveraguerra/dev/seneca/cv-project/data/IMG/right_2025_12_03_12_07_43_340.jpg,0,1,0,30.18658
/Users/davidfeliperiveraguerra/dev/seneca/cv-project/data/IMG/center_2025_12_03_12_07_43_410.jpg,/Users/davidfeliperiveraguerra/dev/seneca/cv-project/data/IMG/left_2025_12_03_12_07_43_410.jpg,/Users/davidfeliperiveraguerra/dev/seneca/cv-project/data/IMG/right_2025_12_03_12_07_43_410.jpg,0.05,1,0,30.19088
/Users/davidfeliperiveraguerra/dev/seneca/cv-project/data/IMG/center_2025_12_03_12_07_43_477.jpg,/Users/davidfeliperiveraguerra/dev/seneca/cv-project/data/IMG/left_2025_12_03_12_07_43_477.jpg,/Users/davidfeliperiveraguerra/dev/seneca/cv-project/data/IMG/right_2025_12_03_12_07_43_477.jpg,0.2,1,0,30.18552
/Users/davidfeliperiveraguerra/dev/seneca/cv-project/data/IMG/center_2025_12_03_12_07_43_544.jpg,/Users/davidfeliperiveraguerra/dev/seneca/cv-project/data/IMG/left_2025_12_03_12_07_43_544.jpg,/Users/davidfeliperiveraguerra/dev/seneca/cv-project/data/IMG/right_2025_12_03_12_07_43_544.jpg,0.4,1,0,30.15928
/Users/davidfeliperiveraguerra/dev/seneca/cv-project/data/IMG/center_2025_12_03_12_07_43_611.jpg,/Users/davidfeliperiveraguerra/dev/seneca/cv-project/data/IMG/left_2025_12_03_12_07_43_611.jpg,/Users/davidfeliperiveraguerra/dev/seneca/cv-project/data/IMG/right_2025_12_03_12_07_43_611.jpg,0.5500001,1,0,30.13885
/Users/davidfeliperiveraguerra/dev/seneca/cv-project/data/IMG/center_2025_12_03_12_07_43_679.jpg,/Users/davidfeliperiveraguerra/dev/seneca/cv-project/data/IMG/left_2025_12_03_12_07_43_679.jpg,/Users/davidfeliperiveraguerra/dev/seneca/cv-project/data/IMG/right_2025_12_03_12_07_43_679.jpg,0.7,1,0,30.12133
/Users/davidfeliperiveraguerra/dev/seneca/cv-project/data/IMG/center_2025_12_03_12_07_43_747.jpg,/Users/davidfeliperiveraguerra/dev/seneca/cv-project/data/IMG/left_2025_12_03_12_07_43_747.jpg,/Users/davidfeliperiveraguerra/dev/seneca/cv-project/data/IMG/right_2025_12_03_12_07_43_747.jpg,0.9000002,1,0,30.10102
/Users/davidfeliperiveraguerra/dev/seneca/cv-project/data/IMG/center_2025_12_03_12_07_43_816.jpg,/Users/davidfeliperiveraguerra/dev/seneca/cv-project/data/IMG/left_2025_12_03_12_07_43_816.jpg,/Users/davidfeliperiveraguerra/dev/seneca/cv-project/data/IMG/right_2025_12_03_12_07_43_816.jpg,1,1,0,30.09638
/Users/davidfeliperiveraguerra/dev/seneca/cv-project/data/IMG/center_2025_12_03_12_07_43_886.jpg,/Users/davidfeliperiveraguerra/dev/seneca/cv-project/data/IMG/left_2025_12_03_12_07_43_886.jpg,/Users/davidfeliperiveraguerra/dev/seneca/cv-project/data/IMG/right_2025_12_03_12_07_43_886.jpg,1,1,0,30.11734
/Users/davidfeliperiveraguerra/dev/seneca/cv-project/data/IMG/center_2025_12_03_12_07_43_957.jpg,/Users/davidfeliperiveraguerra/dev/seneca/cv-project/data/IMG/left_2025_12_03_12_07_43_957.jpg,/Users/davidfeliperiveraguerra/dev/seneca/cv-project/data/IMG/right_2025_12_03_12_07_43_957.jpg,0,1,0,30.16198
/Users/davidfeliperiveraguerra/dev/seneca/cv-project/data/IMG/center_2025_12_03_12_07_44_026.jpg,/Users/davidfeliperiveraguerra/dev/seneca/cv-project/data/IMG/left_2025_12_03_12_07_44_026.jpg,/Users/davidfeliperiveraguerra/dev/seneca/cv-project/data/IMG/right_2025_12_03_12_07_44_026.jpg,0,1,0,30.17759
/Users/davidfeliperiveraguerra/dev/seneca/cv-project/data/IMG/center_2025_12_03_12_07_44_098.jpg,/Users/davidfeliperiveraguerra/dev/seneca/cv-project/data/IMG/left_2025_12_03_12_07_44_098.jpg,/Users/davidfeliperiveraguerra/dev/seneca/cv-project/data/IMG/right_2025_12_03_12_07_44_098.jpg,0,1,0,30.18645
/Users/davidfeliperiveraguerra/dev/seneca/cv-project/data/IMG/center_2025_12_03_12_07_44_170.jpg,/Users/davidfeliperiveraguerra/dev/seneca/cv-project/data/IMG/left_2025_12_03_12_07_44_170.jpg,/Users/davidfeliperiveraguerra/dev/seneca/cv-project/data/IMG/right_2025_12_03_12_07_44_170.jpg,0,1,0,30.19074
/Users/davidfeliperiveraguerra/dev/seneca/cv-project/data/IMG/center_2025_12_03_12_07_44_237.jpg,/Users/davidfeliperiveraguerra/dev/seneca/cv-project/data/IMG/left_2025_12_03_12_07_44_237.jpg,/Users/davidfeliperiveraguerra/dev/seneca/cv-project/data/IMG/right_2025_12_03_12_07_44_237.jpg,0,1,0,30.19052
/Users/davidfeliperiveraguerra/dev/seneca/cv-project/data/IMG/center_2025_12_03_12_07_44_305.jpg,/Users/davidfeliperiveraguerra/dev/seneca/cv-project/data/IMG/left_2025_12_03_12_07_44_305.jpg,/Users/davidfeliperiveraguerra/dev/seneca/cv-project/data/IMG/right_2025_12_03_12_07_44_305.jpg,0.05,1,0,30.19004
/Users/davidfeliperiveraguerra/dev/seneca/cv-project/data/IMG/center_2025_12_03_12_07_44_378.jpg,/Users/davidfeliperiveraguerra/dev/seneca/cv-project/data/IMG/left_2025_12_03_12_07_44_378.jpg,/Users/davidfeliperiveraguerra/dev/seneca/cv-project/data/IMG/right_2025_12_03_12_07_44_378.jpg,0.2,1,0,30.18155
/Users/davidfeliperiveraguerra/dev/seneca/cv-project/data/IMG/center_2025_12_03_12_07_44_447.jpg,/Users/davidfeliperiveraguerra/dev/seneca/cv-project/data/IMG/left_2025_12_03_12_07_44_447.jpg,/Users/davidfeliperiveraguerra/dev/seneca/cv-project/data/IMG/right_2025_12_03_12_07_44_447.jpg,0.4,1,0,30.15902
/Users/davidfeliperiveraguerra/dev/seneca/cv-project/data/IMG/center_2025_12_03_12_07_44_515.jpg,/Users/davidfeliperiveraguerra/dev/seneca/cv-project/data/IMG/left_2025_12_03_12_07_44_515.jpg,/Users/davidfeliperiveraguerra/dev/seneca/cv-project/data/IMG/right_2025_12_03_12_07_44_515.jpg,0,1,0,30.18792
/Users/davidfeliperiveraguerra/dev/seneca/cv-project/data/IMG/center_2025_12_03_12_07_44_585.jpg,/Users/davidfeliperiveraguerra/dev/seneca/cv-project/data/IMG/left_2025_12_03_12_07_44_585.jpg,/Users/davidfeliperiveraguerra/dev/seneca/cv-project/data/IMG/right_2025_12_03_12_07_44_585.jpg,0,1,0,30.18816
/Users/davidfeliperiveraguerra/dev/seneca/cv-project/data/IMG/center_2025_12_03_12_07_44_658.jpg,/Users/davidfeliperiveraguerra/dev/seneca/cv-project/data/IMG/left_2025_12_03_12_07_44_658.jpg,/Users/davidfeliperiveraguerra/dev/seneca/cv-project/data/IMG/right_2025_12_03_12_07_44_658.jpg,0,1,0,30.19123
/Users/davidfeliperiveraguerra/dev/seneca/cv-project/data/IMG/center_2025_12_03_12_07_44_725.jpg,/Users/davidfeliperiveraguerra/dev/seneca/cv-project/data/IMG/left_2025_12_03_12_07_44_725.jpg,/Users/davidfeliperiveraguerra/dev/seneca/cv-project/data/IMG/right_2025_12_03_12_07_44_725.jpg,0,1,0,30.19037
/Users/davidfeliperiveraguerra/dev/seneca/cv-project/data/IMG/center_2025_12_03_12_07_44_793.jpg,/Users/davidfeliperiveraguerra/dev/seneca/cv-project/data/IMG/left_2025_12_03_12_07_44_793.jpg,/Users/davidfeliperiveraguerra/dev/seneca/cv-project/data/IMG/right_2025_12_03_12_07_44_793.jpg,0.15,1,0,30.18554
/Users/davidfeliperiveraguerra/dev/seneca/cv-project/data/IMG/center_2025_12_03_12_07_44_866.jpg,/Users/davidfeliperiveraguerra/dev/seneca/cv-project/data/IMG/left_2025_12_03_12_07_44_866.jpg,/Users/davidfeliperiveraguerra/dev/seneca/cv-project/data/IMG/right_2025_12_03_12_07_44_866.jpg,0.35,1,0,30.1644
/Users/davidfeliperiveraguerra/dev/seneca/cv-project/data/IMG/center_2025_12_03_12_07_44_939.jpg,/Users/davidfeliperiveraguerra/dev/seneca/cv-project/data/IMG/left_2025_12_03_12_07_44_939.jpg,/Users/davidfeliperiveraguerra/dev/seneca/cv-project/data/IMG/right_2025_12_03_12_07_44_939.jpg,0.5000001,1,0,30.14618
/Users/davidfeliperiveraguerra/dev/seneca/cv-project/data/IMG/center_2025_12_03_12_07_45_010.jpg,/Users/davidfeliperiveraguerra/dev/seneca/cv-project/data/IMG/left_2025_12_03_12_07_45_010.jpg,/Users/davidfeliperiveraguerra/dev/seneca/cv-project/data/IMG/right_2025_12_03_12_07_45_010.jpg,0,1,0,30.18784
/Users/davidfeliperiveraguerra/dev/seneca/cv-project/data/IMG/center_2025_12_03_12_07_45_081.jpg,/Users/davidfeliperiveraguerra/dev/seneca/cv-project/data/IMG/left_2025_12_03_12_07_45_081.jpg,/Users/davidfeliperiveraguerra/dev/seneca/cv-project/data/IMG/right_2025_12_03_12_07_45_081.jpg,0,1,0,30.18808
/Users/davidfeliperiveraguerra/dev/seneca/cv-project/data/IMG/center_2025_12_03_12_07_45_154.jpg,/Users/davidfeliperiveraguerra/dev/seneca/cv-project/data/IMG/left_2025_12_03_12_07_45_154.jpg,/Users/davidfeliperiveraguerra/dev/seneca/cv-project/data/IMG/right_2025_12_03_12_07_45_154.jpg,0,1,0,30.19027
/Users/davidfeliperiveraguerra/dev/seneca/cv-project/data/IMG/center_2025_12_03_12_07_45_221.jpg,/Users/davidfeliperiveraguerra/dev/seneca/cv-project/data/IMG/left_2025_12_03_12_07_45_221.jpg,/Users/davidfeliperiveraguerra/dev/seneca/cv-project/data/IMG/right_2025_12_03_12_07_45_221.jpg,0,1,0,30.19025
/Users/davidfeliperiveraguerra/dev/seneca/cv-project/data/IMG/center_2025_12_03_12_07_45_294.jpg,/Users/davidfeliperiveraguerra/dev/seneca/cv-project/data/IMG/left_2025_12_03_12_07_45_294.jpg,/Users/davidfeliperiveraguerra/dev/seneca/cv-project/data/IMG/right_2025_12_03_12_07_45_294.jpg,0.1,1,0,30.1883
/Users/davidfeliperiveraguerra/dev/seneca/cv-project/data/IMG/center_2025_12_03_12_07_45_361.jpg,/Users/davidfeliperiveraguerra/dev/seneca/cv-project/data/IMG/left_2025_12_03_12_07_45_361.jpg,/Users/davidfeliperiveraguerra/dev/seneca/cv-project/data/IMG/right_2025_12_03_12_07_45_361.jpg,0.25,1,0,30.1755
/Users/davidfeliperiveraguerra/dev/seneca/cv-project/data/IMG/center_2025_12_03_12_07_45_434.jpg,/Users/davidfeliperiveraguerra/dev/seneca/cv-project/data/IMG/left_2025_12_03_12_07_45_434.jpg,/Users/davidfeliperiveraguerra/dev/seneca/cv-project/data/IMG/right_2025_12_03_12_07_45_434.jpg,0,1,0,30.19002
/Users/davidfeliperiveraguerra/dev/seneca/cv-project/data/IMG/center_2025_12_03_12_07_45_500.jpg,/Users/davidfeliperiveraguerra/dev/seneca/cv-project/data/IMG/left_2025_12_03_12_07_45_500.jpg,/Users/davidfeliperiveraguerra/dev/seneca/cv-project/data/IMG/right_2025_12_03_12_07_45_500.jpg,0,1,0,30.18962
/Users/davidfeliperiveraguerra/dev/seneca/cv-project/data/IMG/center_2025_12_03_12_07_45_598.jpg,/Users/davidfeliperiveraguerra/dev/seneca/cv-project/data/IMG/left_2025_12_03_12_07_45_598.jpg,/Users/davidfeliperiveraguerra/dev/seneca/cv-project/data/IMG/right_2025_12_03_12_07_45_598.jpg,0,1,0,30.19021
/Users/davidfeliperiveraguerra/dev/seneca/cv-project/data/IMG/center_2025_12_03_12_07_45_671.jpg,/Users/davidfeliperiveraguerra/dev/seneca/cv-project/data/IMG/left_2025_12_03_12_07_45_671.jpg,/Users/davidfeliperiveraguerra/dev/seneca/cv-project/data/IMG/right_2025_12_03_12_07_45_671.jpg,0.1,1,0,30.18845
/Users/davidfeliperiveraguerra/dev/seneca/cv-project/data/IMG/center_2025_12_03_12_07_45_740.jpg,/Users/davidfeliperiveraguerra/dev/seneca/cv-project/data/IMG/left_2025_12_03_12_07_45_740.jpg,/Users/davidfeliperiveraguerra/dev/seneca/cv-project/data/IMG/right_2025_12_03_12_07_45_740.jpg,0.25,1,0,30.17594
/Users/davidfeliperiveraguerra/dev/seneca/cv-project/data/IMG/center_2025_12_03_12_07_45_814.jpg,/Users/davidfeliperiveraguerra/dev/seneca/cv-project/data/IMG/left_2025_12_03_12_07_45_814.jpg,/Users/davidfeliperiveraguerra/dev/seneca/cv-project/data/IMG/right_2025_12_03_12_07_45_814.jpg,0,1,0,30.19016
/Users/davidfeliperiveraguerra/dev/seneca/cv-project/data/IMG/center_2025_12_03_12_07_45_887.jpg,/Users/davidfeliperiveraguerra/dev/seneca/cv-project/data/IMG/left_2025_12_03_12_07_45_887.jpg,/Users/davidfeliperiveraguerra/dev/seneca/cv-project/data/IMG/right_2025_12_03_12_07_45_887.jpg,0,1,0,30.19023
/Users/davidfeliperiveraguerra/dev/seneca/cv-project/data/IMG/center_2025_12_03_12_07_45_955.jpg,/Users/davidfeliperiveraguerra/dev/seneca/cv-project/data/IMG/left_2025_12_03_12_07_45_955.jpg,/Users/davidfeliperiveraguerra/dev/seneca/cv-project/data/IMG/right_2025_12_03_12_07_45_955.jpg,0,1,0,30.19029
/Users/davidfeliperiveraguerra/dev/seneca/cv-project/data/IMG/center_2025_12_03_12_07_46_025.jpg,/Users/davidfeliperiveraguerra/dev/seneca/cv-project/data/IMG/left_2025_12_03_12_07_46_025.jpg,/Users/davidfeliperiveraguerra/dev/seneca/cv-project/data/IMG/right_2025_12_03_12_07_46_025.jpg,0,1,0,30.19031
/Users/davidfeliperiveraguerra/dev/seneca/cv-project/data/IMG/center_2025_12_03_12_07_46_092.jpg,/Users/davidfeliperiveraguerra/dev/seneca/cv-project/data/IMG/left_2025_12_03_12_07_46_092.jpg,/Users/davidfeliperiveraguerra/dev/seneca/cv-project/data/IMG/right_2025_12_03_12_07_46_092.jpg,0,1,0,30.19049
/Users/davidfeliperiveraguerra/dev/seneca/cv-project/data/IMG/center_2025_12_03_12_07_46_160.jpg,/Users/davidfeliperiveraguerra/dev/seneca/cv-project/data/IMG/left_2025_12_03_12_07_46_160.jpg,/Users/davidfeliperiveraguerra/dev/seneca/cv-project/data/IMG/right_2025_12_03_12_07_46_160.jpg,0,1,0,30.19033
/Users/davidfeliperiveraguerra/dev/seneca/cv-project/data/IMG/center_2025_12_03_12_07_46_229.jpg,/Users/davidfeliperiveraguerra/dev/seneca/cv-project/data/IMG/left_2025_12_03_12_07_46_229.jpg,/Users/davidfeliperiveraguerra/dev/seneca/cv-project/data/IMG/right_2025_12_03_12_07_46_229.jpg,0.1,1,0,30.18772
/Users/davidfeliperiveraguerra/dev/seneca/cv-project/data/IMG/center_2025_12_03_12_07_46_302.jpg,/Users/davidfeliperiveraguerra/dev/seneca/cv-project/data/IMG/left_2025_12_03_12_07_46_302.jpg,/Users/davidfeliperiveraguerra/dev/seneca/cv-project/data/IMG/right_2025_12_03_12_07_46_302.jpg,0.25,1,0,30.17484
/Users/davidfeliperiveraguerra/dev/seneca/cv-project/data/IMG/center_2025_12_03_12_07_46_369.jpg,/Users/davidfeliperiveraguerra/dev/seneca/cv-project/data/IMG/left_2025_12_03_12_07_46_369.jpg,/Users/davidfeliperiveraguerra/dev/seneca/cv-project/data/IMG/right_2025_12_03_12_07_46_369.jpg,0,1,0,30.18884
/Users/davidfeliperiveraguerra/dev/seneca/cv-project/data/IMG/center_2025_12_03_12_07_46_442.jpg,/Users/davidfeliperiveraguerra/dev/seneca/cv-project/data/IMG/left_2025_12_03_12_07_46_442.jpg,/Users/davidfeliperiveraguerra/dev/seneca/cv-project/data/IMG/right_2025_12_03_12_07_46_442.jpg,0,1,0,30.19004
/Users/davidfeliperiveraguerra/dev/seneca/cv-project/data/IMG/center_2025_12_03_12_07_46_515.jpg,/Users/davidfeliperiveraguerra/dev/seneca/cv-project/data/IMG/left_2025_12_03_12_07_46_515.jpg,/Users/davidfeliperiveraguerra/dev/seneca/cv-project/data/IMG/right_2025_12_03_12_07_46_515.jpg,0,1,0,30.19027
/Users/davidfeliperiveraguerra/dev/seneca/cv-project/data/IMG/center_2025_12_03_12_07_46_581.jpg,/Users/davidfeliperiveraguerra/dev/seneca/cv-project/data/IMG/left_2025_12_03_12_07_46_581.jpg,/Users/davidfeliperiveraguerra/dev/seneca/cv-project/data/IMG/right_2025_12_03_12_07_46_581.jpg,0,1,0,30.19031
/Users/davidfeliperiveraguerra/dev/seneca/cv-project/data/IMG/center_2025_12_03_12_07_46_655.jpg,/Users/davidfeliperiveraguerra/dev/seneca/cv-project/data/IMG/left_2025_12_03_12_07_46_655.jpg,/Users/davidfeliperiveraguerra/dev/seneca/cv-project/data/IMG/right_2025_12_03_12_07_46_655.jpg,0,1,0,30.19027
/Users/davidfeliperiveraguerra/dev/seneca/cv-project/data/IMG/center_2025_12_03_12_07_46_721.jpg,/Users/davidfeliperiveraguerra/dev/seneca/cv-project/data/IMG/left_2025_12_03_12_07_46_721.jpg,/Users/davidfeliperiveraguerra/dev/seneca/cv-project/data/IMG/right_2025_12_03_12_07_46_721.jpg,0,1,0,30.1903
/Users/davidfeliperiveraguerra/dev/seneca/cv-project/data/IMG/center_2025_12_03_12_07_46_795.jpg,/Users/davidfeliperiveraguerra/dev/seneca/cv-project/data/IMG/left_2025_12_03_12_07_46_795.jpg,/Users/davidfeliperiveraguerra/dev/seneca/cv-project/data/IMG/right_2025_12_03_12_07_46_795.jpg,0,1,0,30.19032
/Users/davidfeliperiveraguerra/dev/seneca/cv-project/data/IMG/center_2025_12_03_12_07_46_867.jpg,/Users/davidfeliperiveraguerra/dev/seneca/cv-project/data/IMG/left_2025_12_03_12_07_46_867.jpg,/Users/davidfeliperiveraguerra/dev/seneca/cv-project/data/IMG/right_2025_12_03_12_07_46_867.jpg,0.2,1,0,30.17994
/Users/davidfeliperiveraguerra/dev/seneca/cv-project/data/IMG/center_2025_12_03_12_07_46_934.jpg,/Users/davidfeliperiveraguerra/dev/seneca/cv-project/data/IMG/left_2025_12_03_12_07_46_934.jpg,/Users/davidfeliperiveraguerra/dev/seneca/cv-project/data/IMG/right_2025_12_03_12_07_46_934.jpg,0,1,0,30.18968
/Users/davidfeliperiveraguerra/dev/seneca/cv-project/data/IMG/center_2025_12_03_12_07_47_009.jpg,/Users/davidfeliperiveraguerra/dev/seneca/cv-project/data/IMG/left_2025_12_03_12_07_47_009.jpg,/Users/davidfeliperiveraguerra/dev/seneca/cv-project/data/IMG/right_2025_12_03_12_07_47_009.jpg,0,1,0,30.19025
/Users/davidfeliperiveraguerra/dev/seneca/cv-project/data/IMG/center_2025_12_03_12_07_47_082.jpg,/Users/davidfeliperiveraguerra/dev/seneca/cv-project/data/IMG/left_2025_12_03_12_07_47_082.jpg,/Users/davidfeliperiveraguerra/dev/seneca/cv-project/data/IMG/right_2025_12_03_12_07_47_082.jpg,0,1,0,30.19031
/Users/davidfeliperiveraguerra/dev/seneca/cv-project/data/IMG/center_2025_12_03_12_07_47_154.jpg,/Users/davidfeliperiveraguerra/dev/seneca/cv-project/data/IMG/left_2025_12_03_12_07_47_154.jpg,/Users/davidfeliperiveraguerra/dev/seneca/cv-project/data/IMG/right_2025_12_03_12_07_47_154.jpg,0,1,0,30.1903
/Users/davidfeliperiveraguerra/dev/seneca/cv-project/data/IMG/center_2025_12_03_12_07_47_226.jpg,/Users/davidfeliperiveraguerra/dev/seneca/cv-project/data/IMG/left_2025_12_03_12_07_47_226.jpg,/Users/davidfeliperiveraguerra/dev/seneca/cv-project/data/IMG/right_2025_12_03_12_07_47_226.jpg,0,1,0,30.19029
/Users/davidfeliperiveraguerra/dev/seneca/cv-project/data/IMG/center_2025_12_03_12_07_47_298.jpg,/Users/davidfeliperiveraguerra/dev/seneca/cv-project/data/IMG/left_2025_12_03_12_07_47_298.jpg,/Users/davidfeliperiveraguerra/dev/seneca/cv-project/data/IMG/right_2025_12_03_12_07_47_298.jpg,0,1,0,30.19038
/Users/davidfeliperiveraguerra/dev/seneca/cv-project/data/IMG/center_2025_12_03_12_07_47_367.jpg,/Users/davidfeliperiveraguerra/dev/seneca/cv-project/data/IMG/left_2025_12_03_12_07_47_367.jpg,/Users/davidfeliperiveraguerra/dev/seneca/cv-project/data/IMG/right_2025_12_03_12_07_47_367.jpg,0,1,0,30.1903
/Users/davidfeliperiveraguerra/dev/seneca/cv-project/data/IMG/center_2025_12_03_12_07_47_436.jpg,/Users/davidfeliperiveraguerra/dev/seneca/cv-project/data/IMG/left_2025_12_03_12_07_47_436.jpg,/Users/davidfeliperiveraguerra/dev/seneca/cv-project/data/IMG/right_2025_12_03_12_07_47_436.jpg,0,1,0,30.1903
/Users/davidfeliperiveraguerra/dev/seneca/cv-project/data/IMG/center_2025_12_03_12_07_47_504.jpg,/Users/davidfeliperiveraguerra/dev/seneca/cv-project/data/IMG/left_2025_12_03_12_07_47_504.jpg,/Users/davidfeliperiveraguerra/dev/seneca/cv-project/data/IMG/right_2025_12_03_12_07_47_504.jpg,0,1,0,30.1903
/Users/davidfeliperiveraguerra/dev/seneca/cv-project/data/IMG/center_2025_12_03_12_07_47_575.jpg,/Users/davidfeliperiveraguerra/dev/seneca/cv-project/data/IMG/left_2025_12_03_12_07_47_575.jpg,/Users/davidfeliperiveraguerra/dev/seneca/cv-project/data/IMG/right_2025_12_03_12_07_47_575.jpg,0,1,0,30.19031
/Users/davidfeliperiveraguerra/dev/seneca/cv-project/data/IMG/center_2025_12_03_12_07_47_642.jpg,/Users/davidfeliperiveraguerra/dev/seneca/cv-project/data/IMG/left_2025_12_03_12_07_47_642.jpg,/Users/davidfeliperiveraguerra/dev/seneca/cv-project/data/IMG/right_2025_12_03_12_07_47_642.jpg,0,1,0,30.19033
/Users/davidfeliperiveraguerra/dev/seneca/cv-project/data/IMG/center_2025_12_03_12_07_47_709.jpg,/Users/davidfeliperiveraguerra/dev/seneca/cv-project/data/IMG/left_2025_12_03_12_07_47_709.jpg,/Users/davidfeliperiveraguerra/dev/seneca/cv-project/data/IMG/right_2025_12_03_12_07_47_709.jpg,0,1,0,30.19031
/Users/davidfeliperiveraguerra/dev/seneca/cv-project/data/IMG/center_2025_12_03_12_07_47_776.jpg,/Users/davidfeliperiveraguerra/dev/seneca/cv-project/data/IMG/left_2025_12_03_12_07_47_776.jpg,/Users/davidfeliperiveraguerra/dev/seneca/cv-project/data/IMG/right_2025_12_03_12_07_47_776.jpg,0,1,0,30.1903
/Users/davidfeliperiveraguerra/dev/seneca/cv-project/data/IMG/center_2025_12_03_12_07_47_847.jpg,/Users/davidfeliperiveraguerra/dev/seneca/cv-project/data/IMG/left_2025_12_03_12_07_47_847.jpg,/Users/davidfeliperiveraguerra/dev/seneca/cv-project/data/IMG/right_2025_12_03_12_07_47_847.jpg,0,1,0,30.1903
/Users/davidfeliperiveraguerra/dev/seneca/cv-project/data/IMG/center_2025_12_03_12_07_47_917.jpg,/Users/davidfeliperiveraguerra/dev/seneca/cv-project/data/IMG/left_2025_12_03_12_07_47_917.jpg,/Users/davidfeliperiveraguerra/dev/seneca/cv-project/data/IMG/right_2025_12_03_12_07_47_917.jpg,0,1,0,30.19029
/Users/davidfeliperiveraguerra/dev/seneca/cv-project/data/IMG/center_2025_12_03_12_07_47_988.jpg,/Users/davidfeliperiveraguerra/dev/seneca/cv-project/data/IMG/left_2025_12_03_12_07_47_988.jpg,/Users/davidfeliperiveraguerra/dev/seneca/cv-project/data/IMG/right_2025_12_03_12_07_47_988.jpg,0,1,0,30.19029
/Users/davidfeliperiveraguerra/dev/seneca/cv-project/data/IMG/center_2025_12_03_12_07_48_056.jpg,/Users/davidfeliperiveraguerra/dev/seneca/cv-project/data/IMG/left_2025_12_03_12_07_48_056.jpg,/Users/davidfeliperiveraguerra/dev/seneca/cv-project/data/IMG/right_2025_12_03_12_07_48_056.jpg,0,1,0,30.1903
/Users/davidfeliperiveraguerra/dev/seneca/cv-project/data/IMG/center_2025_12_03_12_07_48_124.jpg,/Users/davidfeliperiveraguerra/dev/seneca/cv-project/data/IMG/left_2025_12_03_12_07_48_124.jpg,/Users/davidfeliperiveraguerra/dev/seneca/cv-project/data/IMG/right_2025_12_03_12_07_48_124.jpg,0,1,0,30.19029
/Users/davidfeliperiveraguerra/dev/seneca/cv-project/data/IMG/center_2025_12_03_12_07_48_190.jpg,/Users/davidfeliperiveraguerra/dev/seneca/cv-project/data/IMG/left_2025_12_03_12_07_48_190.jpg,/Users/davidfeliperiveraguerra/dev/seneca/cv-project/data/IMG/right_2025_12_03_12_07_48_190.jpg,0,1,0,30.19032
/Users/davidfeliperiveraguerra/dev/seneca/cv-project/data/IMG/center_2025_12_03_12_07_48_263.jpg,/Users/davidfeliperiveraguerra/dev/seneca/cv-project/data/IMG/left_2025_12_03_12_07_48_263.jpg,/Users/davidfeliperiveraguerra/dev/seneca/cv-project/data/IMG/right_2025_12_03_12_07_48_263.jpg,0,1,0,30.19029
/Users/davidfeliperiveraguerra/dev/seneca/cv-project/data/IMG/center_2025_12_03_12_07_48_335.jpg,/Users/davidfeliperiveraguerra/dev/seneca/cv-project/data/IMG/left_2025_12_03_12_07_48_335.jpg,/Users/davidfeliperiveraguerra/dev/seneca/cv-project/data/IMG/right_2025_12_03_12_07_48_335.jpg,0,1,0,30.1903
/Users/davidfeliperiveraguerra/dev/seneca/cv-project/data/IMG/center_2025_12_03_12_07_48_409.jpg,/Users/davidfeliperiveraguerra/dev/seneca/cv-project/data/IMG/left_2025_12_03_12_07_48_409.jpg,/Users/davidfeliperiveraguerra/dev/seneca/cv-project/data/IMG/right_2025_12_03_12_07_48_409.jpg,0,1,0,30.19032
/Users/davidfeliperiveraguerra/dev/seneca/cv-project/data/IMG/center_2025_12_03_12_07_48_479.jpg,/Users/davidfeliperiveraguerra/dev/seneca/cv-project/data/IMG/left_2025_12_03_12_07_48_479.jpg,/Users/davidfeliperiveraguerra/dev/seneca/cv-project/data/IMG/right_2025_12_03_12_07_48_479.jpg,0,1,0,30.19029
/Users/davidfeliperiveraguerra/dev/seneca/cv-project/data/IMG/center_2025_12_03_12_07_48_550.jpg,/Users/davidfeliperiveraguerra/dev/seneca/cv-project/data/IMG/left_2025_12_03_12_07_48_550.jpg,/Users/davidfeliperiveraguerra/dev/seneca/cv-project/data/IMG/right_2025_12_03_12_07_48_550.jpg,0,1,0,30.19031
/Users/davidfeliperiveraguerra/dev/seneca/cv-project/data/IMG/center_2025_12_03_12_07_48_622.jpg,/Users/davidfeliperiveraguerra/dev/seneca/cv-project/data/IMG/left_2025_12_03_12_07_48_622.jpg,/Users/davidfeliperiveraguerra/dev/seneca/cv-project/data/IMG/right_2025_12_03_12_07_48_622.jpg,0,1,0,30.19032
/Users/davidfeliperiveraguerra/dev/seneca/cv-project/data/IMG/center_2025_12_03_12_07_48_690.jpg,/Users/davidfeliperiveraguerra/dev/seneca/cv-project/data/IMG/left_2025_12_03_12_07_48_690.jpg,/Users/davidfeliperiveraguerra/dev/seneca/cv-project/data/IMG/right_2025_12_03_12_07_48_690.jpg,0,1,0,30.19029
/Users/davidfeliperiveraguerra/dev/seneca/cv-project/data/IMG/center_2025_12_03_12_07_48_759.jpg,/Users/davidfeliperiveraguerra/dev/seneca/cv-project/data/IMG/left_2025_12_03_12_07_48_759.jpg,/Users/davidfeliperiveraguerra/dev/seneca/cv-project/data/IMG/right_2025_12_03_12_07_48_759.jpg,0,1,0,30.1903
/Users/davidfeliperiveraguerra/dev/seneca/cv-project/data/IMG/center_2025_12_03_12_07_48_831.jpg,/Users/davidfeliperiveraguerra/dev/seneca/cv-project/data/IMG/left_2025_12_03_12_07_48_831.jpg,/Users/davidfeliperiveraguerra/dev/seneca/cv-project/data/IMG/right_2025_12_03_12_07_48_831.jpg,0,1,0,30.19029
/Users/davidfeliperiveraguerra/dev/seneca/cv-project/data/IMG/center_2025_12_03_12_07_48_903.jpg,/Users/davidfeliperiveraguerra/dev/seneca/cv-project/data/IMG/left_2025_12_03_12_07_48_903.jpg,/Users/davidfeliperiveraguerra/dev/seneca/cv-project/data/IMG/right_2025_12_03_12_07_48_903.jpg,0,1,0,30.19028
/Users/davidfeliperiveraguerra/dev/seneca/cv-project/data/IMG/center_2025_12_03_12_07_48_970.jpg,/Users/davidfeliperiveraguerra/dev/seneca/cv-project/data/IMG/left_2025_12_03_12_07_48_970.jpg,/Users/davidfeliperiveraguerra/dev/seneca/cv-project/data/IMG/right_2025_12_03_12_07_48_970.jpg,0,1,0,30.19028
/Users/davidfeliperiveraguerra/dev/seneca/cv-project/data/IMG/center_2025_12_03_12_07_49_042.jpg,/Users/davidfeliperiveraguerra/dev/seneca/cv-project/data/IMG/left_2025_12_03_12_07_49_042.jpg,/Users/davidfeliperiveraguerra/dev/seneca/cv-project/data/IMG/right_2025_12_03_12_07_49_042.jpg,0,1,0,30.19025
/Users/davidfeliperiveraguerra/dev/seneca/cv-project/data/IMG/center_2025_12_03_12_07_49_109.jpg,/Users/davidfeliperiveraguerra/dev/seneca/cv-project/data/IMG/left_2025_12_03_12_07_49_109.jpg,/Users/davidfeliperiveraguerra/dev/seneca/cv-project/data/IMG/right_2025_12_03_12_07_49_109.jpg,0,1,0,30.19029
/Users/davidfeliperiveraguerra/dev/seneca/cv-project/data/IMG/center_2025_12_03_12_07_49_176.jpg,/Users/davidfeliperiveraguerra/dev/seneca/cv-project/data/IMG/left_2025_12_03_12_07_49_176.jpg,/Users/davidfeliperiveraguerra/dev/seneca/cv-project/data/IMG/right_2025_12_03_12_07_49_176.jpg,0,1,0,30.19032
/Users/davidfeliperiveraguerra/dev/seneca/cv-project/data/IMG/center_2025_12_03_12_07_49_243.jpg,/Users/davidfeliperiveraguerra/dev/seneca/cv-project/data/IMG/left_2025_12_03_12_07_49_243.jpg,/Users/davidfeliperiveraguerra/dev/seneca/cv-project/data/IMG/right_2025_12_03_12_07_49_243.jpg,0,1,0,30.1903
/Users/davidfeliperiveraguerra/dev/seneca/cv-project/data/IMG/center_2025_12_03_12_07_49_314.jpg,/Users/davidfeliperiveraguerra/dev/seneca/cv-project/data/IMG/left_2025_12_03_12_07_49_314.jpg,/Users/davidfeliperiveraguerra/dev/seneca/cv-project/data/IMG/right_2025_12_03_12_07_49_314.jpg,0,1,0,30.19033
/Users/davidfeliperiveraguerra/dev/seneca/cv-project/data/IMG/center_2025_12_03_12_07_49_381.jpg,/Users/davidfeliperiveraguerra/dev/seneca/cv-project/data/IMG/left_2025_12_03_12_07_49_381.jpg,/Users/davidfeliperiveraguerra/dev/seneca/cv-project/data/IMG/right_2025_12_03_12_07_49_381.jpg,0,1,0,30.19028
/Users/davidfeliperiveraguerra/dev/seneca/cv-project/data/IMG/center_2025_12_03_12_07_49_447.jpg,/Users/davidfeliperiveraguerra/dev/seneca/cv-project/data/IMG/left_2025_12_03_12_07_49_447.jpg,/Users/davidfeliperiveraguerra/dev/seneca/cv-project/data/IMG/right_2025_12_03_12_07_49_447.jpg,0,1,0,30.19029
/Users/davidfeliperiveraguerra/dev/seneca/cv-project/data/IMG/center_2025_12_03_12_07_49_517.jpg,/Users/davidfeliperiveraguerra/dev/seneca/cv-project/data/IMG/left_2025_12_03_12_07_49_517.jpg,/Users/davidfeliperiveraguerra/dev/seneca/cv-project/data/IMG/right_2025_12_03_12_07_49_517.jpg,0,1,0,30.1903
/Users/davidfeliperiveraguerra/dev/seneca/cv-project/data/IMG/center_2025_12_03_12_07_49_585.jpg,/Users/davidfeliperiveraguerra/dev/seneca/cv-project/data/IMG/left_2025_12_03_12_07_49_585.jpg,/Users/davidfeliperiveraguerra/dev/seneca/cv-project/data/IMG/right_2025_12_03_12_07_49_585.jpg,0,1,0,30.1903
/Users/davidfeliperiveraguerra/dev/seneca/cv-project/data/IMG/center_2025_12_03_12_07_49_652.jpg,/Users/davidfeliperiveraguerra/dev/seneca/cv-project/data/IMG/left_2025_12_03_12_07_49_652.jpg,/Users/davidfeliperiveraguerra/dev/seneca/cv-project/data/IMG/right_2025_12_03_12_07_49_652.jpg,0,1,0,30.19016
/Users/davidfeliperiveraguerra/dev/seneca/cv-project/data/IMG/center_2025_12_03_12_07_49_723.jpg,/Users/davidfeliperiveraguerra/dev/seneca/cv-project/data/IMG/left_2025_12_03_12_07_49_723.jpg,/Users/davidfeliperiveraguerra/dev/seneca/cv-project/data/IMG/right_2025_12_03_12_07_49_723.jpg,0,1,0,30.19029
/Users/davidfeliperiveraguerra/dev/seneca/cv-project/data/IMG/center_2025_12_03_12_07_49_794.jpg,/Users/davidfeliperiveraguerra/dev/seneca/cv-project/data/IMG/left_2025_12_03_12_07_49_794.jpg,/Users/davidfeliperiveraguerra/dev/seneca/cv-project/data/IMG/right_2025_12_03_12_07_49_794.jpg,0,1,0,30.19028
/Users/davidfeliperiveraguerra/dev/seneca/cv-project/data/IMG/center_2025_12_03_12_07_49_865.jpg,/Users/davidfeliperiveraguerra/dev/seneca/cv-project/data/IMG/left_2025_12_03_12_07_49_865.jpg,/Users/davidfeliperiveraguerra/dev/seneca/cv-project/data/IMG/right_2025_12_03_12_07_49_865.jpg,0,1,0,30.19026
/Users/davidfeliperiveraguerra/dev/seneca/cv-project/data/IMG/center_2025_12_03_12_07_49_936.jpg,/Users/davidfeliperiveraguerra/dev/seneca/cv-project/data/IMG/left_2025_12_03_12_07_49_936.jpg,/Users/davidfeliperiveraguerra/dev/seneca/cv-project/data/IMG/right_2025_12_03_12_07_49_936.jpg,0,1,0,30.19028
/Users/davidfeliperiveraguerra/dev/seneca/cv-project/data/IMG/center_2025_12_03_12_07_50_003.jpg,/Users/davidfeliperiveraguerra/dev/seneca/cv-project/data/IMG/left_2025_12_03_12_07_50_003.jpg,/Users/davidfeliperiveraguerra/dev/seneca/cv-project/data/IMG/right_2025_12_03_12_07_50_003.jpg,0,1,0,30.19028
/Users/davidfeliperiveraguerra/dev/seneca/cv-project/data/IMG/center_2025_12_03_12_07_50_072.jpg,/Users/davidfeliperiveraguerra/dev/seneca/cv-project/data/IMG/left_2025_12_03_12_07_50_072.jpg,/Users/davidfeliperiveraguerra/dev/seneca/cv-project/data/IMG/right_2025_12_03_12_07_50_072.jpg,0,1,0,30.19032
/Users/davidfeliperiveraguerra/dev/seneca/cv-project/data/IMG/center_2025_12_03_12_07_50_139.jpg,/Users/davidfeliperiveraguerra/dev/seneca/cv-project/data/IMG/left_2025_12_03_12_07_50_139.jpg,/Users/davidfeliperiveraguerra/dev/seneca/cv-project/data/IMG/right_2025_12_03_12_07_50_139.jpg,0,1,0,30.19028
/Users/davidfeliperiveraguerra/dev/seneca/cv-project/data/IMG/center_2025_12_03_12_07_50_206.jpg,/Users/davidfeliperiveraguerra/dev/seneca/cv-project/data/IMG/left_2025_12_03_12_07_50_206.jpg,/Users/davidfeliperiveraguerra/dev/seneca/cv-project/data/IMG/right_2025_12_03_12_07_50_206.jpg,-0.15,1,0,30.18424
/Users/davidfeliperiveraguerra/dev/seneca/cv-project/data/IMG/center_2025_12_03_12_07_50_277.jpg,/Users/davidfeliperiveraguerra/dev/seneca/cv-project/data/IMG/left_2025_12_03_12_07_50_277.jpg,/Users/davidfeliperiveraguerra/dev/seneca/cv-project/data/IMG/right_2025_12_03_12_07_50_277.jpg,-0.3,1,0,30.16921
/Users/davidfeliperiveraguerra/dev/seneca/cv-project/data/IMG/center_2025_12_03_12_07_50_345.jpg,/Users/davidfeliperiveraguerra/dev/seneca/cv-project/data/IMG/left_2025_12_03_12_07_50_345.jpg,/Users/davidfeliperiveraguerra/dev/seneca/cv-project/data/IMG/right_2025_12_03_12_07_50_345.jpg,0,1,0,30.1882
/Users/davidfeliperiveraguerra/dev/seneca/cv-project/data/IMG/center_2025_12_03_12_07_50_414.jpg,/Users/davidfeliperiveraguerra/dev/seneca/cv-project/data/IMG/left_2025_12_03_12_07_50_414.jpg,/Users/davidfeliperiveraguerra/dev/seneca/cv-project/data/IMG/right_2025_12_03_12_07_50_414.jpg,0,1,0,30.18984
/Users/davidfeliperiveraguerra/dev/seneca/cv-project/data/IMG/center_2025_12_03_12_07_50_484.jpg,/Users/davidfeliperiveraguerra/dev/seneca/cv-project/data/IMG/left_2025_12_03_12_07_50_484.jpg,/Users/davidfeliperiveraguerra/dev/seneca/cv-project/data/IMG/right_2025_12_03_12_07_50_484.jpg,0,1,0,30.19006
/Users/davidfeliperiveraguerra/dev/seneca/cv-project/data/IMG/center_2025_12_03_12_07_50_550.jpg,/Users/davidfeliperiveraguerra/dev/seneca/cv-project/data/IMG/left_2025_12_03_12_07_50_550.jpg,/Users/davidfeliperiveraguerra/dev/seneca/cv-project/data/IMG/right_2025_12_03_12_07_50_550.jpg,0,1,0,30.19022
/Users/davidfeliperiveraguerra/dev/seneca/cv-project/data/IMG/center_2025_12_03_12_07_50_621.jpg,/Users/davidfeliperiveraguerra/dev/seneca/cv-project/data/IMG/left_2025_12_03_12_07_50_621.jpg,/Users/davidfeliperiveraguerra/dev/seneca/cv-project/data/IMG/right_2025_12_03_12_07_50_621.jpg,0,1,0,30.19028
/Users/davidfeliperiveraguerra/dev/seneca/cv-project/data/IMG/center_2025_12_03_12_07_50_693.jpg,/Users/davidfeliperiveraguerra/dev/seneca/cv-project/data/IMG/left_2025_12_03_12_07_50_693.jpg,/Users/davidfeliperiveraguerra/dev/seneca/cv-project/data/IMG/right_2025_12_03_12_07_50_693.jpg,-0.05,1,0,30.18976
/Users/davidfeliperiveraguerra/dev/seneca/cv-project/data/IMG/center_2025_12_03_12_07_50_763.jpg,/Users/davidfeliperiveraguerra/dev/seneca/cv-project/data/IMG/left_2025_12_03_12_07_50_763.jpg,/Users/davidfeliperiveraguerra/dev/seneca/cv-project/data/IMG/right_2025_12_03_12_07_50_763.jpg,-0.25,1,0,30.1751
/Users/davidfeliperiveraguerra/dev/seneca/cv-project/data/IMG/center_2025_12_03_12_07_50_833.jpg,/Users/davidfeliperiveraguerra/dev/seneca/cv-project/data/IMG/left_2025_12_03_12_07_50_833.jpg,/Users/davidfeliperiveraguerra/dev/seneca/cv-project/data/IMG/right_2025_12_03_12_07_50_833.jpg,0,1,0,30.18312
/Users/davidfeliperiveraguerra/dev/seneca/cv-project/data/IMG/center_2025_12_03_12_07_50_900.jpg,/Users/davidfeliperiveraguerra/dev/seneca/cv-project/data/IMG/left_2025_12_03_12_07_50_900.jpg,/Users/davidfeliperiveraguerra/dev/seneca/cv-project/data/IMG/right_2025_12_03_12_07_50_900.jpg,0,1,0,30.18941
/Users/davidfeliperiveraguerra/dev/seneca/cv-project/data/IMG/center_2025_12_03_12_07_50_968.jpg,/Users/davidfeliperiveraguerra/dev/seneca/cv-project/data/IMG/left_2025_12_03_12_07_50_968.jpg,/Users/davidfeliperiveraguerra/dev/seneca/cv-project/data/IMG/right_2025_12_03_12_07_50_968.jpg,0,1,0,30.19012
/Users/davidfeliperiveraguerra/dev/seneca/cv-project/data/IMG/center_2025_12_03_12_07_51_038.jpg,/Users/davidfeliperiveraguerra/dev/seneca/cv-project/data/IMG/left_2025_12_03_12_07_51_038.jpg,/Users/davidfeliperiveraguerra/dev/seneca/cv-project/data/IMG/right_2025_12_03_12_07_51_038.jpg,0,1,0,30.19025
/Users/davidfeliperiveraguerra/dev/seneca/cv-project/data/IMG/center_2025_12_03_12_07_51_109.jpg,/Users/davidfeliperiveraguerra/dev/seneca/cv-project/data/IMG/left_2025_12_03_12_07_51_109.jpg,/Users/davidfeliperiveraguerra/dev/seneca/cv-project/data/IMG/right_2025_12_03_12_07_51_109.jpg,-0.15,1,0,30.18495
/Users/davidfeliperiveraguerra/dev/seneca/cv-project/data/IMG/center_2025_12_03_12_07_51_179.jpg,/Users/davidfeliperiveraguerra/dev/seneca/cv-project/data/IMG/left_2025_12_03_12_07_51_179.jpg,/Users/davidfeliperiveraguerra/dev/seneca/cv-project/data/IMG/right_2025_12_03_12_07_51_179.jpg,-0.3,1,0,30.17028
/Users/davidfeliperiveraguerra/dev/seneca/cv-project/data/IMG/center_2025_12_03_12_07_51_249.jpg,/Users/davidfeliperiveraguerra/dev/seneca/cv-project/data/IMG/left_2025_12_03_12_07_51_249.jpg,/Users/davidfeliperiveraguerra/dev/seneca/cv-project/data/IMG/right_2025_12_03_12_07_51_249.jpg,-0.5000001,1,0,30.1464
/Users/davidfeliperiveraguerra/dev/seneca/cv-project/data/IMG/center_2025_12_03_12_07_51_318.jpg,/Users/davidfeliperiveraguerra/dev/seneca/cv-project/data/IMG/left_2025_12_03_12_07_51_318.jpg,/Users/davidfeliperiveraguerra/dev/seneca/cv-project/data/IMG/right_2025_12_03_12_07_51_318.jpg,0,1,0,30.17249
/Users/davidfeliperiveraguerra/dev/seneca/cv-project/data/IMG/center_2025_12_03_12_07_51_385.jpg,/Users/davidfeliperiveraguerra/dev/seneca/cv-project/data/IMG/left_2025_12_03_12_07_51_385.jpg,/Users/davidfeliperiveraguerra/dev/seneca/cv-project/data/IMG/right_2025_12_03_12_07_51_385.jpg,0,1,0,30.18699
/Users/davidfeliperiveraguerra/dev/seneca/cv-project/data/IMG/center_2025_12_03_12_07_51_455.jpg,/Users/davidfeliperiveraguerra/dev/seneca/cv-project/data/IMG/left_2025_12_03_12_07_51_455.jpg,/Users/davidfeliperiveraguerra/dev/seneca/cv-project/data/IMG/right_2025_12_03_12_07_51_455.jpg,0,1,0,30.18938
/Users/davidfeliperiveraguerra/dev/seneca/cv-project/data/IMG/center_2025_12_03_12_07_51_526.jpg,/Users/davidfeliperiveraguerra/dev/seneca/cv-project/data/IMG/left_2025_12_03_12_07_51_526.jpg,/Users/davidfeliperiveraguerra/dev/seneca/cv-project/data/IMG/right_2025_12_03_12_07_51_526.jpg,0,1,0,30.18991
/Users/davidfeliperiveraguerra/dev/seneca/cv-project/data/IMG/center_2025_12_03_12_07_51_593.jpg,/Users/davidfeliperiveraguerra/dev/seneca/cv-project/data/IMG/left_2025_12_03_12_07_51_593.jpg,/Users/davidfeliperiveraguerra/dev/seneca/cv-project/data/IMG/right_2025_12_03_12_07_51_593.jpg,0,1,0,30.19028
/Users/davidfeliperiveraguerra/dev/seneca/cv-project/data/IMG/center_2025_12_03_12_07_51_663.jpg,/Users/davidfeliperiveraguerra/dev/seneca/cv-project/data/IMG/left_2025_12_03_12_07_51_663.jpg,/Users/davidfeliperiveraguerra/dev/seneca/cv-project/data/IMG/right_2025_12_03_12_07_51_663.jpg,0,1,0,30.19028
/Users/davidfeliperiveraguerra/dev/seneca/cv-project/data/IMG/center_2025_12_03_12_07_51_730.jpg,/Users/davidfeliperiveraguerra/dev/seneca/cv-project/data/IMG/left_2025_12_03_12_07_51_730.jpg,/Users/davidfeliperiveraguerra/dev/seneca/cv-project/data/IMG/right_2025_12_03_12_07_51_730.jpg,0,1,0,30.1905
/Users/davidfeliperiveraguerra/dev/seneca/cv-project/data/IMG/center_2025_12_03_12_07_51_798.jpg,/Users/davidfeliperiveraguerra/dev/seneca/cv-project/data/IMG/left_2025_12_03_12_07_51_798.jpg,/Users/davidfeliperiveraguerra/dev/seneca/cv-project/data/IMG/right_2025_12_03_12_07_51_798.jpg,0,1,0,30.19028
/Users/davidfeliperiveraguerra/dev/seneca/cv-project/data/IMG/center_2025_12_03_12_07_51_866.jpg,/Users/davidfeliperiveraguerra/dev/seneca/cv-project/data/IMG/left_2025_12_03_12_07_51_866.jpg,/Users/davidfeliperiveraguerra/dev/seneca/cv-project/data/IMG/right_2025_12_03_12_07_51_866.jpg,0,1,0,30.19029
/Users/davidfeliperiveraguerra/dev/seneca/cv-project/data/IMG/center_2025_12_03_12_07_51_934.jpg,/Users/davidfeliperiveraguerra/dev/seneca/cv-project/data/IMG/left_2025_12_03_12_07_51_934.jpg,/Users/davidfeliperiveraguerra/dev/seneca/cv-project/data/IMG/right_2025_12_03_12_07_51_934.jpg,0,1,0,30.19031
/Users/davidfeliperiveraguerra/dev/seneca/cv-project/data/IMG/center_2025_12_03_12_07_52_003.jpg,/Users/davidfeliperiveraguerra/dev/seneca/cv-project/data/IMG/left_2025_12_03_12_07_52_003.jpg,/Users/davidfeliperiveraguerra/dev/seneca/cv-project/data/IMG/right_2025_12_03_12_07_52_003.jpg,-0.05,1,0,30.18969
/Users/davidfeliperiveraguerra/dev/seneca/cv-project/data/IMG/center_2025_12_03_12_07_52_071.jpg,/Users/davidfeliperiveraguerra/dev/seneca/cv-project/data/IMG/left_2025_12_03_12_07_52_071.jpg,/Users/davidfeliperiveraguerra/dev/seneca/cv-project/data/IMG/right_2025_12_03_12_07_52_071.jpg,-0.2,1,0,30.18033
/Users/davidfeliperiveraguerra/dev/seneca/cv-project/data/IMG/center_2025_12_03_12_07_52_138.jpg,/Users/davidfeliperiveraguerra/dev/seneca/cv-project/data/IMG/left_2025_12_03_12_07_52_138.jpg,/Users/davidfeliperiveraguerra/dev/seneca/cv-project/data/IMG/right_2025_12_03_12_07_52_138.jpg,-0.35,1,0,30.16331
/Users/davidfeliperiveraguerra/dev/seneca/cv-project/data/IMG/center_2025_12_03_12_07_52_205.jpg,/Users/davidfeliperiveraguerra/dev/seneca/cv-project/data/IMG/left_2025_12_03_12_07_52_205.jpg,/Users/davidfeliperiveraguerra/dev/seneca/cv-project/data/IMG/right_2025_12_03_12_07_52_205.jpg,0,1,0,30.17721
/Users/davidfeliperiveraguerra/dev/seneca/cv-project/data/IMG/center_2025_12_03_12_07_52_273.jpg,/Users/davidfeliperiveraguerra/dev/seneca/cv-project/data/IMG/left_2025_12_03_12_07_52_273.jpg,/Users/davidfeliperiveraguerra/dev/seneca/cv-project/data/IMG/right_2025_12_03_12_07_52_273.jpg,0,1,0,30.18795
/Users/davidfeliperiveraguerra/dev/seneca/cv-project/data/IMG/center_2025_12_03_12_07_52_341.jpg,/Users/davidfeliperiveraguerra/dev/seneca/cv-project/data/IMG/left_2025_12_03_12_07_52_341.jpg,/Users/davidfeliperiveraguerra/dev/seneca/cv-project/data/IMG/right_2025_12_03_12_07_52_341.jpg,0,1,0,30.18939
/Users/davidfeliperiveraguerra/dev/seneca/cv-project/data/IMG/center_2025_12_03_12_07_52_410.jpg,/Users/davidfeliperiveraguerra/dev/seneca/cv-project/data/IMG/left_2025_12_03_12_07_52_410.jpg,/Users/davidfeliperiveraguerra/dev/seneca/cv-project/data/IMG/right_2025_12_03_12_07_52_410.jpg,0,1,0,30.19014
/Users/davidfeliperiveraguerra/dev/seneca/cv-project/data/IMG/center_2025_12_03_12_07_52_477.jpg,/Users/davidfeliperiveraguerra/dev/seneca/cv-project/data/IMG/left_2025_12_03_12_07_52_477.jpg,/Users/davidfeliperiveraguerra/dev/seneca/cv-project/data/IMG/right_2025_12_03_12_07_52_477.jpg,0,1,0,30.19031
/Users/davidfeliperiveraguerra/dev/seneca/cv-project/data/IMG/center_2025_12_03_12_07_52_546.jpg,/Users/davidfeliperiveraguerra/dev/seneca/cv-project/data/IMG/left_2025_12_03_12_07_52_546.jpg,/Users/davidfeliperiveraguerra/dev/seneca/cv-project/data/IMG/right_2025_12_03_12_07_52_546.jpg,-0.15,1,0,30.18528
/Users/davidfeliperiveraguerra/dev/seneca/cv-project/data/IMG/center_2025_12_03_12_07_52_616.jpg,/Users/davidfeliperiveraguerra/dev/seneca/cv-project/data/IMG/left_2025_12_03_12_07_52_616.jpg,/Users/davidfeliperiveraguerra/dev/seneca/cv-project/data/IMG/right_2025_12_03_12_07_52_616.jpg,-0.3,1,0,30.1703
/Users/davidfeliperiveraguerra/dev/seneca/cv-project/data/IMG/center_2025_12_03_12_07_52_684.jpg,/Users/davidfeliperiveraguerra/dev/seneca/cv-project/data/IMG/left_2025_12_03_12_07_52_684.jpg,/Users/davidfeliperiveraguerra/dev/seneca/cv-project/data/IMG/right_2025_12_03_12_07_52_684.jpg,-0.5000001,1,0,30.14605
/Users/davidfeliperiveraguerra/dev/seneca/cv-project/data/IMG/center_2025_12_03_12_07_52_753.jpg,/Users/davidfeliperiveraguerra/dev/seneca/cv-project/data/IMG/left_2025_12_03_12_07_52_753.jpg,/Users/davidfeliperiveraguerra/dev/seneca/cv-project/data/IMG/right_2025_12_03_12_07_52_753.jpg,0,1,0,30.18344
/Users/davidfeliperiveraguerra/dev/seneca/cv-project/data/IMG/center_2025_12_03_12_07_52_820.jpg,/Users/davidfeliperiveraguerra/dev/seneca/cv-project/data/IMG/left_2025_12_03_12_07_52_820.jpg,/Users/davidfeliperiveraguerra/dev/seneca/cv-project/data/IMG/right_2025_12_03_12_07_52_820.jpg,0,1,0,30.18856
/Users/davidfeliperiveraguerra/dev/seneca/cv-project/data/IMG/center_2025_12_03_12_07_52_887.jpg,/Users/davidfeliperiveraguerra/dev/seneca/cv-project/data/IMG/left_2025_12_03_12_07_52_887.jpg,/Users/davidfeliperiveraguerra/dev/seneca/cv-project/data/IMG/right_2025_12_03_12_07_52_887.jpg,0,1,0,30.18984
/Users/davidfeliperiveraguerra/dev/seneca/cv-project/data/IMG/center_2025_12_03_12_07_52_957.jpg,/Users/davidfeliperiveraguerra/dev/seneca/cv-project/data/IMG/left_2025_12_03_12_07_52_957.jpg,/Users/davidfeliperiveraguerra/dev/seneca/cv-project/data/IMG/right_2025_12_03_12_07_52_957.jpg,-0.1,1,0,30.18955
/Users/davidfeliperiveraguerra/dev/seneca/cv-project/data/IMG/center_2025_12_03_12_07_53_024.jpg,/Users/davidfeliperiveraguerra/dev/seneca/cv-project/data/IMG/left_2025_12_03_12_07_53_024.jpg,/Users/davidfeliperiveraguerra/dev/seneca/cv-project/data/IMG/right_2025_12_03_12_07_53_024.jpg,-0.3,1,0,30.17223
/Users/davidfeliperiveraguerra/dev/seneca/cv-project/data/IMG/center_2025_12_03_12_07_53_091.jpg,/Users/davidfeliperiveraguerra/dev/seneca/cv-project/data/IMG/left_2025_12_03_12_07_53_091.jpg,/Users/davidfeliperiveraguerra/dev/seneca/cv-project/data/IMG/right_2025_12_03_12_07_53_091.jpg,-0.45,1,0,30.15385
/Users/davidfeliperiveraguerra/dev/seneca/cv-project/data/IMG/center_2025_12_03_12_07_53_158.jpg,/Users/davidfeliperiveraguerra/dev/seneca/cv-project/data/IMG/left_2025_12_03_12_07_53_158.jpg,/Users/davidfeliperiveraguerra/dev/seneca/cv-project/data/IMG/right_2025_12_03_12_07_53_158.jpg,0,1,0,30.18551
/Users/davidfeliperiveraguerra/dev/seneca/cv-project/data/IMG/center_2025_12_03_12_07_53_227.jpg,/Users/davidfeliperiveraguerra/dev/seneca/cv-project/data/IMG/left_2025_12_03_12_07_53_227.jpg,/Users/davidfeliperiveraguerra/dev/seneca/cv-project/data/IMG/right_2025_12_03_12_07_53_227.jpg,0,1,0,30.18907
/Users/davidfeliperiveraguerra/dev/seneca/cv-project/data/IMG/center_2025_12_03_12_07_53_297.jpg,/Users/davidfeliperiveraguerra/dev/seneca/cv-project/data/IMG/left_2025_12_03_12_07_53_297.jpg,/Users/davidfeliperiveraguerra/dev/seneca/cv-project/data/IMG/right_2025_12_03_12_07_53_297.jpg,0,1,0,30.18953
/Users/davidfeliperiveraguerra/dev/seneca/cv-project/data/IMG/center_2025_12_03_12_07_53_364.jpg,/Users/davidfeliperiveraguerra/dev/seneca/cv-project/data/IMG/left_2025_12_03_12_07_53_364.jpg,/Users/davidfeliperiveraguerra/dev/seneca/cv-project/data/IMG/right_2025_12_03_12_07_53_364.jpg,-0.15,1,0,30.18648
/Users/davidfeliperiveraguerra/dev/seneca/cv-project/data/IMG/center_2025_12_03_12_07_53_431.jpg,/Users/davidfeliperiveraguerra/dev/seneca/cv-project/data/IMG/left_2025_12_03_12_07_53_431.jpg,/Users/davidfeliperiveraguerra/dev/seneca/cv-project/data/IMG/right_2025_12_03_12_07_53_431.jpg,-0.3,1,0,30.17183
/Users/davidfeliperiveraguerra/dev/seneca/cv-project/data/IMG/center_2025_12_03_12_07_53_500.jpg,/Users/davidfeliperiveraguerra/dev/seneca/cv-project/data/IMG/left_2025_12_03_12_07_53_500.jpg,/Users/davidfeliperiveraguerra/dev/seneca/cv-project/data/IMG/right_2025_12_03_12_07_53_500.jpg,-0.45,1,0,30.15344
/Users/davidfeliperiveraguerra/dev/seneca/cv-project/data/IMG/center_2025_12_03_12_07_53_568.jpg,/Users/davidfeliperiveraguerra/dev/seneca/cv-project/data/IMG/left_2025_12_03_12_07_53_568.jpg,/Users/davidfeliperiveraguerra/dev/seneca/cv-project/data/IMG/right_2025_12_03_12_07_53_568.jpg,0,1,0,30.17389
/Users/davidfeliperiveraguerra/dev/seneca/cv-project/data/IMG/center_2025_12_03_12_07_53_636.jpg,/Users/davidfeliperiveraguerra/dev/seneca/cv-project/data/IMG/left_2025_12_03_12_07_53_636.jpg,/Users/davidfeliperiveraguerra/dev/seneca/cv-project/data/IMG/right_2025_12_03_12_07_53_636.jpg,0,1,0,30.18493
/Users/davidfeliperiveraguerra/dev/seneca/cv-project/data/IMG/center_2025_12_03_12_07_53_705.jpg,/Users/davidfeliperiveraguerra/dev/seneca/cv-project/data/IMG/left_2025_12_03_12_07_53_705.jpg,/Users/davidfeliperiveraguerra/dev/seneca/cv-project/data/IMG/right_2025_12_03_12_07_53_705.jpg,0,1,0,30.18854
/Users/davidfeliperiveraguerra/dev/seneca/cv-project/data/IMG/center_2025_12_03_12_07_53_771.jpg,/Users/davidfeliperiveraguerra/dev/seneca/cv-project/data/IMG/left_2025_12_03_12_07_53_771.jpg,/Users/davidfeliperiveraguerra/dev/seneca/cv-project/data/IMG/right_2025_12_03_12_07_53_771.jpg,-0.05,1,0,30.18984
/Users/davidfeliperiveraguerra/dev/seneca/cv-project/data/IMG/center_2025_12_03_12_07_53_840.jpg,/Users/davidfeliperiveraguerra/dev/seneca/cv-project/data/IMG/left_2025_12_03_12_07_53_840.jpg,/Users/davidfeliperiveraguerra/dev/seneca/cv-project/data/IMG/right_2025_12_03_12_07_53_840.jpg,-0.2,1,0,30.18357
/Users/davidfeliperiveraguerra/dev/seneca/cv-project/data/IMG/center_2025_12_03_12_07_53_910.jpg,/Users/davidfeliperiveraguerra/dev/seneca/cv-project/data/IMG/left_2025_12_03_12_07_53_910.jpg,/Users/davidfeliperiveraguerra/dev/seneca/cv-project/data/IMG/right_2025_12_03_12_07_53_910.jpg,-0.4,1,0,30.16099
/Users/davidfeliperiveraguerra/dev/seneca/cv-project/data/IMG/center_2025_12_03_12_07_53_977.jpg,/Users/davidfeliperiveraguerra/dev/seneca/cv-project/data/IMG/left_2025_12_03_12_07_53_977.jpg,/Users/davidfeliperiveraguerra/dev/seneca/cv-project/data/IMG/right_2025_12_03_12_07_53_977.jpg,-0.5500001,1,0,30.14068
/Users/davidfeliperiveraguerra/dev/seneca/cv-project/data/IMG/center_2025_12_03_12_07_54_048.jpg,/Users/davidfeliperiveraguerra/dev/seneca/cv-project/data/IMG/left_2025_12_03_12_07_54_048.jpg,/Users/davidfeliperiveraguerra/dev/seneca/cv-project/data/IMG/right_2025_12_03_12_07_54_048.jpg,-0.7500002,1,0,30.1166
/Users/davidfeliperiveraguerra/dev/seneca/cv-project/data/IMG/center_2025_12_03_12_07_54_114.jpg,/Users/davidfeliperiveraguerra/dev/seneca/cv-project/data/IMG/left_2025_12_03_12_07_54_114.jpg,/Users/davidfeliperiveraguerra/dev/seneca/cv-project/data/IMG/right_2025_12_03_12_07_54_114.jpg,0,1,0,30.17386
/Users/davidfeliperiveraguerra/dev/seneca/cv-project/data/IMG/center_2025_12_03_12_07_54_185.jpg,/Users/davidfeliperiveraguerra/dev/seneca/cv-project/data/IMG/left_2025_12_03_12_07_54_185.jpg,/Users/davidfeliperiveraguerra/dev/seneca/cv-project/data/IMG/right_2025_12_03_12_07_54_185.jpg,0,1,0,30.18448
/Users/davidfeliperiveraguerra/dev/seneca/cv-project/data/IMG/center_2025_12_03_12_07_54_252.jpg,/Users/davidfeliperiveraguerra/dev/seneca/cv-project/data/IMG/left_2025_12_03_12_07_54_252.jpg,/Users/davidfeliperiveraguerra/dev/seneca/cv-project/data/IMG/right_2025_12_03_12_07_54_252.jpg,-0.15,1,0,30.19051
/Users/davidfeliperiveraguerra/dev/seneca/cv-project/data/IMG/center_2025_12_03_12_07_54_321.jpg,/Users/davidfeliperiveraguerra/dev/seneca/cv-project/data/IMG/left_2025_12_03_12_07_54_321.jpg,/Users/davidfeliperiveraguerra/dev/seneca/cv-project/data/IMG/right_2025_12_03_12_07_54_321.jpg,-0.3,1,0,30.17837
/Users/davidfeliperiveraguerra/dev/seneca/cv-project/data/IMG/center_2025_12_03_12_07_54_390.jpg,/Users/davidfeliperiveraguerra/dev/seneca/cv-project/data/IMG/left_2025_12_03_12_07_54_390.jpg,/Users/davidfeliperiveraguerra/dev/seneca/cv-project/data/IMG/right_2025_12_03_12_07_54_390.jpg,0,1,0,30.18782
/Users/davidfeliperiveraguerra/dev/seneca/cv-project/data/IMG/center_2025_12_03_12_07_54_461.jpg,/Users/davidfeliperiveraguerra/dev/seneca/cv-project/data/IMG/left_2025_12_03_12_07_54_461.jpg,/Users/davidfeliperiveraguerra/dev/seneca/cv-project/data/IMG/right_2025_12_03_12_07_54_461.jpg,0,1,0,30.1896
/Users/davidfeliperiveraguerra/dev/seneca/cv-project/data/IMG/center_2025_12_03_12_07_54_527.jpg,/Users/davidfeliperiveraguerra/dev/seneca/cv-project/data/IMG/left_2025_12_03_12_07_54_527.jpg,/Users/davidfeliperiveraguerra/dev/seneca/cv-project/data/IMG/right_2025_12_03_12_07_54_527.jpg,0,1,0,30.19028
/Users/davidfeliperiveraguerra/dev/seneca/cv-project/data/IMG/center_2025_12_03_12_07_54_594.jpg,/Users/davidfeliperiveraguerra/dev/seneca/cv-project/data/IMG/left_2025_12_03_12_07_54_594.jpg,/Users/davidfeliperiveraguerra/dev/seneca/cv-project/data/IMG/right_2025_12_03_12_07_54_594.jpg,0,1,0,30.1903
/Users/davidfeliperiveraguerra/dev/seneca/cv-project/data/IMG/center_2025_12_03_12_07_54_661.jpg,/Users/davidfeliperiveraguerra/dev/seneca/cv-project/data/IMG/left_2025_12_03_12_07_54_661.jpg,/Users/davidfeliperiveraguerra/dev/seneca/cv-project/data/IMG/right_2025_12_03_12_07_54_661.jpg,0,1,0,30.19038
/Users/davidfeliperiveraguerra/dev/seneca/cv-project/data/IMG/center_2025_12_03_12_07_54_729.jpg,/Users/davidfeliperiveraguerra/dev/seneca/cv-project/data/IMG/left_2025_12_03_12_07_54_729.jpg,/Users/davidfeliperiveraguerra/dev/seneca/cv-project/data/IMG/right_2025_12_03_12_07_54_729.jpg,-0.1,1,0,30.18675
/Users/davidfeliperiveraguerra/dev/seneca/cv-project/data/IMG/center_2025_12_03_12_07_54_799.jpg,/Users/davidfeliperiveraguerra/dev/seneca/cv-project/data/IMG/left_2025_12_03_12_07_54_799.jpg,/Users/davidfeliperiveraguerra/dev/seneca/cv-project/data/IMG/right_2025_12_03_12_07_54_799.jpg,-0.25,1,0,30.17478
/Users/davidfeliperiveraguerra/dev/seneca/cv-project/data/IMG/center_2025_12_03_12_07_54_870.jpg,/Users/davidfeliperiveraguerra/dev/seneca/cv-project/data/IMG/left_2025_12_03_12_07_54_870.jpg,/Users/davidfeliperiveraguerra/dev/seneca/cv-project/data/IMG/right_2025_12_03_12_07_54_870.jpg,-0.45,1,0,30.15202
/Users/davidfeliperiveraguerra/dev/seneca/cv-project/data/IMG/center_2025_12_03_12_07_54_938.jpg,/Users/davidfeliperiveraguerra/dev/seneca/cv-project/data/IMG/left_2025_12_03_12_07_54_938.jpg,/Users/davidfeliperiveraguerra/dev/seneca/cv-project/data/IMG/right_2025_12_03_12_07_54_938.jpg,0,1,0,30.17328
/Users/davidfeliperiveraguerra/dev/seneca/cv-project/data/IMG/center_2025_12_03_12_07_55_005.jpg,/Users/davidfeliperiveraguerra/dev/seneca/cv-project/data/IMG/left_2025_12_03_12_07_55_005.jpg,/Users/davidfeliperiveraguerra/dev/seneca/cv-project/data/IMG/right_2025_12_03_12_07_55_005.jpg,0,1,0,30.18713
/Users/davidfeliperiveraguerra/dev/seneca/cv-project/data/IMG/center_2025_12_03_12_07_55_072.jpg,/Users/davidfeliperiveraguerra/dev/seneca/cv-project/data/IMG/left_2025_12_03_12_07_55_072.jpg,/Users/davidfeliperiveraguerra/dev/seneca/cv-project/data/IMG/right_2025_12_03_12_07_55_072.jpg,0,1,0,30.18931
/Users/davidfeliperiveraguerra/dev/seneca/cv-project/data/IMG/center_2025_12_03_12_07_55_139.jpg,/Users/davidfeliperiveraguerra/dev/seneca/cv-project/data/IMG/left_2025_12_03_12_07_55_139.jpg,/Users/davidfeliperiveraguerra/dev/seneca/cv-project/data/IMG/right_2025_12_03_12_07_55_139.jpg,-0.05,1,0,30.1901
/Users/davidfeliperiveraguerra/dev/seneca/cv-project/data/IMG/center_2025_12_03_12_07_55_211.jpg,/Users/davidfeliperiveraguerra/dev/seneca/cv-project/data/IMG/left_2025_12_03_12_07_55_211.jpg,/Users/davidfeliperiveraguerra/dev/seneca/cv-project/data/IMG/right_2025_12_03_12_07_55_211.jpg,-0.25,1,0,30.17808
/Users/davidfeliperiveraguerra/dev/seneca/cv-project/data/IMG/center_2025_12_03_12_07_55_282.jpg,/Users/davidfeliperiveraguerra/dev/seneca/cv-project/data/IMG/left_2025_12_03_12_07_55_282.jpg,/Users/davidfeliperiveraguerra/dev/seneca/cv-project/data/IMG/right_2025_12_03_12_07_55_282.jpg,-0.45,1,0,30.1543
/Users/davidfeliperiveraguerra/dev/seneca/cv-project/data/IMG/center_2025_12_03_12_07_55_349.jpg,/Users/davidfeliperiveraguerra/dev/seneca/cv-project/data/IMG/left_2025_12_03_12_07_55_349.jpg,/Users/davidfeliperiveraguerra/dev/seneca/cv-project/data/IMG/right_2025_12_03_12_07_55_349.jpg,-0.6000001,1,0,30.13508
/Users/davidfeliperiveraguerra/dev/seneca/cv-project/data/IMG/center_2025_12_03_12_07_55_416.jpg,/Users/davidfeliperiveraguerra/dev/seneca/cv-project/data/IMG/left_2025_12_03_12_07_55_416.jpg,/Users/davidfeliperiveraguerra/dev/seneca/cv-project/data/IMG/right_2025_12_03_12_07_55_416.jpg,0,1,0,30.18215
/Users/davidfeliperiveraguerra/dev/seneca/cv-project/data/IMG/center_2025_12_03_12_07_55_483.jpg,/Users/davidfeliperiveraguerra/dev/seneca/cv-project/data/IMG/left_2025_12_03_12_07_55_483.jpg,/Users/davidfeliperiveraguerra/dev/seneca/cv-project/data/IMG/right_2025_12_03_12_07_55_483.jpg,0,1,0,30.18885
/Users/davidfeliperiveraguerra/dev/seneca/cv-project/data/IMG/center_2025_12_03_12_07_55_555.jpg,/Users/davidfeliperiveraguerra/dev/seneca/cv-project/data/IMG/left_2025_12_03_12_07_55_555.jpg,/Users/davidfeliperiveraguerra/dev/seneca/cv-project/data/IMG/right_2025_12_03_12_07_55_555.jpg,0,1,0,30.19223
/Users/davidfeliperiveraguerra/dev/seneca/cv-project/data/IMG/center_2025_12_03_12_07_55_628.jpg,/Users/davidfeliperiveraguerra/dev/seneca/cv-project/data/IMG/left_2025_12_03_12_07_55_628.jpg,/Users/davidfeliperiveraguerra/dev/seneca/cv-project/data/IMG/right_2025_12_03_12_07_55_628.jpg,-0.1,1,0,30.18891
/Users/davidfeliperiveraguerra/dev/seneca/cv-project/data/IMG/center_2025_12_03_12_07_55_700.jpg,/Users/davidfeliperiveraguerra/dev/seneca/cv-project/data/IMG/left_2025_12_03_12_07_55_700.jpg,/Users/davidfeliperiveraguerra/dev/seneca/cv-project/data/IMG/right_2025_12_03_12_07_55_700.jpg,-0.25,1,0,30.17737
/Users/davidfeliperiveraguerra/dev/seneca/cv-project/data/IMG/center_2025_12_03_12_07_55_767.jpg,/Users/davidfeliperiveraguerra/dev/seneca/cv-project/data/IMG/left_2025_12_03_12_07_55_767.jpg,/Users/davidfeliperiveraguerra/dev/seneca/cv-project/data/IMG/right_2025_12_03_12_07_55_767.jpg,-0.45,1,0,30.1538
/Users/davidfeliperiveraguerra/dev/seneca/cv-project/data/IMG/center_2025_12_03_12_07_55_833.jpg,/Users/davidfeliperiveraguerra/dev/seneca/cv-project/data/IMG/left_2025_12_03_12_07_55_833.jpg,/Users/davidfeliperiveraguerra/dev/seneca/cv-project/data/IMG/right_2025_12_03_12_07_55_833.jpg,-0.6000001,1,0,30.13522
/Users/davidfeliperiveraguerra/dev/seneca/cv-project/data/IMG/center_2025_12_03_12_07_55_900.jpg,/Users/davidfeliperiveraguerra/dev/seneca/cv-project/data/IMG/left_2025_12_03_12_07_55_900.jpg,/Users/davidfeliperiveraguerra/dev/seneca/cv-project/data/IMG/right_2025_12_03_12_07_55_900.jpg,0,1,0,30.16924
/Users/davidfeliperiveraguerra/dev/seneca/cv-project/data/IMG/center_2025_12_03_12_07_55_967.jpg,/Users/davidfeliperiveraguerra/dev/seneca/cv-project/data/IMG/left_2025_12_03_12_07_55_967.jpg,/Users/davidfeliperiveraguerra/dev/seneca/cv-project/data/IMG/right_2025_12_03_12_07_55_967.jpg,0,1,0,30.18579
/Users/davidfeliperiveraguerra/dev/seneca/cv-project/data/IMG/center_2025_12_03_12_07_56_033.jpg,/Users/davidfeliperiveraguerra/dev/seneca/cv-project/data/IMG/left_2025_12_03_12_07_56_033.jpg,/Users/davidfeliperiveraguerra/dev/seneca/cv-project/data/IMG/right_2025_12_03_12_07_56_033.jpg,0,1,0,30.18943
/Users/davidfeliperiveraguerra/dev/seneca/cv-project/data/IMG/center_2025_12_03_12_07_56_105.jpg,/Users/davidfeliperiveraguerra/dev/seneca/cv-project/data/IMG/left_2025_12_03_12_07_56_105.jpg,/Users/davidfeliperiveraguerra/dev/seneca/cv-project/data/IMG/right_2025_12_03_12_07_56_105.jpg,0,1,0,30.18991
/Users/davidfeliperiveraguerra/dev/seneca/cv-project/data/IMG/center_2025_12_03_12_07_56_172.jpg,/Users/davidfeliperiveraguerra/dev/seneca/cv-project/data/IMG/left_2025_12_03_12_07_56_172.jpg,/Users/davidfeliperiveraguerra/dev/seneca/cv-project/data/IMG/right_2025_12_03_12_07_56_172.jpg,0,1,0,30.19049
/Users/davidfeliperiveraguerra/dev/seneca/cv-project/data/IMG/center_2025_12_03_12_07_56_240.jpg,/Users/davidfeliperiveraguerra/dev/seneca/cv-project/data/IMG/left_2025_12_03_12_07_56_240.jpg,/Users/davidfeliperiveraguerra/dev/seneca/cv-project/data/IMG/right_2025_12_03_12_07_56_240.jpg,0,1,0,30.19065
/Users/davidfeliperiveraguerra/dev/seneca/cv-project/data/IMG/center_2025_12_03_12_07_56_312.jpg,/Users/davidfeliperiveraguerra/dev/seneca/cv-project/data/IMG/left_2025_12_03_12_07_56_312.jpg,/Users/davidfeliperiveraguerra/dev/seneca/cv-project/data/IMG/right_2025_12_03_12_07_56_312.jpg,0,1,0,30.19005
/Users/davidfeliperiveraguerra/dev/seneca/cv-project/data/IMG/center_2025_12_03_12_07_56_383.jpg,/Users/davidfeliperiveraguerra/dev/seneca/cv-project/data/IMG/left_2025_12_03_12_07_56_383.jpg,/Users/davidfeliperiveraguerra/dev/seneca/cv-project/data/IMG/right_2025_12_03_12_07_56_383.jpg,0,1,0,30.19035
/Users/davidfeliperiveraguerra/dev/seneca/cv-project/data/IMG/center_2025_12_03_12_07_56_453.jpg,/Users/davidfeliperiveraguerra/dev/seneca/cv-project/data/IMG/left_2025_12_03_12_07_56_453.jpg,/Users/davidfeliperiveraguerra/dev/seneca/cv-project/data/IMG/right_2025_12_03_12_07_56_453.jpg,0,1,0,30.19048
/Users/davidfeliperiveraguerra/dev/seneca/cv-project/data/IMG/center_2025_12_03_12_07_56_521.jpg,/Users/davidfeliperiveraguerra/dev/seneca/cv-project/data/IMG/left_2025_12_03_12_07_56_521.jpg,/Users/davidfeliperiveraguerra/dev/seneca/cv-project/data/IMG/right_2025_12_03_12_07_56_521.jpg,0,1,0,30.19051
/Users/davidfeliperiveraguerra/dev/seneca/cv-project/data/IMG/center_2025_12_03_12_07_56_593.jpg,/Users/davidfeliperiveraguerra/dev/seneca/cv-project/data/IMG/left_2025_12_03_12_07_56_593.jpg,/Users/davidfeliperiveraguerra/dev/seneca/cv-project/data/IMG/right_2025_12_03_12_07_56_593.jpg,0,1,0,30.19053
/Users/davidfeliperiveraguerra/dev/seneca/cv-project/data/IMG/center_2025_12_03_12_07_56_665.jpg,/Users/davidfeliperiveraguerra/dev/seneca/cv-project/data/IMG/left_2025_12_03_12_07_56_665.jpg,/Users/davidfeliperiveraguerra/dev/seneca/cv-project/data/IMG/right_2025_12_03_12_07_56_665.jpg,0,1,0,30.19034
/Users/davidfeliperiveraguerra/dev/seneca/cv-project/data/IMG/center_2025_12_03_12_07_56_732.jpg,/Users/davidfeliperiveraguerra/dev/seneca/cv-project/data/IMG/left_2025_12_03_12_07_56_732.jpg,/Users/davidfeliperiveraguerra/dev/seneca/cv-project/data/IMG/right_2025_12_03_12_07_56_732.jpg,0,1,0,30.19056
/Users/davidfeliperiveraguerra/dev/seneca/cv-project/data/IMG/center_2025_12_03_12_07_56_803.jpg,/Users/davidfeliperiveraguerra/dev/seneca/cv-project/data/IMG/left_2025_12_03_12_07_56_803.jpg,/Users/davidfeliperiveraguerra/dev/seneca/cv-project/data/IMG/right_2025_12_03_12_07_56_803.jpg,-0.05,1,0,30.18965
/Users/davidfeliperiveraguerra/dev/seneca/cv-project/data/IMG/center_2025_12_03_12_07_56_870.jpg,/Users/davidfeliperiveraguerra/dev/seneca/cv-project/data/IMG/left_2025_12_03_12_07_56_870.jpg,/Users/davidfeliperiveraguerra/dev/seneca/cv-project/data/IMG/right_2025_12_03_12_07_56_870.jpg,-0.2,1,0,30.1799
/Users/davidfeliperiveraguerra/dev/seneca/cv-project/data/IMG/center_2025_12_03_12_07_56_942.jpg,/Users/davidfeliperiveraguerra/dev/seneca/cv-project/data/IMG/left_2025_12_03_12_07_56_942.jpg,/Users/davidfeliperiveraguerra/dev/seneca/cv-project/data/IMG/right_2025_12_03_12_07_56_942.jpg,0,1,0,30.19073
/Users/davidfeliperiveraguerra/dev/seneca/cv-project/data/IMG/center_2025_12_03_12_07_57_013.jpg,/Users/davidfeliperiveraguerra/dev/seneca/cv-project/data/IMG/left_2025_12_03_12_07_57_013.jpg,/Users/davidfeliperiveraguerra/dev/seneca/cv-project/data/IMG/right_2025_12_03_12_07_57_013.jpg,0,1,0,30.18979
/Users/davidfeliperiveraguerra/dev/seneca/cv-project/data/IMG/center_2025_12_03_12_07_57_084.jpg,/Users/davidfeliperiveraguerra/dev/seneca/cv-project/data/IMG/left_2025_12_03_12_07_57_084.jpg,/Users/davidfeliperiveraguerra/dev/seneca/cv-project/data/IMG/right_2025_12_03_12_07_57_084.jpg,0,1,0,30.19033
/Users/davidfeliperiveraguerra/dev/seneca/cv-project/data/IMG/center_2025_12_03_12_07_57_156.jpg,/Users/davidfeliperiveraguerra/dev/seneca/cv-project/data/IMG/left_2025_12_03_12_07_57_156.jpg,/Users/davidfeliperiveraguerra/dev/seneca/cv-project/data/IMG/right_2025_12_03_12_07_57_156.jpg,0,1,0,30.19033
/Users/davidfeliperiveraguerra/dev/seneca/cv-project/data/IMG/center_2025_12_03_12_07_57_223.jpg,/Users/davidfeliperiveraguerra/dev/seneca/cv-project/data/IMG/left_2025_12_03_12_07_57_223.jpg,/Users/davidfeliperiveraguerra/dev/seneca/cv-project/data/IMG/right_2025_12_03_12_07_57_223.jpg,-0.05,1,0,30.18971
/Users/davidfeliperiveraguerra/dev/seneca/cv-project/data/IMG/center_2025_12_03_12_07_57_312.jpg,/Users/davidfeliperiveraguerra/dev/seneca/cv-project/data/IMG/left_2025_12_03_12_07_57_312.jpg,/Users/davidfeliperiveraguerra/dev/seneca/cv-project/data/IMG/right_2025_12_03_12_07_57_312.jpg,-0.25,1,0,30.1755
/Users/davidfeliperiveraguerra/dev/seneca/cv-project/data/IMG/center_2025_12_03_12_07_57_383.jpg,/Users/davidfeliperiveraguerra/dev/seneca/cv-project/data/IMG/left_2025_12_03_12_07_57_383.jpg,/Users/davidfeliperiveraguerra/dev/seneca/cv-project/data/IMG/right_2025_12_03_12_07_57_383.jpg,-0.45,1,0,30.15232
/Users/davidfeliperiveraguerra/dev/seneca/cv-project/data/IMG/center_2025_12_03_12_07_57_452.jpg,/Users/davidfeliperiveraguerra/dev/seneca/cv-project/data/IMG/left_2025_12_03_12_07_57_452.jpg,/Users/davidfeliperiveraguerra/dev/seneca/cv-project/data/IMG/right_2025_12_03_12_07_57_452.jpg,0,1,0,30.18651
/Users/davidfeliperiveraguerra/dev/seneca/cv-project/data/IMG/center_2025_12_03_12_07_57_519.jpg,/Users/davidfeliperiveraguerra/dev/seneca/cv-project/data/IMG/left_2025_12_03_12_07_57_519.jpg,/Users/davidfeliperiveraguerra/dev/seneca/cv-project/data/IMG/right_2025_12_03_12_07_57_519.jpg,0,1,0,30.18939
/Users/davidfeliperiveraguerra/dev/seneca/cv-project/data/IMG/center_2025_12_03_12_07_57_591.jpg,/Users/davidfeliperiveraguerra/dev/seneca/cv-project/data/IMG/left_2025_12_03_12_07_57_591.jpg,/Users/davidfeliperiveraguerra/dev/seneca/cv-project/data/IMG/right_2025_12_03_12_07_57_591.jpg,0,1,0,30.19013
/Users/davidfeliperiveraguerra/dev/seneca/cv-project/data/IMG/center_2025_12_03_12_07_57_658.jpg,/Users/davidfeliperiveraguerra/dev/seneca/cv-project/data/IMG/left_2025_12_03_12_07_57_658.jpg,/Users/davidfeliperiveraguerra/dev/seneca/cv-project/data/IMG/right_2025_12_03_12_07_57_658.jpg,0,1,0,30.19032
/Users/davidfeliperiveraguerra/dev/seneca/cv-project/data/IMG/center_2025_12_03_12_07_57_725.jpg,/Users/davidfeliperiveraguerra/dev/seneca/cv-project/data/IMG/left_2025_12_03_12_07_57_725.jpg,/Users/davidfeliperiveraguerra/dev/seneca/cv-project/data/IMG/right_2025_12_03_12_07_57_725.jpg,0,1,0,30.19013
/Users/davidfeliperiveraguerra/dev/seneca/cv-project/data/IMG/center_2025_12_03_12_07_57_799.jpg,/Users/davidfeliperiveraguerra/dev/seneca/cv-project/data/IMG/left_2025_12_03_12_07_57_799.jpg,/Users/davidfeliperiveraguerra/dev/seneca/cv-project/data/IMG/right_2025_12_03_12_07_57_799.jpg,0,1,0,30.19029
/Users/davidfeliperiveraguerra/dev/seneca/cv-project/data/IMG/center_2025_12_03_12_07_57_869.jpg,/Users/davidfeliperiveraguerra/dev/seneca/cv-project/data/IMG/left_2025_12_03_12_07_57_869.jpg,/Users/davidfeliperiveraguerra/dev/seneca/cv-project/data/IMG/right_2025_12_03_12_07_57_869.jpg,0,1,0,30.19009
/Users/davidfeliperiveraguerra/dev/seneca/cv-project/data/IMG/center_2025_12_03_12_07_57_939.jpg,/Users/davidfeliperiveraguerra/dev/seneca/cv-project/data/IMG/left_2025_12_03_12_07_57_939.jpg,/Users/davidfeliperiveraguerra/dev/seneca/cv-project/data/IMG/right_2025_12_03_12_07_57_939.jpg,-0.1,1,0,30.18764
/Users/davidfeliperiveraguerra/dev/seneca/cv-project/data/IMG/center_2025_12_03_12_07_58_010.jpg,/Users/davidfeliperiveraguerra/dev/seneca/cv-project/data/IMG/left_2025_12_03_12_07_58_010.jpg,/Users/davidfeliperiveraguerra/dev/seneca/cv-project/data/IMG/right_2025_12_03_12_07_58_010.jpg,-0.3,1,0,30.16974
/Users/davidfeliperiveraguerra/dev/seneca/cv-project/data/IMG/center_2025_12_03_12_07_58_080.jpg,/Users/davidfeliperiveraguerra/dev/seneca/cv-project/data/IMG/left_2025_12_03_12_07_58_080.jpg,/Users/davidfeliperiveraguerra/dev/seneca/cv-project/data/IMG/right_2025_12_03_12_07_58_080.jpg,-0.45,1,0,30.15153
/Users/davidfeliperiveraguerra/dev/seneca/cv-project/data/IMG/center_2025_12_03_12_07_58_149.jpg,/Users/davidfeliperiveraguerra/dev/seneca/cv-project/data/IMG/left_2025_12_03_12_07_58_149.jpg,/Users/davidfeliperiveraguerra/dev/seneca/cv-project/data/IMG/right_2025_12_03_12_07_58_149.jpg,0,1,0,30.18538
/Users/davidfeliperiveraguerra/dev/seneca/cv-project/data/IMG/center_2025_12_03_12_07_58_220.jpg,/Users/davidfeliperiveraguerra/dev/seneca/cv-project/data/IMG/left_2025_12_03_12_07_58_220.jpg,/Users/davidfeliperiveraguerra/dev/seneca/cv-project/data/IMG/right_2025_12_03_12_07_58_220.jpg,0,1,0,30.18904
/Users/davidfeliperiveraguerra/dev/seneca/cv-project/data/IMG/center_2025_12_03_12_07_58_291.jpg,/Users/davidfeliperiveraguerra/dev/seneca/cv-project/data/IMG/left_2025_12_03_12_07_58_291.jpg,/Users/davidfeliperiveraguerra/dev/seneca/cv-project/data/IMG/right_2025_12_03_12_07_58_291.jpg,0,1,0,30.19017
/Users/davidfeliperiveraguerra/dev/seneca/cv-project/data/IMG/center_2025_12_03_12_07_58_363.jpg,/Users/davidfeliperiveraguerra/dev/seneca/cv-project/data/IMG/left_2025_12_03_12_07_58_363.jpg,/Users/davidfeliperiveraguerra/dev/seneca/cv-project/data/IMG/right_2025_12_03_12_07_58_363.jpg,0,1,0,30.19041
/Users/davidfeliperiveraguerra/dev/seneca/cv-project/data/IMG/center_2025_12_03_12_07_58_434.jpg,/Users/davidfeliperiveraguerra/dev/seneca/cv-project/data/IMG/left_2025_12_03_12_07_58_434.jpg,/Users/davidfeliperiveraguerra/dev/seneca/cv-project/data/IMG/right_2025_12_03_12_07_58_434.jpg,0,1,0,30.19077
/Users/davidfeliperiveraguerra/dev/seneca/cv-project/data/IMG/center_2025_12_03_12_07_58_502.jpg,/Users/davidfeliperiveraguerra/dev/seneca/cv-project/data/IMG/left_2025_12_03_12_07_58_502.jpg,/Users/davidfeliperiveraguerra/dev/seneca/cv-project/data/IMG/right_2025_12_03_12_07_58_502.jpg,0,1,0,30.19036
/Users/davidfeliperiveraguerra/dev/seneca/cv-project/data/IMG/center_2025_12_03_12_07_58_574.jpg,/Users/davidfeliperiveraguerra/dev/seneca/cv-project/data/IMG/left_2025_12_03_12_07_58_574.jpg,/Users/davidfeliperiveraguerra/dev/seneca/cv-project/data/IMG/right_2025_12_03_12_07_58_574.jpg,0,1,0,30.18991
/Users/davidfeliperiveraguerra/dev/seneca/cv-project/data/IMG/center_2025_12_03_12_07_58_641.jpg,/Users/davidfeliperiveraguerra/dev/seneca/cv-project/data/IMG/left_2025_12_03_12_07_58_641.jpg,/Users/davidfeliperiveraguerra/dev/seneca/cv-project/data/IMG/right_2025_12_03_12_07_58_641.jpg,0,1,0,30.19148
/Users/davidfeliperiveraguerra/dev/seneca/cv-project/data/IMG/center_2025_12_03_12_07_58_709.jpg,/Users/davidfeliperiveraguerra/dev/seneca/cv-project/data/IMG/left_2025_12_03_12_07_58_709.jpg,/Users/davidfeliperiveraguerra/dev/seneca/cv-project/data/IMG/right_2025_12_03_12_07_58_709.jpg,0,1,0,30.18983
/Users/davidfeliperiveraguerra/dev/seneca/cv-project/data/IMG/center_2025_12_03_12_07_58_779.jpg,/Users/davidfeliperiveraguerra/dev/seneca/cv-project/data/IMG/left_2025_12_03_12_07_58_779.jpg,/Users/davidfeliperiveraguerra/dev/seneca/cv-project/data/IMG/right_2025_12_03_12_07_58_779.jpg,0,1,0,30.19045
/Users/davidfeliperiveraguerra/dev/seneca/cv-project/data/IMG/center_2025_12_03_12_07_58_850.jpg,/Users/davidfeliperiveraguerra/dev/seneca/cv-project/data/IMG/left_2025_12_03_12_07_58_850.jpg,/Users/davidfeliperiveraguerra/dev/seneca/cv-project/data/IMG/right_2025_12_03_12_07_58_850.jpg,0,1,0,30.1914
/Users/davidfeliperiveraguerra/dev/seneca/cv-project/data/IMG/center_2025_12_03_12_07_58_917.jpg,/Users/davidfeliperiveraguerra/dev/seneca/cv-project/data/IMG/left_2025_12_03_12_07_58_917.jpg,/Users/davidfeliperiveraguerra/dev/seneca/cv-project/data/IMG/right_2025_12_03_12_07_58_917.jpg,-0.15,1,0,30.18385
/Users/davidfeliperiveraguerra/dev/seneca/cv-project/data/IMG/center_2025_12_03_12_07_58_985.jpg,/Users/davidfeliperiveraguerra/dev/seneca/cv-project/data/IMG/left_2025_12_03_12_07_58_985.jpg,/Users/davidfeliperiveraguerra/dev/seneca/cv-project/data/IMG/right_2025_12_03_12_07_58_985.jpg,-0.35,1,0,30.16364
/Users/davidfeliperiveraguerra/dev/seneca/cv-project/data/IMG/center_2025_12_03_12_07_59_054.jpg,/Users/davidfeliperiveraguerra/dev/seneca/cv-project/data/IMG/left_2025_12_03_12_07_59_054.jpg,/Users/davidfeliperiveraguerra/dev/seneca/cv-project/data/IMG/right_2025_12_03_12_07_59_054.jpg,-0.5000001,1,0,30.14583
/Users/davidfeliperiveraguerra/dev/seneca/cv-project/data/IMG/center_2025_12_03_12_07_59_121.jpg,/Users/davidfeliperiveraguerra/dev/seneca/cv-project/data/IMG/left_2025_12_03_12_07_59_121.jpg,/Users/davidfeliperiveraguerra/dev/seneca/cv-project/data/IMG/right_2025_12_03_12_07_59_121.jpg,0,1,0,30.18529
/Users/davidfeliperiveraguerra/dev/seneca/cv-project/data/IMG/center_2025_12_03_12_07_59_189.jpg,/Users/davidfeliperiveraguerra/dev/seneca/cv-project/data/IMG/left_2025_12_03_12_07_59_189.jpg,/Users/davidfeliperiveraguerra/dev/seneca/cv-project/data/IMG/right_2025_12_03_12_07_59_189.jpg,0,1,0,30.18944
/Users/davidfeliperiveraguerra/dev/seneca/cv-project/data/IMG/center_2025_12_03_12_07_59_256.jpg,/Users/davidfeliperiveraguerra/dev/seneca/cv-project/data/IMG/left_2025_12_03_12_07_59_256.jpg,/Users/davidfeliperiveraguerra/dev/seneca/cv-project/data/IMG/right_2025_12_03_12_07_59_256.jpg,0,1,0,30.19014
/Users/davidfeliperiveraguerra/dev/seneca/cv-project/data/IMG/center_2025_12_03_12_07_59_328.jpg,/Users/davidfeliperiveraguerra/dev/seneca/cv-project/data/IMG/left_2025_12_03_12_07_59_328.jpg,/Users/davidfeliperiveraguerra/dev/seneca/cv-project/data/IMG/right_2025_12_03_12_07_59_328.jpg,0,1,0,30.19038
/Users/davidfeliperiveraguerra/dev/seneca/cv-project/data/IMG/center_2025_12_03_12_07_59_397.jpg,/Users/davidfeliperiveraguerra/dev/seneca/cv-project/data/IMG/left_2025_12_03_12_07_59_397.jpg,/Users/davidfeliperiveraguerra/dev/seneca/cv-project/data/IMG/right_2025_12_03_12_07_59_397.jpg,0,1,0,30.19042
/Users/davidfeliperiveraguerra/dev/seneca/cv-project/data/IMG/center_2025_12_03_12_07_59_466.jpg,/Users/davidfeliperiveraguerra/dev/seneca/cv-project/data/IMG/left_2025_12_03_12_07_59_466.jpg,/Users/davidfeliperiveraguerra/dev/seneca/cv-project/data/IMG/right_2025_12_03_12_07_59_466.jpg,0,1,0,30.19041
/Users/davidfeliperiveraguerra/dev/seneca/cv-project/data/IMG/center_2025_12_03_12_07_59_535.jpg,/Users/davidfeliperiveraguerra/dev/seneca/cv-project/data/IMG/left_2025_12_03_12_07_59_535.jpg,/Users/davidfeliperiveraguerra/dev/seneca/cv-project/data/IMG/right_2025_12_03_12_07_59_535.jpg,0,1,0,30.18976
/Users/davidfeliperiveraguerra/dev/seneca/cv-project/data/IMG/center_2025_12_03_12_07_59_605.jpg,/Users/davidfeliperiveraguerra/dev/seneca/cv-project/data/IMG/left_2025_12_03_12_07_59_605.jpg,/Users/davidfeliperiveraguerra/dev/seneca/cv-project/data/IMG/right_2025_12_03_12_07_59_605.jpg,-0.2,1,0,30.18009
/Users/davidfeliperiveraguerra/dev/seneca/cv-project/data/IMG/center_2025_12_03_12_07_59_675.jpg,/Users/davidfeliperiveraguerra/dev/seneca/cv-project/data/IMG/left_2025_12_03_12_07_59_675.jpg,/Users/davidfeliperiveraguerra/dev/seneca/cv-project/data/IMG/right_2025_12_03_12_07_59_675.jpg,-0.35,1,0,30.1641
/Users/davidfeliperiveraguerra/dev/seneca/cv-project/data/IMG/center_2025_12_03_12_07_59_741.jpg,/Users/davidfeliperiveraguerra/dev/seneca/cv-project/data/IMG/left_2025_12_03_12_07_59_741.jpg,/Users/davidfeliperiveraguerra/dev/seneca/cv-project/data/IMG/right_2025_12_03_12_07_59_741.jpg,0,1,0,30.18716
/Users/davidfeliperiveraguerra/dev/seneca/cv-project/data/IMG/center_2025_12_03_12_07_59_810.jpg,/Users/davidfeliperiveraguerra/dev/seneca/cv-project/data/IMG/left_2025_12_03_12_07_59_810.jpg,/Users/davidfeliperiveraguerra/dev/seneca/cv-project/data/IMG/right_2025_12_03_12_07_59_810.jpg,0,1,0,30.18967
/Users/davidfeliperiveraguerra/dev/seneca/cv-project/data/IMG/center_2025_12_03_12_07_59_882.jpg,/Users/davidfeliperiveraguerra/dev/seneca/cv-project/data/IMG/left_2025_12_03_12_07_59_882.jpg,/Users/davidfeliperiveraguerra/dev/seneca/cv-project/data/IMG/right_2025_12_03_12_07_59_882.jpg,0,1,0,30.19013
/Users/davidfeliperiveraguerra/dev/seneca/cv-project/data/IMG/center_2025_12_03_12_07_59_952.jpg,/Users/davidfeliperiveraguerra/dev/seneca/cv-project/data/IMG/left_2025_12_03_12_07_59_952.jpg,/Users/davidfeliperiveraguerra/dev/seneca/cv-project/data/IMG/right_2025_12_03_12_07_59_952.jpg,-0.1,1,0,30.18856
/Users/davidfeliperiveraguerra/dev/seneca/cv-project/data/IMG/center_2025_12_03_12_08_00_020.jpg,/Users/davidfeliperiveraguerra/dev/seneca/cv-project/data/IMG/left_2025_12_03_12_08_00_020.jpg,/Users/davidfeliperiveraguerra/dev/seneca/cv-project/data/IMG/right_2025_12_03_12_08_00_020.jpg,-0.25,1,0,30.17629
/Users/davidfeliperiveraguerra/dev/seneca/cv-project/data/IMG/center_2025_12_03_12_08_00_087.jpg,/Users/davidfeliperiveraguerra/dev/seneca/cv-project/data/IMG/left_2025_12_03_12_08_00_087.jpg,/Users/davidfeliperiveraguerra/dev/seneca/cv-project/data/IMG/right_2025_12_03_12_08_00_087.jpg,-0.45,1,0,30.153
/Users/davidfeliperiveraguerra/dev/seneca/cv-project/data/IMG/center_2025_12_03_12_08_00_155.jpg,/Users/davidfeliperiveraguerra/dev/seneca/cv-project/data/IMG/left_2025_12_03_12_08_00_155.jpg,/Users/davidfeliperiveraguerra/dev/seneca/cv-project/data/IMG/right_2025_12_03_12_08_00_155.jpg,0,1,0,30.18531
/Users/davidfeliperiveraguerra/dev/seneca/cv-project/data/IMG/center_2025_12_03_12_08_00_225.jpg,/Users/davidfeliperiveraguerra/dev/seneca/cv-project/data/IMG/left_2025_12_03_12_08_00_225.jpg,/Users/davidfeliperiveraguerra/dev/seneca/cv-project/data/IMG/right_2025_12_03_12_08_00_225.jpg,0,1,0,30.18919
/Users/davidfeliperiveraguerra/dev/seneca/cv-project/data/IMG/center_2025_12_03_12_08_00_293.jpg,/Users/davidfeliperiveraguerra/dev/seneca/cv-project/data/IMG/left_2025_12_03_12_08_00_293.jpg,/Users/davidfeliperiveraguerra/dev/seneca/cv-project/data/IMG/right_2025_12_03_12_08_00_293.jpg,0,1,0,30.19022
/Users/davidfeliperiveraguerra/dev/seneca/cv-project/data/IMG/center_2025_12_03_12_08_00_360.jpg,/Users/davidfeliperiveraguerra/dev/seneca/cv-project/data/IMG/left_2025_12_03_12_08_00_360.jpg,/Users/davidfeliperiveraguerra/dev/seneca/cv-project/data/IMG/right_2025_12_03_12_08_00_360.jpg,0,1,0,30.1905
/Users/davidfeliperiveraguerra/dev/seneca/cv-project/data/IMG/center_2025_12_03_12_08_00_430.jpg,/Users/davidfeliperiveraguerra/dev/seneca/cv-project/data/IMG/left_2025_12_03_12_08_00_430.jpg,/Users/davidfeliperiveraguerra/dev/seneca/cv-project/data/IMG/right_2025_12_03_12_08_00_430.jpg,0,1,0,30.19042
/Users/davidfeliperiveraguerra/dev/seneca/cv-project/data/IMG/center_2025_12_03_12_08_00_500.jpg,/Users/davidfeliperiveraguerra/dev/seneca/cv-project/data/IMG/left_2025_12_03_12_08_00_500.jpg,/Users/davidfeliperiveraguerra/dev/seneca/cv-project/data/IMG/right_2025_12_03_12_08_00_500.jpg,0,1,0,30.18986
/Users/davidfeliperiveraguerra/dev/seneca/cv-project/data/IMG/center_2025_12_03_12_08_00_572.jpg,/Users/davidfeliperiveraguerra/dev/seneca/cv-project/data/IMG/left_2025_12_03_12_08_00_572.jpg,/Users/davidfeliperiveraguerra/dev/seneca/cv-project/data/IMG/right_2025_12_03_12_08_00_572.jpg,0,1,0,30.19046
/Users/davidfeliperiveraguerra/dev/seneca/cv-project/data/IMG/center_2025_12_03_12_08_00_640.jpg,/Users/davidfeliperiveraguerra/dev/seneca/cv-project/data/IMG/left_2025_12_03_12_08_00_640.jpg,/Users/davidfeliperiveraguerra/dev/seneca/cv-project/data/IMG/right_2025_12_03_12_08_00_640.jpg,0,1,0,30.18988
/Users/davidfeliperiveraguerra/dev/seneca/cv-project/data/IMG/center_2025_12_03_12_08_00_711.jpg,/Users/davidfeliperiveraguerra/dev/seneca/cv-project/data/IMG/left_2025_12_03_12_08_00_711.jpg,/Users/davidfeliperiveraguerra/dev/seneca/cv-project/data/IMG/right_2025_12_03_12_08_00_711.jpg,0,1,0,30.19006
/Users/davidfeliperiveraguerra/dev/seneca/cv-project/data/IMG/center_2025_12_03_12_08_00_781.jpg,/Users/davidfeliperiveraguerra/dev/seneca/cv-project/data/IMG/left_2025_12_03_12_08_00_781.jpg,/Users/davidfeliperiveraguerra/dev/seneca/cv-project/data/IMG/right_2025_12_03_12_08_00_781.jpg,0,1,0,30.19004
/Users/davidfeliperiveraguerra/dev/seneca/cv-project/data/IMG/center_2025_12_03_12_08_00_861.jpg,/Users/davidfeliperiveraguerra/dev/seneca/cv-project/data/IMG/left_2025_12_03_12_08_00_861.jpg,/Users/davidfeliperiveraguerra/dev/seneca/cv-project/data/IMG/right_2025_12_03_12_08_00_861.jpg,0,1,0,30.19023
/Users/davidfeliperiveraguerra/dev/seneca/cv-project/data/IMG/center_2025_12_03_12_08_00_928.jpg,/Users/davidfeliperiveraguerra/dev/seneca/cv-project/data/IMG/left_2025_12_03_12_08_00_928.jpg,/Users/davidfeliperiveraguerra/dev/seneca/cv-project/data/IMG/right_2025_12_03_12_08_00_928.jpg,0,1,0,30.19013
/Users/davidfeliperiveraguerra/dev/seneca/cv-project/data/IMG/center_2025_12_03_12_08_00_995.jpg,/Users/davidfeliperiveraguerra/dev/seneca/cv-project/data/IMG/left_2025_12_03_12_08_00_995.jpg,/Users/davidfeliperiveraguerra/dev/seneca/cv-project/data/IMG/right_2025_12_03_12_08_00_995.jpg,-0.1,1,0,30.18756
/Users/davidfeliperiveraguerra/dev/seneca/cv-project/data/IMG/center_2025_12_03_12_08_01_064.jpg,/Users/davidfeliperiveraguerra/dev/seneca/cv-project/data/IMG/left_2025_12_03_12_08_01_064.jpg,/Users/davidfeliperiveraguerra/dev/seneca/cv-project/data/IMG/right_2025_12_03_12_08_01_064.jpg,-0.3,1,0,30.16953
/Users/davidfeliperiveraguerra/dev/seneca/cv-project/data/IMG/center_2025_12_03_12_08_01_131.jpg,/Users/davidfeliperiveraguerra/dev/seneca/cv-project/data/IMG/left_2025_12_03_12_08_01_131.jpg,/Users/davidfeliperiveraguerra/dev/seneca/cv-project/data/IMG/right_2025_12_03_12_08_01_131.jpg,0,1,0,30.18877
/Users/davidfeliperiveraguerra/dev/seneca/cv-project/data/IMG/center_2025_12_03_12_08_01_202.jpg,/Users/davidfeliperiveraguerra/dev/seneca/cv-project/data/IMG/left_2025_12_03_12_08_01_202.jpg,/Users/davidfeliperiveraguerra/dev/seneca/cv-project/data/IMG/right_2025_12_03_12_08_01_202.jpg,0,1,0,30.1901
/Users/davidfeliperiveraguerra/dev/seneca/cv-project/data/IMG/center_2025_12_03_12_08_01_269.jpg,/Users/davidfeliperiveraguerra/dev/seneca/cv-project/data/IMG/left_2025_12_03_12_08_01_269.jpg,/Users/davidfeliperiveraguerra/dev/seneca/cv-project/data/IMG/right_2025_12_03_12_08_01_269.jpg,0,1,0,30.19025
/Users/davidfeliperiveraguerra/dev/seneca/cv-project/data/IMG/center_2025_12_03_12_08_01_337.jpg,/Users/davidfeliperiveraguerra/dev/seneca/cv-project/data/IMG/left_2025_12_03_12_08_01_337.jpg,/Users/davidfeliperiveraguerra/dev/seneca/cv-project/data/IMG/right_2025_12_03_12_08_01_337.jpg,0,1,0,30.19034
/Users/davidfeliperiveraguerra/dev/seneca/cv-project/data/IMG/center_2025_12_03_12_08_01_407.jpg,/Users/davidfeliperiveraguerra/dev/seneca/cv-project/data/IMG/left_2025_12_03_12_08_01_407.jpg,/Users/davidfeliperiveraguerra/dev/seneca/cv-project/data/IMG/right_2025_12_03_12_08_01_407.jpg,0,1,0,30.19036
/Users/davidfeliperiveraguerra/dev/seneca/cv-project/data/IMG/center_2025_12_03_12_08_01_476.jpg,/Users/davidfeliperiveraguerra/dev/seneca/cv-project/data/IMG/left_2025_12_03_12_08_01_476.jpg,/Users/davidfeliperiveraguerra/dev/seneca/cv-project/data/IMG/right_2025_12_03_12_08_01_476.jpg,-0.15,1,0,30.18663
/Users/davidfeliperiveraguerra/dev/seneca/cv-project/data/IMG/center_2025_12_03_12_08_01_547.jpg,/Users/davidfeliperiveraguerra/dev/seneca/cv-project/data/IMG/left_2025_12_03_12_08_01_547.jpg,/Users/davidfeliperiveraguerra/dev/seneca/cv-project/data/IMG/right_2025_12_03_12_08_01_547.jpg,-0.35,1,0,30.16392
/Users/davidfeliperiveraguerra/dev/seneca/cv-project/data/IMG/center_2025_12_03_12_08_01_616.jpg,/Users/davidfeliperiveraguerra/dev/seneca/cv-project/data/IMG/left_2025_12_03_12_08_01_616.jpg,/Users/davidfeliperiveraguerra/dev/seneca/cv-project/data/IMG/right_2025_12_03_12_08_01_616.jpg,-0.5000001,1,0,30.14624
/Users/davidfeliperiveraguerra/dev/seneca/cv-project/data/IMG/center_2025_12_03_12_08_01_683.jpg,/Users/davidfeliperiveraguerra/dev/seneca/cv-project/data/IMG/left_2025_12_03_12_08_01_683.jpg,/Users/davidfeliperiveraguerra/dev/seneca/cv-project/data/IMG/right_2025_12_03_12_08_01_683.jpg,0,1,0,30.18884
/Users/davidfeliperiveraguerra/dev/seneca/cv-project/data/IMG/center_2025_12_03_12_08_01_752.jpg,/Users/davidfeliperiveraguerra/dev/seneca/cv-project/data/IMG/left_2025_12_03_12_08_01_752.jpg,/Users/davidfeliperiveraguerra/dev/seneca/cv-project/data/IMG/right_2025_12_03_12_08_01_752.jpg,0,1,0,30.18887
/Users/davidfeliperiveraguerra/dev/seneca/cv-project/data/IMG/center_2025_12_03_12_08_01_827.jpg,/Users/davidfeliperiveraguerra/dev/seneca/cv-project/data/IMG/left_2025_12_03_12_08_01_827.jpg,/Users/davidfeliperiveraguerra/dev/seneca/cv-project/data/IMG/right_2025_12_03_12_08_01_827.jpg,0,1,0,30.19001
/Users/davidfeliperiveraguerra/dev/seneca/cv-project/data/IMG/center_2025_12_03_12_08_01_897.jpg,/Users/davidfeliperiveraguerra/dev/seneca/cv-project/data/IMG/left_2025_12_03_12_08_01_897.jpg,/Users/davidfeliperiveraguerra/dev/seneca/cv-project/data/IMG/right_2025_12_03_12_08_01_897.jpg,0,1,0,30.19019
/Users/davidfeliperiveraguerra/dev/seneca/cv-project/data/IMG/center_2025_12_03_12_08_01_964.jpg,/Users/davidfeliperiveraguerra/dev/seneca/cv-project/data/IMG/left_2025_12_03_12_08_01_964.jpg,/Users/davidfeliperiveraguerra/dev/seneca/cv-project/data/IMG/right_2025_12_03_12_08_01_964.jpg,0,1,0,30.19032
/Users/davidfeliperiveraguerra/dev/seneca/cv-project/data/IMG/center_2025_12_03_12_08_02_032.jpg,/Users/davidfeliperiveraguerra/dev/seneca/cv-project/data/IMG/left_2025_12_03_12_08_02_032.jpg,/Users/davidfeliperiveraguerra/dev/seneca/cv-project/data/IMG/right_2025_12_03_12_08_02_032.jpg,0,1,0,30.19027
/Users/davidfeliperiveraguerra/dev/seneca/cv-project/data/IMG/center_2025_12_03_12_08_02_099.jpg,/Users/davidfeliperiveraguerra/dev/seneca/cv-project/data/IMG/left_2025_12_03_12_08_02_099.jpg,/Users/davidfeliperiveraguerra/dev/seneca/cv-project/data/IMG/right_2025_12_03_12_08_02_099.jpg,0,1,0,30.19029
/Users/davidfeliperiveraguerra/dev/seneca/cv-project/data/IMG/center_2025_12_03_12_08_02_168.jpg,/Users/davidfeliperiveraguerra/dev/seneca/cv-project/data/IMG/left_2025_12_03_12_08_02_168.jpg,/Users/davidfeliperiveraguerra/dev/seneca/cv-project/data/IMG/right_2025_12_03_12_08_02_168.jpg,-0.2,1,0,30.18039
/Users/davidfeliperiveraguerra/dev/seneca/cv-project/data/IMG/center_2025_12_03_12_08_02_236.jpg,/Users/davidfeliperiveraguerra/dev/seneca/cv-project/data/IMG/left_2025_12_03_12_08_02_236.jpg,/Users/davidfeliperiveraguerra/dev/seneca/cv-project/data/IMG/right_2025_12_03_12_08_02_236.jpg,0,1,0,30.18479
/Users/davidfeliperiveraguerra/dev/seneca/cv-project/data/IMG/center_2025_12_03_12_08_02_306.jpg,/Users/davidfeliperiveraguerra/dev/seneca/cv-project/data/IMG/left_2025_12_03_12_08_02_306.jpg,/Users/davidfeliperiveraguerra/dev/seneca/cv-project/data/IMG/right_2025_12_03_12_08_02_306.jpg,0,1,0,30.18992
/Users/davidfeliperiveraguerra/dev/seneca/cv-project/data/IMG/center_2025_12_03_12_08_02_375.jpg,/Users/davidfeliperiveraguerra/dev/seneca/cv-project/data/IMG/left_2025_12_03_12_08_02_375.jpg,/Users/davidfeliperiveraguerra/dev/seneca/cv-project/data/IMG/right_2025_12_03_12_08_02_375.jpg,0,1,0,30.19031
/Users/davidfeliperiveraguerra/dev/seneca/cv-project/data/IMG/center_2025_12_03_12_08_02_446.jpg,/Users/davidfeliperiveraguerra/dev/seneca/cv-project/data/IMG/left_2025_12_03_12_08_02_446.jpg,/Users/davidfeliperiveraguerra/dev/seneca/cv-project/data/IMG/right_2025_12_03_12_08_02_446.jpg,0,1,0,30.19044
/Users/davidfeliperiveraguerra/dev/seneca/cv-project/data/IMG/center_2025_12_03_12_08_02_515.jpg,/Users/davidfeliperiveraguerra/dev/seneca/cv-project/data/IMG/left_2025_12_03_12_08_02_515.jpg,/Users/davidfeliperiveraguerra/dev/seneca/cv-project/data/IMG/right_2025_12_03_12_08_02_515.jpg,0,1,0,30.19161
/Users/davidfeliperiveraguerra/dev/seneca/cv-project/data/IMG/center_2025_12_03_12_08_02_585.jpg,/Users/davidfeliperiveraguerra/dev/seneca/cv-project/data/IMG/left_2025_12_03_12_08_02_585.jpg,/Users/davidfeliperiveraguerra/dev/seneca/cv-project/data/IMG/right_2025_12_03_12_08_02_585.jpg,0,1,0,30.19006
/Users/davidfeliperiveraguerra/dev/seneca/cv-project/data/IMG/center_2025_12_03_12_08_02_656.jpg,/Users/davidfeliperiveraguerra/dev/seneca/cv-project/data/IMG/left_2025_12_03_12_08_02_656.jpg,/Users/davidfeliperiveraguerra/dev/seneca/cv-project/data/IMG/right_2025_12_03_12_08_02_656.jpg,0,1,0,30.19013
/Users/davidfeliperiveraguerra/dev/seneca/cv-project/data/IMG/center_2025_12_03_12_08_02_725.jpg,/Users/davidfeliperiveraguerra/dev/seneca/cv-project/data/IMG/left_2025_12_03_12_08_02_725.jpg,/Users/davidfeliperiveraguerra/dev/seneca/cv-project/data/IMG/right_2025_12_03_12_08_02_725.jpg,0,1,0,30.19052
/Users/davidfeliperiveraguerra/dev/seneca/cv-project/data/IMG/center_2025_12_03_12_08_02_792.jpg,/Users/davidfeliperiveraguerra/dev/seneca/cv-project/data/IMG/left_2025_12_03_12_08_02_792.jpg,/Users/davidfeliperiveraguerra/dev/seneca/cv-project/data/IMG/right_2025_12_03_12_08_02_792.jpg,0,1,0,30.18971
/Users/davidfeliperiveraguerra/dev/seneca/cv-project/data/IMG/center_2025_12_03_12_08_02_862.jpg,/Users/davidfeliperiveraguerra/dev/seneca/cv-project/data/IMG/left_2025_12_03_12_08_02_862.jpg,/Users/davidfeliperiveraguerra/dev/seneca/cv-project/data/IMG/right_2025_12_03_12_08_02_862.jpg,0,1,0,30.18996
/Users/davidfeliperiveraguerra/dev/seneca/cv-project/data/IMG/center_2025_12_03_12_08_02_933.jpg,/Users/davidfeliperiveraguerra/dev/seneca/cv-project/data/IMG/left_2025_12_03_12_08_02_933.jpg,/Users/davidfeliperiveraguerra/dev/seneca/cv-project/data/IMG/right_2025_12_03_12_08_02_933.jpg,0,1,0,30.19004
/Users/davidfeliperiveraguerra/dev/seneca/cv-project/data/IMG/center_2025_12_03_12_08_03_003.jpg,/Users/davidfeliperiveraguerra/dev/seneca/cv-project/data/IMG/left_2025_12_03_12_08_03_003.jpg,/Users/davidfeliperiveraguerra/dev/seneca/cv-project/data/IMG/right_2025_12_03_12_08_03_003.jpg,-0.15,1,0,30.18426
/Users/davidfeliperiveraguerra/dev/seneca/cv-project/data/IMG/center_2025_12_03_12_08_03_070.jpg,/Users/davidfeliperiveraguerra/dev/seneca/cv-project/data/IMG/left_2025_12_03_12_08_03_070.jpg,/Users/davidfeliperiveraguerra/dev/seneca/cv-project/data/IMG/right_2025_12_03_12_08_03_070.jpg,-0.3,1,0,30.16947
/Users/davidfeliperiveraguerra/dev/seneca/cv-project/data/IMG/center_2025_12_03_12_08_03_140.jpg,/Users/davidfeliperiveraguerra/dev/seneca/cv-project/data/IMG/left_2025_12_03_12_08_03_140.jpg,/Users/davidfeliperiveraguerra/dev/seneca/cv-project/data/IMG/right_2025_12_03_12_08_03_140.jpg,-0.45,1,0,30.15193
/Users/davidfeliperiveraguerra/dev/seneca/cv-project/data/IMG/center_2025_12_03_12_08_03_216.jpg,/Users/davidfeliperiveraguerra/dev/seneca/cv-project/data/IMG/left_2025_12_03_12_08_03_216.jpg,/Users/davidfeliperiveraguerra/dev/seneca/cv-project/data/IMG/right_2025_12_03_12_08_03_216.jpg,0,1,0,30.18291
/Users/davidfeliperiveraguerra/dev/seneca/cv-project/data/IMG/center_2025_12_03_12_08_03_283.jpg,/Users/davidfeliperiveraguerra/dev/seneca/cv-project/data/IMG/left_2025_12_03_12_08_03_283.jpg,/Users/davidfeliperiveraguerra/dev/seneca/cv-project/data/IMG/right_2025_12_03_12_08_03_283.jpg,0,1,0,30.18857
/Users/davidfeliperiveraguerra/dev/seneca/cv-project/data/IMG/center_2025_12_03_12_08_03_352.jpg,/Users/davidfeliperiveraguerra/dev/seneca/cv-project/data/IMG/left_2025_12_03_12_08_03_352.jpg,/Users/davidfeliperiveraguerra/dev/seneca/cv-project/data/IMG/right_2025_12_03_12_08_03_352.jpg,0,1,0,30.18993
/Users/davidfeliperiveraguerra/dev/seneca/cv-project/data/IMG/center_2025_12_03_12_08_03_423.jpg,/Users/davidfeliperiveraguerra/dev/seneca/cv-project/data/IMG/left_2025_12_03_12_08_03_423.jpg,/Users/davidfeliperiveraguerra/dev/seneca/cv-project/data/IMG/right_2025_12_03_12_08_03_423.jpg,0,1,0,30.19042
/Users/davidfeliperiveraguerra/dev/seneca/cv-project/data/IMG/center_2025_12_03_12_08_03_490.jpg,/Users/davidfeliperiveraguerra/dev/seneca/cv-project/data/IMG/left_2025_12_03_12_08_03_490.jpg,/Users/davidfeliperiveraguerra/dev/seneca/cv-project/data/IMG/right_2025_12_03_12_08_03_490.jpg,0,1,0,30.1905
/Users/davidfeliperiveraguerra/dev/seneca/cv-project/data/IMG/center_2025_12_03_12_08_03_558.jpg,/Users/davidfeliperiveraguerra/dev/seneca/cv-project/data/IMG/left_2025_12_03_12_08_03_558.jpg,/Users/davidfeliperiveraguerra/dev/seneca/cv-project/data/IMG/right_2025_12_03_12_08_03_558.jpg,0,1,0,30.19055
/Users/davidfeliperiveraguerra/dev/seneca/cv-project/data/IMG/center_2025_12_03_12_08_03_628.jpg,/Users/davidfeliperiveraguerra/dev/seneca/cv-project/data/IMG/left_2025_12_03_12_08_03_628.jpg,/Users/davidfeliperiveraguerra/dev/seneca/cv-project/data/IMG/right_2025_12_03_12_08_03_628.jpg,0,1,0,30.19018
/Users/davidfeliperiveraguerra/dev/seneca/cv-project/data/IMG/center_2025_12_03_12_08_03_698.jpg,/Users/davidfeliperiveraguerra/dev/seneca/cv-project/data/IMG/left_2025_12_03_12_08_03_698.jpg,/Users/davidfeliperiveraguerra/dev/seneca/cv-project/data/IMG/right_2025_12_03_12_08_03_698.jpg,0,1,0,30.1902
/Users/davidfeliperiveraguerra/dev/seneca/cv-project/data/IMG/center_2025_12_03_12_08_03_765.jpg,/Users/davidfeliperiveraguerra/dev/seneca/cv-project/data/IMG/left_2025_12_03_12_08_03_765.jpg,/Users/davidfeliperiveraguerra/dev/seneca/cv-project/data/IMG/right_2025_12_03_12_08_03_765.jpg,0,1,0,30.19018
/Users/davidfeliperiveraguerra/dev/seneca/cv-project/data/IMG/center_2025_12_03_12_08_03_832.jpg,/Users/davidfeliperiveraguerra/dev/seneca/cv-project/data/IMG/left_2025_12_03_12_08_03_832.jpg,/Users/davidfeliperiveraguerra/dev/seneca/cv-project/data/IMG/right_2025_12_03_12_08_03_832.jpg,0,1,0,30.18962
/Users/davidfeliperiveraguerra/dev/seneca/cv-project/data/IMG/center_2025_12_03_12_08_03_903.jpg,/Users/davidfeliperiveraguerra/dev/seneca/cv-project/data/IMG/left_2025_12_03_12_08_03_903.jpg,/Users/davidfeliperiveraguerra/dev/seneca/cv-project/data/IMG/right_2025_12_03_12_08_03_903.jpg,0,1,0,30.19004
/Users/davidfeliperiveraguerra/dev/seneca/cv-project/data/IMG/center_2025_12_03_12_08_03_970.jpg,/Users/davidfeliperiveraguerra/dev/seneca/cv-project/data/IMG/left_2025_12_03_12_08_03_970.jpg,/Users/davidfeliperiveraguerra/dev/seneca/cv-project/data/IMG/right_2025_12_03_12_08_03_970.jpg,0,1,0,30.19016
/Users/davidfeliperiveraguerra/dev/seneca/cv-project/data/IMG/center_2025_12_03_12_08_04_040.jpg,/Users/davidfeliperiveraguerra/dev/seneca/cv-project/data/IMG/left_2025_12_03_12_08_04_040.jpg,/Users/davidfeliperiveraguerra/dev/seneca/cv-project/data/IMG/right_2025_12_03_12_08_04_040.jpg,0,1,0,30.19016
/Users/davidfeliperiveraguerra/dev/seneca/cv-project/data/IMG/center_2025_12_03_12_08_04_109.jpg,/Users/davidfeliperiveraguerra/dev/seneca/cv-project/data/IMG/left_2025_12_03_12_08_04_109.jpg,/Users/davidfeliperiveraguerra/dev/seneca/cv-project/data/IMG/right_2025_12_03_12_08_04_109.jpg,0,1,0,30.19016
/Users/davidfeliperiveraguerra/dev/seneca/cv-project/data/IMG/center_2025_12_03_12_08_04_177.jpg,/Users/davidfeliperiveraguerra/dev/seneca/cv-project/data/IMG/left_2025_12_03_12_08_04_177.jpg,/Users/davidfeliperiveraguerra/dev/seneca/cv-project/data/IMG/right_2025_12_03_12_08_04_177.jpg,-0.1,1,0,30.18772
/Users/davidfeliperiveraguerra/dev/seneca/cv-project/data/IMG/center_2025_12_03_12_08_04_248.jpg,/Users/davidfeliperiveraguerra/dev/seneca/cv-project/data/IMG/left_2025_12_03_12_08_04_248.jpg,/Users/davidfeliperiveraguerra/dev/seneca/cv-project/data/IMG/right_2025_12_03_12_08_04_248.jpg,0,1,0,30.19084
/Users/davidfeliperiveraguerra/dev/seneca/cv-project/data/IMG/center_2025_12_03_12_08_04_315.jpg,/Users/davidfeliperiveraguerra/dev/seneca/cv-project/data/IMG/left_2025_12_03_12_08_04_315.jpg,/Users/davidfeliperiveraguerra/dev/seneca/cv-project/data/IMG/right_2025_12_03_12_08_04_315.jpg,0,1,0,30.19
/Users/davidfeliperiveraguerra/dev/seneca/cv-project/data/IMG/center_2025_12_03_12_08_04_381.jpg,/Users/davidfeliperiveraguerra/dev/seneca/cv-project/data/IMG/left_2025_12_03_12_08_04_381.jpg,/Users/davidfeliperiveraguerra/dev/seneca/cv-project/data/IMG/right_2025_12_03_12_08_04_381.jpg,0,1,0,30.19021
/Users/davidfeliperiveraguerra/dev/seneca/cv-project/data/IMG/center_2025_12_03_12_08_04_448.jpg,/Users/davidfeliperiveraguerra/dev/seneca/cv-project/data/IMG/left_2025_12_03_12_08_04_448.jpg,/Users/davidfeliperiveraguerra/dev/seneca/cv-project/data/IMG/right_2025_12_03_12_08_04_448.jpg,0,1,0,30.19025
/Users/davidfeliperiveraguerra/dev/seneca/cv-project/data/IMG/center_2025_12_03_12_08_04_515.jpg,/Users/davidfeliperiveraguerra/dev/seneca/cv-project/data/IMG/left_2025_12_03_12_08_04_515.jpg,/Users/davidfeliperiveraguerra/dev/seneca/cv-project/data/IMG/right_2025_12_03_12_08_04_515.jpg,0,1,0,30.19025
/Users/davidfeliperiveraguerra/dev/seneca/cv-project/data/IMG/center_2025_12_03_12_08_04_584.jpg,/Users/davidfeliperiveraguerra/dev/seneca/cv-project/data/IMG/left_2025_12_03_12_08_04_584.jpg,/Users/davidfeliperiveraguerra/dev/seneca/cv-project/data/IMG/right_2025_12_03_12_08_04_584.jpg,0,1,0,30.19022
/Users/davidfeliperiveraguerra/dev/seneca/cv-project/data/IMG/center_2025_12_03_12_08_04_652.jpg,/Users/davidfeliperiveraguerra/dev/seneca/cv-project/data/IMG/left_2025_12_03_12_08_04_652.jpg,/Users/davidfeliperiveraguerra/dev/seneca/cv-project/data/IMG/right_2025_12_03_12_08_04_652.jpg,0,1,0,30.19025
/Users/davidfeliperiveraguerra/dev/seneca/cv-project/data/IMG/center_2025_12_03_12_08_04_723.jpg,/Users/davidfeliperiveraguerra/dev/seneca/cv-project/data/IMG/left_2025_12_03_12_08_04_723.jpg,/Users/davidfeliperiveraguerra/dev/seneca/cv-project/data/IMG/right_2025_12_03_12_08_04_723.jpg,0,1,0,30.1891
/Users/davidfeliperiveraguerra/dev/seneca/cv-project/data/IMG/center_2025_12_03_12_08_04_789.jpg,/Users/davidfeliperiveraguerra/dev/seneca/cv-project/data/IMG/left_2025_12_03_12_08_04_789.jpg,/Users/davidfeliperiveraguerra/dev/seneca/cv-project/data/IMG/right_2025_12_03_12_08_04_789.jpg,-0.15,1,0,30.18417
/Users/davidfeliperiveraguerra/dev/seneca/cv-project/data/IMG/center_2025_12_03_12_08_04_856.jpg,/Users/davidfeliperiveraguerra/dev/seneca/cv-project/data/IMG/left_2025_12_03_12_08_04_856.jpg,/Users/davidfeliperiveraguerra/dev/seneca/cv-project/data/IMG/right_2025_12_03_12_08_04_856.jpg,0,1,0,30.19063
/Users/davidfeliperiveraguerra/dev/seneca/cv-project/data/IMG/center_2025_12_03_12_08_04_923.jpg,/Users/davidfeliperiveraguerra/dev/seneca/cv-project/data/IMG/left_2025_12_03_12_08_04_923.jpg,/Users/davidfeliperiveraguerra/dev/seneca/cv-project/data/IMG/right_2025_12_03_12_08_04_923.jpg,0,1,0,30.19016
/Users/davidfeliperiveraguerra/dev/seneca/cv-project/data/IMG/center_2025_12_03_12_08_04_990.jpg,/Users/davidfeliperiveraguerra/dev/seneca/cv-project/data/IMG/left_2025_12_03_12_08_04_990.jpg,/Users/davidfeliperiveraguerra/dev/seneca/cv-project/data/IMG/right_2025_12_03_12_08_04_990.jpg,0,1,0,30.18967
/Users/davidfeliperiveraguerra/dev/seneca/cv-project/data/IMG/center_2025_12_03_12_08_05_057.jpg,/Users/davidfeliperiveraguerra/dev/seneca/cv-project/data/IMG/left_2025_12_03_12_08_05_057.jpg,/Users/davidfeliperiveraguerra/dev/seneca/cv-project/data/IMG/right_2025_12_03_12_08_05_057.jpg,0,1,0,30.18991
/Users/davidfeliperiveraguerra/dev/seneca/cv-project/data/IMG/center_2025_12_03_12_08_05_126.jpg,/Users/davidfeliperiveraguerra/dev/seneca/cv-project/data/IMG/left_2025_12_03_12_08_05_126.jpg,/Users/davidfeliperiveraguerra/dev/seneca/cv-project/data/IMG/right_2025_12_03_12_08_05_126.jpg,0,1,0,30.19
/Users/davidfeliperiveraguerra/dev/seneca/cv-project/data/IMG/center_2025_12_03_12_08_05_196.jpg,/Users/davidfeliperiveraguerra/dev/seneca/cv-project/data/IMG/left_2025_12_03_12_08_05_196.jpg,/Users/davidfeliperiveraguerra/dev/seneca/cv-project/data/IMG/right_2025_12_03_12_08_05_196.jpg,0,1,0,30.18999
/Users/davidfeliperiveraguerra/dev/seneca/cv-project/data/IMG/center_2025_12_03_12_08_05_267.jpg,/Users/davidfeliperiveraguerra/dev/seneca/cv-project/data/IMG/left_2025_12_03_12_08_05_267.jpg,/Users/davidfeliperiveraguerra/dev/seneca/cv-project/data/IMG/right_2025_12_03_12_08_05_267.jpg,-0.1,1,0,30.18762
/Users/davidfeliperiveraguerra/dev/seneca/cv-project/data/IMG/center_2025_12_03_12_08_05_337.jpg,/Users/davidfeliperiveraguerra/dev/seneca/cv-project/data/IMG/left_2025_12_03_12_08_05_337.jpg,/Users/davidfeliperiveraguerra/dev/seneca/cv-project/data/IMG/right_2025_12_03_12_08_05_337.jpg,-0.25,1,0,30.17501
/Users/davidfeliperiveraguerra/dev/seneca/cv-project/data/IMG/center_2025_12_03_12_08_05_408.jpg,/Users/davidfeliperiveraguerra/dev/seneca/cv-project/data/IMG/left_2025_12_03_12_08_05_408.jpg,/Users/davidfeliperiveraguerra/dev/seneca/cv-project/data/IMG/right_2025_12_03_12_08_05_408.jpg,0,1,0,30.18853
/Users/davidfeliperiveraguerra/dev/seneca/cv-project/data/IMG/center_2025_12_03_12_08_05_478.jpg,/Users/davidfeliperiveraguerra/dev/seneca/cv-project/data/IMG/left_2025_12_03_12_08_05_478.jpg,/Users/davidfeliperiveraguerra/dev/seneca/cv-project/data/IMG/right_2025_12_03_12_08_05_478.jpg,0,1,0,30.18982
/Users/davidfeliperiveraguerra/dev/seneca/cv-project/data/IMG/center_2025_12_03_12_08_05_549.jpg,/Users/davidfeliperiveraguerra/dev/seneca/cv-project/data/IMG/left_2025_12_03_12_08_05_549.jpg,/Users/davidfeliperiveraguerra/dev/seneca/cv-project/data/IMG/right_2025_12_03_12_08_05_549.jpg,0,1,0,30.19006
/Users/davidfeliperiveraguerra/dev/seneca/cv-project/data/IMG/center_2025_12_03_12_08_05_620.jpg,/Users/davidfeliperiveraguerra/dev/seneca/cv-project/data/IMG/left_2025_12_03_12_08_05_620.jpg,/Users/davidfeliperiveraguerra/dev/seneca/cv-project/data/IMG/right_2025_12_03_12_08_05_620.jpg,0,1,0,30.19013
/Users/davidfeliperiveraguerra/dev/seneca/cv-project/data/IMG/center_2025_12_03_12_08_05_690.jpg,/Users/davidfeliperiveraguerra/dev/seneca/cv-project/data/IMG/left_2025_12_03_12_08_05_690.jpg,/Users/davidfeliperiveraguerra/dev/seneca/cv-project/data/IMG/right_2025_12_03_12_08_05_690.jpg,-0.2,1,0,30.18088
/Users/davidfeliperiveraguerra/dev/seneca/cv-project/data/IMG/center_2025_12_03_12_08_05_758.jpg,/Users/davidfeliperiveraguerra/dev/seneca/cv-project/data/IMG/left_2025_12_03_12_08_05_758.jpg,/Users/davidfeliperiveraguerra/dev/seneca/cv-project/data/IMG/right_2025_12_03_12_08_05_758.jpg,-0.35,1,0,30.16464
/Users/davidfeliperiveraguerra/dev/seneca/cv-project/data/IMG/center_2025_12_03_12_08_05_828.jpg,/Users/davidfeliperiveraguerra/dev/seneca/cv-project/data/IMG/left_2025_12_03_12_08_05_828.jpg,/Users/davidfeliperiveraguerra/dev/seneca/cv-project/data/IMG/right_2025_12_03_12_08_05_828.jpg,0,1,0,30.17744
/Users/davidfeliperiveraguerra/dev/seneca/cv-project/data/IMG/center_2025_12_03_12_08_05_899.jpg,/Users/davidfeliperiveraguerra/dev/seneca/cv-project/data/IMG/left_2025_12_03_12_08_05_899.jpg,/Users/davidfeliperiveraguerra/dev/seneca/cv-project/data/IMG/right_2025_12_03_12_08_05_899.jpg,0,1,0,30.18779
/Users/davidfeliperiveraguerra/dev/seneca/cv-project/data/IMG/center_2025_12_03_12_08_05_969.jpg,/Users/davidfeliperiveraguerra/dev/seneca/cv-project/data/IMG/left_2025_12_03_12_08_05_969.jpg,/Users/davidfeliperiveraguerra/dev/seneca/cv-project/data/IMG/right_2025_12_03_12_08_05_969.jpg,0,1,0,30.18966
/Users/davidfeliperiveraguerra/dev/seneca/cv-project/data/IMG/center_2025_12_03_12_08_06_040.jpg,/Users/davidfeliperiveraguerra/dev/seneca/cv-project/data/IMG/left_2025_12_03_12_08_06_040.jpg,/Users/davidfeliperiveraguerra/dev/seneca/cv-project/data/IMG/right_2025_12_03_12_08_06_040.jpg,0,1,0,30.19021
/Users/davidfeliperiveraguerra/dev/seneca/cv-project/data/IMG/center_2025_12_03_12_08_06_106.jpg,/Users/davidfeliperiveraguerra/dev/seneca/cv-project/data/IMG/left_2025_12_03_12_08_06_106.jpg,/Users/davidfeliperiveraguerra/dev/seneca/cv-project/data/IMG/right_2025_12_03_12_08_06_106.jpg,0,1,0,30.18977
/Users/davidfeliperiveraguerra/dev/seneca/cv-project/data/IMG/center_2025_12_03_12_08_06_173.jpg,/Users/davidfeliperiveraguerra/dev/seneca/cv-project/data/IMG/left_2025_12_03_12_08_06_173.jpg,/Users/davidfeliperiveraguerra/dev/seneca/cv-project/data/IMG/right_2025_12_03_12_08_06_173.jpg,-0.15,1,0,30.1853
/Users/davidfeliperiveraguerra/dev/seneca/cv-project/data/IMG/center_2025_12_03_12_08_06_240.jpg,/Users/davidfeliperiveraguerra/dev/seneca/cv-project/data/IMG/left_2025_12_03_12_08_06_240.jpg,/Users/davidfeliperiveraguerra/dev/seneca/cv-project/data/IMG/right_2025_12_03_12_08_06_240.jpg,-0.3,1,0,30.1708
/Users/davidfeliperiveraguerra/dev/seneca/cv-project/data/IMG/center_2025_12_03_12_08_06_306.jpg,/Users/davidfeliperiveraguerra/dev/seneca/cv-project/data/IMG/left_2025_12_03_12_08_06_306.jpg,/Users/davidfeliperiveraguerra/dev/seneca/cv-project/data/IMG/right_2025_12_03_12_08_06_306.jpg,0,1,0,30.18997
/Users/davidfeliperiveraguerra/dev/seneca/cv-project/data/IMG/center_2025_12_03_12_08_06_377.jpg,/Users/davidfeliperiveraguerra/dev/seneca/cv-project/data/IMG/left_2025_12_03_12_08_06_377.jpg,/Users/davidfeliperiveraguerra/dev/seneca/cv-project/data/IMG/right_2025_12_03_12_08_06_377.jpg,0,1,0,30.19027
/Users/davidfeliperiveraguerra/dev/seneca/cv-project/data/IMG/center_2025_12_03_12_08_06_444.jpg,/Users/davidfeliperiveraguerra/dev/seneca/cv-project/data/IMG/left_2025_12_03_12_08_06_444.jpg,/Users/davidfeliperiveraguerra/dev/seneca/cv-project/data/IMG/right_2025_12_03_12_08_06_444.jpg,0,1,0,30.19044
/Users/davidfeliperiveraguerra/dev/seneca/cv-project/data/IMG/center_2025_12_03_12_08_06_512.jpg,/Users/davidfeliperiveraguerra/dev/seneca/cv-project/data/IMG/left_2025_12_03_12_08_06_512.jpg,/Users/davidfeliperiveraguerra/dev/seneca/cv-project/data/IMG/right_2025_12_03_12_08_06_512.jpg,0,1,0,30.19048
/Users/davidfeliperiveraguerra/dev/seneca/cv-project/data/IMG/center_2025_12_03_12_08_06_582.jpg,/Users/davidfeliperiveraguerra/dev/seneca/cv-project/data/IMG/left_2025_12_03_12_08_06_582.jpg,/Users/davidfeliperiveraguerra/dev/seneca/cv-project/data/IMG/right_2025_12_03_12_08_06_582.jpg,0,1,0,30.1905
/Users/davidfeliperiveraguerra/dev/seneca/cv-project/data/IMG/center_2025_12_03_12_08_06_649.jpg,/Users/davidfeliperiveraguerra/dev/seneca/cv-project/data/IMG/left_2025_12_03_12_08_06_649.jpg,/Users/davidfeliperiveraguerra/dev/seneca/cv-project/data/IMG/right_2025_12_03_12_08_06_649.jpg,0,1,0,30.19052
/Users/davidfeliperiveraguerra/dev/seneca/cv-project/data/IMG/center_2025_12_03_12_08_06_715.jpg,/Users/davidfeliperiveraguerra/dev/seneca/cv-project/data/IMG/left_2025_12_03_12_08_06_715.jpg,/Users/davidfeliperiveraguerra/dev/seneca/cv-project/data/IMG/right_2025_12_03_12_08_06_715.jpg,0,1,0,30.19051
/Users/davidfeliperiveraguerra/dev/seneca/cv-project/data/IMG/center_2025_12_03_12_08_06_782.jpg,/Users/davidfeliperiveraguerra/dev/seneca/cv-project/data/IMG/left_2025_12_03_12_08_06_782.jpg,/Users/davidfeliperiveraguerra/dev/seneca/cv-project/data/IMG/right_2025_12_03_12_08_06_782.jpg,0,1,0,30.19053
/Users/davidfeliperiveraguerra/dev/seneca/cv-project/data/IMG/center_2025_12_03_12_08_06_852.jpg,/Users/davidfeliperiveraguerra/dev/seneca/cv-project/data/IMG/left_2025_12_03_12_08_06_852.jpg,/Users/davidfeliperiveraguerra/dev/seneca/cv-project/data/IMG/right_2025_12_03_12_08_06_852.jpg,0,1,0,30.19052
/Users/davidfeliperiveraguerra/dev/seneca/cv-project/data/IMG/center_2025_12_03_12_08_06_919.jpg,/Users/davidfeliperiveraguerra/dev/seneca/cv-project/data/IMG/left_2025_12_03_12_08_06_919.jpg,/Users/davidfeliperiveraguerra/dev/seneca/cv-project/data/IMG/right_2025_12_03_12_08_06_919.jpg,0,1,0,30.19052
/Users/davidfeliperiveraguerra/dev/seneca/cv-project/data/IMG/center_2025_12_03_12_08_06_986.jpg,/Users/davidfeliperiveraguerra/dev/seneca/cv-project/data/IMG/left_2025_12_03_12_08_06_986.jpg,/Users/davidfeliperiveraguerra/dev/seneca/cv-project/data/IMG/right_2025_12_03_12_08_06_986.jpg,0,1,0,30.19051
/Users/davidfeliperiveraguerra/dev/seneca/cv-project/data/IMG/center_2025_12_03_12_08_07_053.jpg,/Users/davidfeliperiveraguerra/dev/seneca/cv-project/data/IMG/left_2025_12_03_12_08_07_053.jpg,/Users/davidfeliperiveraguerra/dev/seneca/cv-project/data/IMG/right_2025_12_03_12_08_07_053.jpg,0,1,0,30.19053
/Users/davidfeliperiveraguerra/dev/seneca/cv-project/data/IMG/center_2025_12_03_12_08_07_122.jpg,/Users/davidfeliperiveraguerra/dev/seneca/cv-project/data/IMG/left_2025_12_03_12_08_07_122.jpg,/Users/davidfeliperiveraguerra/dev/seneca/cv-project/data/IMG/right_2025_12_03_12_08_07_122.jpg,0,1,0,30.18965
/Users/davidfeliperiveraguerra/dev/seneca/cv-project/data/IMG/center_2025_12_03_12_08_07_190.jpg,/Users/davidfeliperiveraguerra/dev/seneca/cv-project/data/IMG/left_2025_12_03_12_08_07_190.jpg,/Users/davidfeliperiveraguerra/dev/seneca/cv-project/data/IMG/right_2025_12_03_12_08_07_190.jpg,0,1,0,30.19028
/Users/davidfeliperiveraguerra/dev/seneca/cv-project/data/IMG/center_2025_12_03_12_08_07_257.jpg,/Users/davidfeliperiveraguerra/dev/seneca/cv-project/data/IMG/left_2025_12_03_12_08_07_257.jpg,/Users/davidfeliperiveraguerra/dev/seneca/cv-project/data/IMG/right_2025_12_03_12_08_07_257.jpg,0,1,0,30.19033
/Users/davidfeliperiveraguerra/dev/seneca/cv-project/data/IMG/center_2025_12_03_12_08_07_327.jpg,/Users/davidfeliperiveraguerra/dev/seneca/cv-project/data/IMG/left_2025_12_03_12_08_07_327.jpg,/Users/davidfeliperiveraguerra/dev/seneca/cv-project/data/IMG/right_2025_12_03_12_08_07_327.jpg,0,1,0,30.1908
/Users/davidfeliperiveraguerra/dev/seneca/cv-project/data/IMG/center_2025_12_03_12_08_07_396.jpg,/Users/davidfeliperiveraguerra/dev/seneca/cv-project/data/IMG/left_2025_12_03_12_08_07_396.jpg,/Users/davidfeliperiveraguerra/dev/seneca/cv-project/data/IMG/right_2025_12_03_12_08_07_396.jpg,0,1,0,30.19005
/Users/davidfeliperiveraguerra/dev/seneca/cv-project/data/IMG/center_2025_12_03_12_08_07_466.jpg,/Users/davidfeliperiveraguerra/dev/seneca/cv-project/data/IMG/left_2025_12_03_12_08_07_466.jpg,/Users/davidfeliperiveraguerra/dev/seneca/cv-project/data/IMG/right_2025_12_03_12_08_07_466.jpg,0,1,0,30.19022
/Users/davidfeliperiveraguerra/dev/seneca/cv-project/data/IMG/center_2025_12_03_12_08_07_534.jpg,/Users/davidfeliperiveraguerra/dev/seneca/cv-project/data/IMG/left_2025_12_03_12_08_07_534.jpg,/Users/davidfeliperiveraguerra/dev/seneca/cv-project/data/IMG/right_2025_12_03_12_08_07_534.jpg,0,1,0,30.19027
/Users/davidfeliperiveraguerra/dev/seneca/cv-project/data/IMG/center_2025_12_03_12_08_07_604.jpg,/Users/davidfeliperiveraguerra/dev/seneca/cv-project/data/IMG/left_2025_12_03_12_08_07_604.jpg,/Users/davidfeliperiveraguerra/dev/seneca/cv-project/data/IMG/right_2025_12_03_12_08_07_604.jpg,0,1,0,30.19026
/Users/davidfeliperiveraguerra/dev/seneca/cv-project/data/IMG/center_2025_12_03_12_08_07_673.jpg,/Users/davidfeliperiveraguerra/dev/seneca/cv-project/data/IMG/left_2025_12_03_12_08_07_673.jpg,/Users/davidfeliperiveraguerra/dev/seneca/cv-project/data/IMG/right_2025_12_03_12_08_07_673.jpg,0,1,0,30.19024
/Users/davidfeliperiveraguerra/dev/seneca/cv-project/data/IMG/center_2025_12_03_12_08_07_743.jpg,/Users/davidfeliperiveraguerra/dev/seneca/cv-project/data/IMG/left_2025_12_03_12_08_07_743.jpg,/Users/davidfeliperiveraguerra/dev/seneca/cv-project/data/IMG/right_2025_12_03_12_08_07_743.jpg,0,1,0,30.19027
/Users/davidfeliperiveraguerra/dev/seneca/cv-project/data/IMG/center_2025_12_03_12_08_07_813.jpg,/Users/davidfeliperiveraguerra/dev/seneca/cv-project/data/IMG/left_2025_12_03_12_08_07_813.jpg,/Users/davidfeliperiveraguerra/dev/seneca/cv-project/data/IMG/right_2025_12_03_12_08_07_813.jpg,0,1,0,30.19026
/Users/davidfeliperiveraguerra/dev/seneca/cv-project/data/IMG/center_2025_12_03_12_08_07_883.jpg,/Users/davidfeliperiveraguerra/dev/seneca/cv-project/data/IMG/left_2025_12_03_12_08_07_883.jpg,/Users/davidfeliperiveraguerra/dev/seneca/cv-project/data/IMG/right_2025_12_03_12_08_07_883.jpg,0,1,0,30.19025
/Users/davidfeliperiveraguerra/dev/seneca/cv-project/data/IMG/center_2025_12_03_12_08_07_949.jpg,/Users/davidfeliperiveraguerra/dev/seneca/cv-project/data/IMG/left_2025_12_03_12_08_07_949.jpg,/Users/davidfeliperiveraguerra/dev/seneca/cv-project/data/IMG/right_2025_12_03_12_08_07_949.jpg,0,1,0,30.19025
/Users/davidfeliperiveraguerra/dev/seneca/cv-project/data/IMG/center_2025_12_03_12_08_08_019.jpg,/Users/davidfeliperiveraguerra/dev/seneca/cv-project/data/IMG/left_2025_12_03_12_08_08_019.jpg,/Users/davidfeliperiveraguerra/dev/seneca/cv-project/data/IMG/right_2025_12_03_12_08_08_019.jpg,0,1,0,30.19026
/Users/davidfeliperiveraguerra/dev/seneca/cv-project/data/IMG/center_2025_12_03_12_08_08_087.jpg,/Users/davidfeliperiveraguerra/dev/seneca/cv-project/data/IMG/left_2025_12_03_12_08_08_087.jpg,/Users/davidfeliperiveraguerra/dev/seneca/cv-project/data/IMG/right_2025_12_03_12_08_08_087.jpg,0,1,0,30.19025
/Users/davidfeliperiveraguerra/dev/seneca/cv-project/data/IMG/center_2025_12_03_12_08_08_157.jpg,/Users/davidfeliperiveraguerra/dev/seneca/cv-project/data/IMG/left_2025_12_03_12_08_08_157.jpg,/Users/davidfeliperiveraguerra/dev/seneca/cv-project/data/IMG/right_2025_12_03_12_08_08_157.jpg,-0.05,1,0,30.18976
/Users/davidfeliperiveraguerra/dev/seneca/cv-project/data/IMG/center_2025_12_03_12_08_08_227.jpg,/Users/davidfeliperiveraguerra/dev/seneca/cv-project/data/IMG/left_2025_12_03_12_08_08_227.jpg,/Users/davidfeliperiveraguerra/dev/seneca/cv-project/data/IMG/right_2025_12_03_12_08_08_227.jpg,-0.25,1,0,30.17517
/Users/davidfeliperiveraguerra/dev/seneca/cv-project/data/IMG/center_2025_12_03_12_08_08_297.jpg,/Users/davidfeliperiveraguerra/dev/seneca/cv-project/data/IMG/left_2025_12_03_12_08_08_297.jpg,/Users/davidfeliperiveraguerra/dev/seneca/cv-project/data/IMG/right_2025_12_03_12_08_08_297.jpg,0,1,0,30.19052
/Users/davidfeliperiveraguerra/dev/seneca/cv-project/data/IMG/center_2025_12_03_12_08_08_366.jpg,/Users/davidfeliperiveraguerra/dev/seneca/cv-project/data/IMG/left_2025_12_03_12_08_08_366.jpg,/Users/davidfeliperiveraguerra/dev/seneca/cv-project/data/IMG/right_2025_12_03_12_08_08_366.jpg,0,1,0,30.19061
/Users/davidfeliperiveraguerra/dev/seneca/cv-project/data/IMG/center_2025_12_03_12_08_08_433.jpg,/Users/davidfeliperiveraguerra/dev/seneca/cv-project/data/IMG/left_2025_12_03_12_08_08_433.jpg,/Users/davidfeliperiveraguerra/dev/seneca/cv-project/data/IMG/right_2025_12_03_12_08_08_433.jpg,0,1,0,30.19003
/Users/davidfeliperiveraguerra/dev/seneca/cv-project/data/IMG/center_2025_12_03_12_08_08_500.jpg,/Users/davidfeliperiveraguerra/dev/seneca/cv-project/data/IMG/left_2025_12_03_12_08_08_500.jpg,/Users/davidfeliperiveraguerra/dev/seneca/cv-project/data/IMG/right_2025_12_03_12_08_08_500.jpg,0,1,0,30.19017
/Users/davidfeliperiveraguerra/dev/seneca/cv-project/data/IMG/center_2025_12_03_12_08_08_569.jpg,/Users/davidfeliperiveraguerra/dev/seneca/cv-project/data/IMG/left_2025_12_03_12_08_08_569.jpg,/Users/davidfeliperiveraguerra/dev/seneca/cv-project/data/IMG/right_2025_12_03_12_08_08_569.jpg,0,1,0,30.19028
/Users/davidfeliperiveraguerra/dev/seneca/cv-project/data/IMG/center_2025_12_03_12_08_08_636.jpg,/Users/davidfeliperiveraguerra/dev/seneca/cv-project/data/IMG/left_2025_12_03_12_08_08_636.jpg,/Users/davidfeliperiveraguerra/dev/seneca/cv-project/data/IMG/right_2025_12_03_12_08_08_636.jpg,0,1,0,30.1899
/Users/davidfeliperiveraguerra/dev/seneca/cv-project/data/IMG/center_2025_12_03_12_08_08_703.jpg,/Users/davidfeliperiveraguerra/dev/seneca/cv-project/data/IMG/left_2025_12_03_12_08_08_703.jpg,/Users/davidfeliperiveraguerra/dev/seneca/cv-project/data/IMG/right_2025_12_03_12_08_08_703.jpg,0,1,0,30.19014
/Users/davidfeliperiveraguerra/dev/seneca/cv-project/data/IMG/center_2025_12_03_12_08_08_769.jpg,/Users/davidfeliperiveraguerra/dev/seneca/cv-project/data/IMG/left_2025_12_03_12_08_08_769.jpg,/Users/davidfeliperiveraguerra/dev/seneca/cv-project/data/IMG/right_2025_12_03_12_08_08_769.jpg,0,1,0,30.19018
/Users/davidfeliperiveraguerra/dev/seneca/cv-project/data/IMG/center_2025_12_03_12_08_08_839.jpg,/Users/davidfeliperiveraguerra/dev/seneca/cv-project/data/IMG/left_2025_12_03_12_08_08_839.jpg,/Users/davidfeliperiveraguerra/dev/seneca/cv-project/data/IMG/right_2025_12_03_12_08_08_839.jpg,0,1,0,30.1902
/Users/davidfeliperiveraguerra/dev/seneca/cv-project/data/IMG/center_2025_12_03_12_08_08_906.jpg,/Users/davidfeliperiveraguerra/dev/seneca/cv-project/data/IMG/left_2025_12_03_12_08_08_906.jpg,/Users/davidfeliperiveraguerra/dev/seneca/cv-project/data/IMG/right_2025_12_03_12_08_08_906.jpg,0,1,0,30.1902
/Users/davidfeliperiveraguerra/dev/seneca/cv-project/data/IMG/center_2025_12_03_12_08_08_973.jpg,/Users/davidfeliperiveraguerra/dev/seneca/cv-project/data/IMG/left_2025_12_03_12_08_08_973.jpg,/Users/davidfeliperiveraguerra/dev/seneca/cv-project/data/IMG/right_2025_12_03_12_08_08_973.jpg,0,1,0,30.19021
/Users/davidfeliperiveraguerra/dev/seneca/cv-project/data/IMG/center_2025_12_03_12_08_09_040.jpg,/Users/davidfeliperiveraguerra/dev/seneca/cv-project/data/IMG/left_2025_12_03_12_08_09_040.jpg,/Users/davidfeliperiveraguerra/dev/seneca/cv-project/data/IMG/right_2025_12_03_12_08_09_040.jpg,0,1,0,30.19021
/Users/davidfeliperiveraguerra/dev/seneca/cv-project/data/IMG/center_2025_12_03_12_08_09_109.jpg,/Users/davidfeliperiveraguerra/dev/seneca/cv-project/data/IMG/left_2025_12_03_12_08_09_109.jpg,/Users/davidfeliperiveraguerra/dev/seneca/cv-project/data/IMG/right_2025_12_03_12_08_09_109.jpg,0,1,0,30.1902
/Users/davidfeliperiveraguerra/dev/seneca/cv-project/data/IMG/center_2025_12_03_12_08_09_176.jpg,/Users/davidfeliperiveraguerra/dev/seneca/cv-project/data/IMG/left_2025_12_03_12_08_09_176.jpg,/Users/davidfeliperiveraguerra/dev/seneca/cv-project/data/IMG/right_2025_12_03_12_08_09_176.jpg,0,1,0,30.1902
/Users/davidfeliperiveraguerra/dev/seneca/cv-project/data/IMG/center_2025_12_03_12_08_09_246.jpg,/Users/davidfeliperiveraguerra/dev/seneca/cv-project/data/IMG/left_2025_12_03_12_08_09_246.jpg,/Users/davidfeliperiveraguerra/dev/seneca/cv-project/data/IMG/right_2025_12_03_12_08_09_246.jpg,0,1,0,30.19019
/Users/davidfeliperiveraguerra/dev/seneca/cv-project/data/IMG/center_2025_12_03_12_08_09_316.jpg,/Users/davidfeliperiveraguerra/dev/seneca/cv-project/data/IMG/left_2025_12_03_12_08_09_316.jpg,/Users/davidfeliperiveraguerra/dev/seneca/cv-project/data/IMG/right_2025_12_03_12_08_09_316.jpg,0,1,0,30.19017
/Users/davidfeliperiveraguerra/dev/seneca/cv-project/data/IMG/center_2025_12_03_12_08_09_386.jpg,/Users/davidfeliperiveraguerra/dev/seneca/cv-project/data/IMG/left_2025_12_03_12_08_09_386.jpg,/Users/davidfeliperiveraguerra/dev/seneca/cv-project/data/IMG/right_2025_12_03_12_08_09_386.jpg,0,1,0,30.19022
/Users/davidfeliperiveraguerra/dev/seneca/cv-project/data/IMG/center_2025_12_03_12_08_09_456.jpg,/Users/davidfeliperiveraguerra/dev/seneca/cv-project/data/IMG/left_2025_12_03_12_08_09_456.jpg,/Users/davidfeliperiveraguerra/dev/seneca/cv-project/data/IMG/right_2025_12_03_12_08_09_456.jpg,0,1,0,30.1902
/Users/davidfeliperiveraguerra/dev/seneca/cv-project/data/IMG/center_2025_12_03_12_08_09_523.jpg,/Users/davidfeliperiveraguerra/dev/seneca/cv-project/data/IMG/left_2025_12_03_12_08_09_523.jpg,/Users/davidfeliperiveraguerra/dev/seneca/cv-project/data/IMG/right_2025_12_03_12_08_09_523.jpg,0,1,0,30.19021
/Users/davidfeliperiveraguerra/dev/seneca/cv-project/data/IMG/center_2025_12_03_12_08_09_590.jpg,/Users/davidfeliperiveraguerra/dev/seneca/cv-project/data/IMG/left_2025_12_03_12_08_09_590.jpg,/Users/davidfeliperiveraguerra/dev/seneca/cv-project/data/IMG/right_2025_12_03_12_08_09_590.jpg,0,1,0,30.19019
/Users/davidfeliperiveraguerra/dev/seneca/cv-project/data/IMG/center_2025_12_03_12_08_09_659.jpg,/Users/davidfeliperiveraguerra/dev/seneca/cv-project/data/IMG/left_2025_12_03_12_08_09_659.jpg,/Users/davidfeliperiveraguerra/dev/seneca/cv-project/data/IMG/right_2025_12_03_12_08_09_659.jpg,0,1,0,30.1902
/Users/davidfeliperiveraguerra/dev/seneca/cv-project/data/IMG/center_2025_12_03_12_08_09_726.jpg,/Users/davidfeliperiveraguerra/dev/seneca/cv-project/data/IMG/left_2025_12_03_12_08_09_726.jpg,/Users/davidfeliperiveraguerra/dev/seneca/cv-project/data/IMG/right_2025_12_03_12_08_09_726.jpg,0,1,0,30.19002
/Users/davidfeliperiveraguerra/dev/seneca/cv-project/data/IMG/center_2025_12_03_12_08_09_793.jpg,/Users/davidfeliperiveraguerra/dev/seneca/cv-project/data/IMG/left_2025_12_03_12_08_09_793.jpg,/Users/davidfeliperiveraguerra/dev/seneca/cv-project/data/IMG/right_2025_12_03_12_08_09_793.jpg,0,1,0,30.18999
/Users/davidfeliperiveraguerra/dev/seneca/cv-project/data/IMG/center_2025_12_03_12_08_09_863.jpg,/Users/davidfeliperiveraguerra/dev/seneca/cv-project/data/IMG/left_2025_12_03_12_08_09_863.jpg,/Users/davidfeliperiveraguerra/dev/seneca/cv-project/data/IMG/right_2025_12_03_12_08_09_863.jpg,0,1,0,30.19008
/Users/davidfeliperiveraguerra/dev/seneca/cv-project/data/IMG/center_2025_12_03_12_08_09_930.jpg,/Users/davidfeliperiveraguerra/dev/seneca/cv-project/data/IMG/left_2025_12_03_12_08_09_930.jpg,/Users/davidfeliperiveraguerra/dev/seneca/cv-project/data/IMG/right_2025_12_03_12_08_09_930.jpg,0,1,0,30.18954
/Users/davidfeliperiveraguerra/dev/seneca/cv-project/data/IMG/center_2025_12_03_12_08_10_000.jpg,/Users/davidfeliperiveraguerra/dev/seneca/cv-project/data/IMG/left_2025_12_03_12_08_10_000.jpg,/Users/davidfeliperiveraguerra/dev/seneca/cv-project/data/IMG/right_2025_12_03_12_08_10_000.jpg,0,1,0,30.19131
/Users/davidfeliperiveraguerra/dev/seneca/cv-project/data/IMG/center_2025_12_03_12_08_10_068.jpg,/Users/davidfeliperiveraguerra/dev/seneca/cv-project/data/IMG/left_2025_12_03_12_08_10_068.jpg,/Users/davidfeliperiveraguerra/dev/seneca/cv-project/data/IMG/right_2025_12_03_12_08_10_068.jpg,0,1,0,30.18958
/Users/davidfeliperiveraguerra/dev/seneca/cv-project/data/IMG/center_2025_12_03_12_08_10_137.jpg,/Users/davidfeliperiveraguerra/dev/seneca/cv-project/data/IMG/left_2025_12_03_12_08_10_137.jpg,/Users/davidfeliperiveraguerra/dev/seneca/cv-project/data/IMG/right_2025_12_03_12_08_10_137.jpg,0,1,0,30.18963
/Users/davidfeliperiveraguerra/dev/seneca/cv-project/data/IMG/center_2025_12_03_12_08_10_206.jpg,/Users/davidfeliperiveraguerra/dev/seneca/cv-project/data/IMG/left_2025_12_03_12_08_10_206.jpg,/Users/davidfeliperiveraguerra/dev/seneca/cv-project/data/IMG/right_2025_12_03_12_08_10_206.jpg,0,1,0,30.191
/Users/davidfeliperiveraguerra/dev/seneca/cv-project/data/IMG/center_2025_12_03_12_08_10_273.jpg,/Users/davidfeliperiveraguerra/dev/seneca/cv-project/data/IMG/left_2025_12_03_12_08_10_273.jpg,/Users/davidfeliperiveraguerra/dev/seneca/cv-project/data/IMG/right_2025_12_03_12_08_10_273.jpg,0,1,0,30.18925
/Users/davidfeliperiveraguerra/dev/seneca/cv-project/data/IMG/center_2025_12_03_12_08_10_343.jpg,/Users/davidfeliperiveraguerra/dev/seneca/cv-project/data/IMG/left_2025_12_03_12_08_10_343.jpg,/Users/davidfeliperiveraguerra/dev/seneca/cv-project/data/IMG/right_2025_12_03_12_08_10_343.jpg,0,1,0,30.18919
/Users/davidfeliperiveraguerra/dev/seneca/cv-project/data/IMG/center_2025_12_03_12_08_10_410.jpg,/Users/davidfeliperiveraguerra/dev/seneca/cv-project/data/IMG/left_2025_12_03_12_08_10_410.jpg,/Users/davidfeliperiveraguerra/dev/seneca/cv-project/data/IMG/right_2025_12_03_12_08_10_410.jpg,0,1,0,30.1894
/Users/davidfeliperiveraguerra/dev/seneca/cv-project/data/IMG/center_2025_12_03_12_08_10_477.jpg,/Users/davidfeliperiveraguerra/dev/seneca/cv-project/data/IMG/left_2025_12_03_12_08_10_477.jpg,/Users/davidfeliperiveraguerra/dev/seneca/cv-project/data/IMG/right_2025_12_03_12_08_10_477.jpg,0,1,0,30.18947
/Users/davidfeliperiveraguerra/dev/seneca/cv-project/data/IMG/center_2025_12_03_12_08_10_545.jpg,/Users/davidfeliperiveraguerra/dev/seneca/cv-project/data/IMG/left_2025_12_03_12_08_10_545.jpg,/Users/davidfeliperiveraguerra/dev/seneca/cv-project/data/IMG/right_2025_12_03_12_08_10_545.jpg,0,1,0,30.19016
/Users/davidfeliperiveraguerra/dev/seneca/cv-project/data/IMG/center_2025_12_03_12_08_10_612.jpg,/Users/davidfeliperiveraguerra/dev/seneca/cv-project/data/IMG/left_2025_12_03_12_08_10_612.jpg,/Users/davidfeliperiveraguerra/dev/seneca/cv-project/data/IMG/right_2025_12_03_12_08_10_612.jpg,-0.05,1,0,30.18887
/Users/davidfeliperiveraguerra/dev/seneca/cv-project/data/IMG/center_2025_12_03_12_08_10_684.jpg,/Users/davidfeliperiveraguerra/dev/seneca/cv-project/data/IMG/left_2025_12_03_12_08_10_684.jpg,/Users/davidfeliperiveraguerra/dev/seneca/cv-project/data/IMG/right_2025_12_03_12_08_10_684.jpg,-0.25,1,0,30.1751
/Users/davidfeliperiveraguerra/dev/seneca/cv-project/data/IMG/center_2025_12_03_12_08_10_750.jpg,/Users/davidfeliperiveraguerra/dev/seneca/cv-project/data/IMG/left_2025_12_03_12_08_10_750.jpg,/Users/davidfeliperiveraguerra/dev/seneca/cv-project/data/IMG/right_2025_12_03_12_08_10_750.jpg,-0.4,1,0,30.15858
/Users/davidfeliperiveraguerra/dev/seneca/cv-project/data/IMG/center_2025_12_03_12_08_10_820.jpg,/Users/davidfeliperiveraguerra/dev/seneca/cv-project/data/IMG/left_2025_12_03_12_08_10_820.jpg,/Users/davidfeliperiveraguerra/dev/seneca/cv-project/data/IMG/right_2025_12_03_12_08_10_820.jpg,-0.5500001,1,0,30.1411
/Users/davidfeliperiveraguerra/dev/seneca/cv-project/data/IMG/center_2025_12_03_12_08_10_887.jpg,/Users/davidfeliperiveraguerra/dev/seneca/cv-project/data/IMG/left_2025_12_03_12_08_10_887.jpg,/Users/davidfeliperiveraguerra/dev/seneca/cv-project/data/IMG/right_2025_12_03_12_08_10_887.jpg,0,1,0,30.17625
/Users/davidfeliperiveraguerra/dev/seneca/cv-project/data/IMG/center_2025_12_03_12_08_10_957.jpg,/Users/davidfeliperiveraguerra/dev/seneca/cv-project/data/IMG/left_2025_12_03_12_08_10_957.jpg,/Users/davidfeliperiveraguerra/dev/seneca/cv-project/data/IMG/right_2025_12_03_12_08_10_957.jpg,0,1,0,30.18648
/Users/davidfeliperiveraguerra/dev/seneca/cv-project/data/IMG/center_2025_12_03_12_08_11_027.jpg,/Users/davidfeliperiveraguerra/dev/seneca/cv-project/data/IMG/left_2025_12_03_12_08_11_027.jpg,/Users/davidfeliperiveraguerra/dev/seneca/cv-project/data/IMG/right_2025_12_03_12_08_11_027.jpg,0,1,0,30.19152
/Users/davidfeliperiveraguerra/dev/seneca/cv-project/data/IMG/center_2025_12_03_12_08_11_095.jpg,/Users/davidfeliperiveraguerra/dev/seneca/cv-project/data/IMG/left_2025_12_03_12_08_11_095.jpg,/Users/davidfeliperiveraguerra/dev/seneca/cv-project/data/IMG/right_2025_12_03_12_08_11_095.jpg,0,1,0,30.19119
/Users/davidfeliperiveraguerra/dev/seneca/cv-project/data/IMG/center_2025_12_03_12_08_11_164.jpg,/Users/davidfeliperiveraguerra/dev/seneca/cv-project/data/IMG/left_2025_12_03_12_08_11_164.jpg,/Users/davidfeliperiveraguerra/dev/seneca/cv-project/data/IMG/right_2025_12_03_12_08_11_164.jpg,0,1,0,30.19089
/Users/davidfeliperiveraguerra/dev/seneca/cv-project/data/IMG/center_2025_12_03_12_08_11_231.jpg,/Users/davidfeliperiveraguerra/dev/seneca/cv-project/data/IMG/left_2025_12_03_12_08_11_231.jpg,/Users/davidfeliperiveraguerra/dev/seneca/cv-project/data/IMG/right_2025_12_03_12_08_11_231.jpg,0,1,0,30.1911
/Users/davidfeliperiveraguerra/dev/seneca/cv-project/data/IMG/center_2025_12_03_12_08_11_301.jpg,/Users/davidfeliperiveraguerra/dev/seneca/cv-project/data/IMG/left_2025_12_03_12_08_11_301.jpg,/Users/davidfeliperiveraguerra/dev/seneca/cv-project/data/IMG/right_2025_12_03_12_08_11_301.jpg,0,1,0,30.19013
/Users/davidfeliperiveraguerra/dev/seneca/cv-project/data/IMG/center_2025_12_03_12_08_11_368.jpg,/Users/davidfeliperiveraguerra/dev/seneca/cv-project/data/IMG/left_2025_12_03_12_08_11_368.jpg,/Users/davidfeliperiveraguerra/dev/seneca/cv-project/data/IMG/right_2025_12_03_12_08_11_368.jpg,0,1,0,30.19065
/Users/davidfeliperiveraguerra/dev/seneca/cv-project/data/IMG/center_2025_12_03_12_08_11_438.jpg,/Users/davidfeliperiveraguerra/dev/seneca/cv-project/data/IMG/left_2025_12_03_12_08_11_438.jpg,/Users/davidfeliperiveraguerra/dev/seneca/cv-project/data/IMG/right_2025_12_03_12_08_11_438.jpg,0,1,0,30.19089
/Users/davidfeliperiveraguerra/dev/seneca/cv-project/data/IMG/center_2025_12_03_12_08_11_506.jpg,/Users/davidfeliperiveraguerra/dev/seneca/cv-project/data/IMG/left_2025_12_03_12_08_11_506.jpg,/Users/davidfeliperiveraguerra/dev/seneca/cv-project/data/IMG/right_2025_12_03_12_08_11_506.jpg,0,1,0,30.19181
/Users/davidfeliperiveraguerra/dev/seneca/cv-project/data/IMG/center_2025_12_03_12_08_11_577.jpg,/Users/davidfeliperiveraguerra/dev/seneca/cv-project/data/IMG/left_2025_12_03_12_08_11_577.jpg,/Users/davidfeliperiveraguerra/dev/seneca/cv-project/data/IMG/right_2025_12_03_12_08_11_577.jpg,0,1,0,30.19058
/Users/davidfeliperiveraguerra/dev/seneca/cv-project/data/IMG/center_2025_12_03_12_08_11_646.jpg,/Users/davidfeliperiveraguerra/dev/seneca/cv-project/data/IMG/left_2025_12_03_12_08_11_646.jpg,/Users/davidfeliperiveraguerra/dev/seneca/cv-project/data/IMG/right_2025_12_03_12_08_11_646.jpg,0,1,0,30.19064
/Users/davidfeliperiveraguerra/dev/seneca/cv-project/data/IMG/center_2025_12_03_12_08_11_717.jpg,/Users/davidfeliperiveraguerra/dev/seneca/cv-project/data/IMG/left_2025_12_03_12_08_11_717.jpg,/Users/davidfeliperiveraguerra/dev/seneca/cv-project/data/IMG/right_2025_12_03_12_08_11_717.jpg,0,1,0,30.19105
/Users/davidfeliperiveraguerra/dev/seneca/cv-project/data/IMG/center_2025_12_03_12_08_11_785.jpg,/Users/davidfeliperiveraguerra/dev/seneca/cv-project/data/IMG/left_2025_12_03_12_08_11_785.jpg,/Users/davidfeliperiveraguerra/dev/seneca/cv-project/data/IMG/right_2025_12_03_12_08_11_785.jpg,0,1,0,30.1903
/Users/davidfeliperiveraguerra/dev/seneca/cv-project/data/IMG/center_2025_12_03_12_08_11_852.jpg,/Users/davidfeliperiveraguerra/dev/seneca/cv-project/data/IMG/left_2025_12_03_12_08_11_852.jpg,/Users/davidfeliperiveraguerra/dev/seneca/cv-project/data/IMG/right_2025_12_03_12_08_11_852.jpg,0,1,0,30.19047
/Users/davidfeliperiveraguerra/dev/seneca/cv-project/data/IMG/center_2025_12_03_12_08_11_920.jpg,/Users/davidfeliperiveraguerra/dev/seneca/cv-project/data/IMG/left_2025_12_03_12_08_11_920.jpg,/Users/davidfeliperiveraguerra/dev/seneca/cv-project/data/IMG/right_2025_12_03_12_08_11_920.jpg,0,1,0,30.19055
/Users/davidfeliperiveraguerra/dev/seneca/cv-project/data/IMG/center_2025_12_03_12_08_11_987.jpg,/Users/davidfeliperiveraguerra/dev/seneca/cv-project/data/IMG/left_2025_12_03_12_08_11_987.jpg,/Users/davidfeliperiveraguerra/dev/seneca/cv-project/data/IMG/right_2025_12_03_12_08_11_987.jpg,0,1,0,30.19057
/Users/davidfeliperiveraguerra/dev/seneca/cv-project/data/IMG/center_2025_12_03_12_08_12_057.jpg,/Users/davidfeliperiveraguerra/dev/seneca/cv-project/data/IMG/left_2025_12_03_12_08_12_057.jpg,/Users/davidfeliperiveraguerra/dev/seneca/cv-project/data/IMG/right_2025_12_03_12_08_12_057.jpg,0,1,0,30.19055
/Users/davidfeliperiveraguerra/dev/seneca/cv-project/data/IMG/center_2025_12_03_12_08_12_126.jpg,/Users/davidfeliperiveraguerra/dev/seneca/cv-project/data/IMG/left_2025_12_03_12_08_12_126.jpg,/Users/davidfeliperiveraguerra/dev/seneca/cv-project/data/IMG/right_2025_12_03_12_08_12_126.jpg,0,1,0,30.19057
/Users/davidfeliperiveraguerra/dev/seneca/cv-project/data/IMG/center_2025_12_03_12_08_12_193.jpg,/Users/davidfeliperiveraguerra/dev/seneca/cv-project/data/IMG/left_2025_12_03_12_08_12_193.jpg,/Users/davidfeliperiveraguerra/dev/seneca/cv-project/data/IMG/right_2025_12_03_12_08_12_193.jpg,0,1,0,30.19055
/Users/davidfeliperiveraguerra/dev/seneca/cv-project/data/IMG/center_2025_12_03_12_08_12_263.jpg,/Users/davidfeliperiveraguerra/dev/seneca/cv-project/data/IMG/left_2025_12_03_12_08_12_263.jpg,/Users/davidfeliperiveraguerra/dev/seneca/cv-project/data/IMG/right_2025_12_03_12_08_12_263.jpg,0,1,0,30.19056
/Users/davidfeliperiveraguerra/dev/seneca/cv-project/data/IMG/center_2025_12_03_12_08_12_334.jpg,/Users/davidfeliperiveraguerra/dev/seneca/cv-project/data/IMG/left_2025_12_03_12_08_12_334.jpg,/Users/davidfeliperiveraguerra/dev/seneca/cv-project/data/IMG/right_2025_12_03_12_08_12_334.jpg,0,1,0,30.19055
/Users/davidfeliperiveraguerra/dev/seneca/cv-project/data/IMG/center_2025_12_03_12_08_12_404.jpg,/Users/davidfeliperiveraguerra/dev/seneca/cv-project/data/IMG/left_2025_12_03_12_08_12_404.jpg,/Users/davidfeliperiveraguerra/dev/seneca/cv-project/data/IMG/right_2025_12_03_12_08_12_404.jpg,0,1,0,30.19103
/Users/davidfeliperiveraguerra/dev/seneca/cv-project/data/IMG/center_2025_12_03_12_08_12_471.jpg,/Users/davidfeliperiveraguerra/dev/seneca/cv-project/data/IMG/left_2025_12_03_12_08_12_471.jpg,/Users/davidfeliperiveraguerra/dev/seneca/cv-project/data/IMG/right_2025_12_03_12_08_12_471.jpg,0,1,0,30.19035
/Users/davidfeliperiveraguerra/dev/seneca/cv-project/data/IMG/center_2025_12_03_12_08_12_541.jpg,/Users/davidfeliperiveraguerra/dev/seneca/cv-project/data/IMG/left_2025_12_03_12_08_12_541.jpg,/Users/davidfeliperiveraguerra/dev/seneca/cv-project/data/IMG/right_2025_12_03_12_08_12_541.jpg,0,1,0,30.19041
/Users/davidfeliperiveraguerra/dev/seneca/cv-project/data/IMG/center_2025_12_03_12_08_12_608.jpg,/Users/davidfeliperiveraguerra/dev/seneca/cv-project/data/IMG/left_2025_12_03_12_08_12_608.jpg,/Users/davidfeliperiveraguerra/dev/seneca/cv-project/data/IMG/right_2025_12_03_12_08_12_608.jpg,0,1,0,30.19038
/Users/davidfeliperiveraguerra/dev/seneca/cv-project/data/IMG/center_2025_12_03_12_08_12_675.jpg,/Users/davidfeliperiveraguerra/dev/seneca/cv-project/data/IMG/left_2025_12_03_12_08_12_675.jpg,/Users/davidfeliperiveraguerra/dev/seneca/cv-project/data/IMG/right_2025_12_03_12_08_12_675.jpg,0,1,0,30.19018
/Users/davidfeliperiveraguerra/dev/seneca/cv-project/data/IMG/center_2025_12_03_12_08_12_744.jpg,/Users/davidfeliperiveraguerra/dev/seneca/cv-project/data/IMG/left_2025_12_03_12_08_12_744.jpg,/Users/davidfeliperiveraguerra/dev/seneca/cv-project/data/IMG/right_2025_12_03_12_08_12_744.jpg,0,1,0,30.19032
/Users/davidfeliperiveraguerra/dev/seneca/cv-project/data/IMG/center_2025_12_03_12_08_12_810.jpg,/Users/davidfeliperiveraguerra/dev/seneca/cv-project/data/IMG/left_2025_12_03_12_08_12_810.jpg,/Users/davidfeliperiveraguerra/dev/seneca/cv-project/data/IMG/right_2025_12_03_12_08_12_810.jpg,0,1,0,30.1904
/Users/davidfeliperiveraguerra/dev/seneca/cv-project/data/IMG/center_2025_12_03_12_08_12_878.jpg,/Users/davidfeliperiveraguerra/dev/seneca/cv-project/data/IMG/left_2025_12_03_12_08_12_878.jpg,/Users/davidfeliperiveraguerra/dev/seneca/cv-project/data/IMG/right_2025_12_03_12_08_12_878.jpg,0,1,0,30.19039
/Users/davidfeliperiveraguerra/dev/seneca/cv-project/data/IMG/center_2025_12_03_12_08_12_946.jpg,/Users/davidfeliperiveraguerra/dev/seneca/cv-project/data/IMG/left_2025_12_03_12_08_12_946.jpg,/Users/davidfeliperiveraguerra/dev/seneca/cv-project/data/IMG/right_2025_12_03_12_08_12_946.jpg,0,1,0,30.19036
/Users/davidfeliperiveraguerra/dev/seneca/cv-project/data/IMG/center_2025_12_03_12_08_13_015.jpg,/Users/davidfeliperiveraguerra/dev/seneca/cv-project/data/IMG/left_2025_12_03_12_08_13_015.jpg,/Users/davidfeliperiveraguerra/dev/seneca/cv-project/data/IMG/right_2025_12_03_12_08_13_015.jpg,0,1,0,30.19038
/Users/davidfeliperiveraguerra/dev/seneca/cv-project/data/IMG/center_2025_12_03_12_08_13_085.jpg,/Users/davidfeliperiveraguerra/dev/seneca/cv-project/data/IMG/left_2025_12_03_12_08_13_085.jpg,/Users/davidfeliperiveraguerra/dev/seneca/cv-project/data/IMG/right_2025_12_03_12_08_13_085.jpg,0,1,0,30.19037
/Users/davidfeliperiveraguerra/dev/seneca/cv-project/data/IMG/center_2025_12_03_12_08_13_154.jpg,/Users/davidfeliperiveraguerra/dev/seneca/cv-project/data/IMG/left_2025_12_03_12_08_13_154.jpg,/Users/davidfeliperiveraguerra/dev/seneca/cv-project/data/IMG/right_2025_12_03_12_08_13_154.jpg,0,1,0,30.19037
/Users/davidfeliperiveraguerra/dev/seneca/cv-project/data/IMG/center_2025_12_03_12_08_13_222.jpg,/Users/davidfeliperiveraguerra/dev/seneca/cv-project/data/IMG/left_2025_12_03_12_08_13_222.jpg,/Users/davidfeliperiveraguerra/dev/seneca/cv-project/data/IMG/right_2025_12_03_12_08_13_222.jpg,0,1,0,30.19039
/Users/davidfeliperiveraguerra/dev/seneca/cv-project/data/IMG/center_2025_12_03_12_08_13_292.jpg,/Users/davidfeliperiveraguerra/dev/seneca/cv-project/data/IMG/left_2025_12_03_12_08_13_292.jpg,/Users/davidfeliperiveraguerra/dev/seneca/cv-project/data/IMG/right_2025_12_03_12_08_13_292.jpg,0,1,0,30.19034
/Users/davidfeliperiveraguerra/dev/seneca/cv-project/data/IMG/center_2025_12_03_12_08_13_359.jpg,/Users/davidfeliperiveraguerra/dev/seneca/cv-project/data/IMG/left_2025_12_03_12_08_13_359.jpg,/Users/davidfeliperiveraguerra/dev/seneca/cv-project/data/IMG/right_2025_12_03_12_08_13_359.jpg,0,1,0,30.19038
/Users/davidfeliperiveraguerra/dev/seneca/cv-project/data/IMG/center_2025_12_03_12_08_13_428.jpg,/Users/davidfeliperiveraguerra/dev/seneca/cv-project/data/IMG/left_2025_12_03_12_08_13_428.jpg,/Users/davidfeliperiveraguerra/dev/seneca/cv-project/data/IMG/right_2025_12_03_12_08_13_428.jpg,0,1,0,30.19039
/Users/davidfeliperiveraguerra/dev/seneca/cv-project/data/IMG/center_2025_12_03_12_08_13_496.jpg,/Users/davidfeliperiveraguerra/dev/seneca/cv-project/data/IMG/left_2025_12_03_12_08_13_496.jpg,/Users/davidfeliperiveraguerra/dev/seneca/cv-project/data/IMG/right_2025_12_03_12_08_13_496.jpg,0,1,0,30.19036
/Users/davidfeliperiveraguerra/dev/seneca/cv-project/data/IMG/center_2025_12_03_12_08_13_563.jpg,/Users/davidfeliperiveraguerra/dev/seneca/cv-project/data/IMG/left_2025_12_03_12_08_13_563.jpg,/Users/davidfeliperiveraguerra/dev/seneca/cv-project/data/IMG/right_2025_12_03_12_08_13_563.jpg,0,1,0,30.19038
/Users/davidfeliperiveraguerra/dev/seneca/cv-project/data/IMG/center_2025_12_03_12_08_13_635.jpg,/Users/davidfeliperiveraguerra/dev/seneca/cv-project/data/IMG/left_2025_12_03_12_08_13_635.jpg,/Users/davidfeliperiveraguerra/dev/seneca/cv-project/data/IMG/right_2025_12_03_12_08_13_635.jpg,0,1,0,30.19039
/Users/davidfeliperiveraguerra/dev/seneca/cv-project/data/IMG/center_2025_12_03_12_08_13_701.jpg,/Users/davidfeliperiveraguerra/dev/seneca/cv-project/data/IMG/left_2025_12_03_12_08_13_701.jpg,/Users/davidfeliperiveraguerra/dev/seneca/cv-project/data/IMG/right_2025_12_03_12_08_13_701.jpg,0,1,0,30.19036
/Users/davidfeliperiveraguerra/dev/seneca/cv-project/data/IMG/center_2025_12_03_12_08_13_772.jpg,/Users/davidfeliperiveraguerra/dev/seneca/cv-project/data/IMG/left_2025_12_03_12_08_13_772.jpg,/Users/davidfeliperiveraguerra/dev/seneca/cv-project/data/IMG/right_2025_12_03_12_08_13_772.jpg,0,1,0,30.19036
/Users/davidfeliperiveraguerra/dev/seneca/cv-project/data/IMG/center_2025_12_03_12_08_13_842.jpg,/Users/davidfeliperiveraguerra/dev/seneca/cv-project/data/IMG/left_2025_12_03_12_08_13_842.jpg,/Users/davidfeliperiveraguerra/dev/seneca/cv-project/data/IMG/right_2025_12_03_12_08_13_842.jpg,0,1,0,30.19022
/Users/davidfeliperiveraguerra/dev/seneca/cv-project/data/IMG/center_2025_12_03_12_08_13_912.jpg,/Users/davidfeliperiveraguerra/dev/seneca/cv-project/data/IMG/left_2025_12_03_12_08_13_912.jpg,/Users/davidfeliperiveraguerra/dev/seneca/cv-project/data/IMG/right_2025_12_03_12_08_13_912.jpg,0,1,0,30.19019
/Users/davidfeliperiveraguerra/dev/seneca/cv-project/data/IMG/center_2025_12_03_12_08_13_982.jpg,/Users/davidfeliperiveraguerra/dev/seneca/cv-project/data/IMG/left_2025_12_03_12_08_13_982.jpg,/Users/davidfeliperiveraguerra/dev/seneca/cv-project/data/IMG/right_2025_12_03_12_08_13_982.jpg,0,1,0,30.1903
/Users/davidfeliperiveraguerra/dev/seneca/cv-project/data/IMG/center_2025_12_03_12_08_14_051.jpg,/Users/davidfeliperiveraguerra/dev/seneca/cv-project/data/IMG/left_2025_12_03_12_08_14_051.jpg,/Users/davidfeliperiveraguerra/dev/seneca/cv-project/data/IMG/right_2025_12_03_12_08_14_051.jpg,0,1,0,30.18983
/Users/davidfeliperiveraguerra/dev/seneca/cv-project/data/IMG/center_2025_12_03_12_08_14_120.jpg,/Users/davidfeliperiveraguerra/dev/seneca/cv-project/data/IMG/left_2025_12_03_12_08_14_120.jpg,/Users/davidfeliperiveraguerra/dev/seneca/cv-project/data/IMG/right_2025_12_03_12_08_14_120.jpg,0,1,0,30.19014
/Users/davidfeliperiveraguerra/dev/seneca/cv-project/data/IMG/center_2025_12_03_12_08_14_189.jpg,/Users/davidfeliperiveraguerra/dev/seneca/cv-project/data/IMG/left_2025_12_03_12_08_14_189.jpg,/Users/davidfeliperiveraguerra/dev/seneca/cv-project/data/IMG/right_2025_12_03_12_08_14_189.jpg,0,1,0,30.1902
/Users/davidfeliperiveraguerra/dev/seneca/cv-project/data/IMG/center_2025_12_03_12_08_14_259.jpg,/Users/davidfeliperiveraguerra/dev/seneca/cv-project/data/IMG/left_2025_12_03_12_08_14_259.jpg,/Users/davidfeliperiveraguerra/dev/seneca/cv-project/data/IMG/right_2025_12_03_12_08_14_259.jpg,0,1,0,30.19019
/Users/davidfeliperiveraguerra/dev/seneca/cv-project/data/IMG/center_2025_12_03_12_08_14_326.jpg,/Users/davidfeliperiveraguerra/dev/seneca/cv-project/data/IMG/left_2025_12_03_12_08_14_326.jpg,/Users/davidfeliperiveraguerra/dev/seneca/cv-project/data/IMG/right_2025_12_03_12_08_14_326.jpg,0,1,0,30.1902
/Users/davidfeliperiveraguerra/dev/seneca/cv-project/data/IMG/center_2025_12_03_12_08_14_393.jpg,/Users/davidfeliperiveraguerra/dev/seneca/cv-project/data/IMG/left_2025_12_03_12_08_14_393.jpg,/Users/davidfeliperiveraguerra/dev/seneca/cv-project/data/IMG/right_2025_12_03_12_08_14_393.jpg,0,1,0,30.19021
/Users/davidfeliperiveraguerra/dev/seneca/cv-project/data/IMG/center_2025_12_03_12_08_14_464.jpg,/Users/davidfeliperiveraguerra/dev/seneca/cv-project/data/IMG/left_2025_12_03_12_08_14_464.jpg,/Users/davidfeliperiveraguerra/dev/seneca/cv-project/data/IMG/right_2025_12_03_12_08_14_464.jpg,0,1,0,30.19021
/Users/davidfeliperiveraguerra/dev/seneca/cv-project/data/IMG/center_2025_12_03_12_08_14_530.jpg,/Users/davidfeliperiveraguerra/dev/seneca/cv-project/data/IMG/left_2025_12_03_12_08_14_530.jpg,/Users/davidfeliperiveraguerra/dev/seneca/cv-project/data/IMG/right_2025_12_03_12_08_14_530.jpg,0,1,0,30.19019
/Users/davidfeliperiveraguerra/dev/seneca/cv-project/data/IMG/center_2025_12_03_12_08_14_602.jpg,/Users/davidfeliperiveraguerra/dev/seneca/cv-project/data/IMG/left_2025_12_03_12_08_14_602.jpg,/Users/davidfeliperiveraguerra/dev/seneca/cv-project/data/IMG/right_2025_12_03_12_08_14_602.jpg,0,1,0,30.19019
/Users/davidfeliperiveraguerra/dev/seneca/cv-project/data/IMG/center_2025_12_03_12_08_14_669.jpg,/Users/davidfeliperiveraguerra/dev/seneca/cv-project/data/IMG/left_2025_12_03_12_08_14_669.jpg,/Users/davidfeliperiveraguerra/dev/seneca/cv-project/data/IMG/right_2025_12_03_12_08_14_669.jpg,0,1,0,30.19017
/Users/davidfeliperiveraguerra/dev/seneca/cv-project/data/IMG/center_2025_12_03_12_08_14_739.jpg,/Users/davidfeliperiveraguerra/dev/seneca/cv-project/data/IMG/left_2025_12_03_12_08_14_739.jpg,/Users/davidfeliperiveraguerra/dev/seneca/cv-project/data/IMG/right_2025_12_03_12_08_14_739.jpg,0,1,0,30.19022
/Users/davidfeliperiveraguerra/dev/seneca/cv-project/data/IMG/center_2025_12_03_12_08_14_806.jpg,/Users/davidfeliperiveraguerra/dev/seneca/cv-project/data/IMG/left_2025_12_03_12_08_14_806.jpg,/Users/davidfeliperiveraguerra/dev/seneca/cv-project/data/IMG/right_2025_12_03_12_08_14_806.jpg,0,1,0,30.1902
/Users/davidfeliperiveraguerra/dev/seneca/cv-project/data/IMG/center_2025_12_03_12_08_14_873.jpg,/Users/davidfeliperiveraguerra/dev/seneca/cv-project/data/IMG/left_2025_12_03_12_08_14_873.jpg,/Users/davidfeliperiveraguerra/dev/seneca/cv-project/data/IMG/right_2025_12_03_12_08_14_873.jpg,0,1,0,30.19021
/Users/davidfeliperiveraguerra/dev/seneca/cv-project/data/IMG/center_2025_12_03_12_08_14_940.jpg,/Users/davidfeliperiveraguerra/dev/seneca/cv-project/data/IMG/left_2025_12_03_12_08_14_940.jpg,/Users/davidfeliperiveraguerra/dev/seneca/cv-project/data/IMG/right_2025_12_03_12_08_14_940.jpg,0,1,0,30.1902
/Users/davidfeliperiveraguerra/dev/seneca/cv-project/data/IMG/center_2025_12_03_12_08_15_008.jpg,/Users/davidfeliperiveraguerra/dev/seneca/cv-project/data/IMG/left_2025_12_03_12_08_15_008.jpg,/Users/davidfeliperiveraguerra/dev/seneca/cv-project/data/IMG/right_2025_12_03_12_08_15_008.jpg,-0.2,1,0,30.18014
/Users/davidfeliperiveraguerra/dev/seneca/cv-project/data/IMG/center_2025_12_03_12_08_15_078.jpg,/Users/davidfeliperiveraguerra/dev/seneca/cv-project/data/IMG/left_2025_12_03_12_08_15_078.jpg,/Users/davidfeliperiveraguerra/dev/seneca/cv-project/data/IMG/right_2025_12_03_12_08_15_078.jpg,0,1,0,30.18954
/Users/davidfeliperiveraguerra/dev/seneca/cv-project/data/IMG/center_2025_12_03_12_08_15_149.jpg,/Users/davidfeliperiveraguerra/dev/seneca/cv-project/data/IMG/left_2025_12_03_12_08_15_149.jpg,/Users/davidfeliperiveraguerra/dev/seneca/cv-project/data/IMG/right_2025_12_03_12_08_15_149.jpg,0,1,0,30.19017
/Users/davidfeliperiveraguerra/dev/seneca/cv-project/data/IMG/center_2025_12_03_12_08_15_219.jpg,/Users/davidfeliperiveraguerra/dev/seneca/cv-project/data/IMG/left_2025_12_03_12_08_15_219.jpg,/Users/davidfeliperiveraguerra/dev/seneca/cv-project/data/IMG/right_2025_12_03_12_08_15_219.jpg,0,1,0,30.19044
/Users/davidfeliperiveraguerra/dev/seneca/cv-project/data/IMG/center_2025_12_03_12_08_15_288.jpg,/Users/davidfeliperiveraguerra/dev/seneca/cv-project/data/IMG/left_2025_12_03_12_08_15_288.jpg,/Users/davidfeliperiveraguerra/dev/seneca/cv-project/data/IMG/right_2025_12_03_12_08_15_288.jpg,0,1,0,30.19006
/Users/davidfeliperiveraguerra/dev/seneca/cv-project/data/IMG/center_2025_12_03_12_08_15_356.jpg,/Users/davidfeliperiveraguerra/dev/seneca/cv-project/data/IMG/left_2025_12_03_12_08_15_356.jpg,/Users/davidfeliperiveraguerra/dev/seneca/cv-project/data/IMG/right_2025_12_03_12_08_15_356.jpg,0,1,0,30.19015
/Users/davidfeliperiveraguerra/dev/seneca/cv-project/data/IMG/center_2025_12_03_12_08_15_424.jpg,/Users/davidfeliperiveraguerra/dev/seneca/cv-project/data/IMG/left_2025_12_03_12_08_15_424.jpg,/Users/davidfeliperiveraguerra/dev/seneca/cv-project/data/IMG/right_2025_12_03_12_08_15_424.jpg,0,1,0,30.19072
/Users/davidfeliperiveraguerra/dev/seneca/cv-project/data/IMG/center_2025_12_03_12_08_15_494.jpg,/Users/davidfeliperiveraguerra/dev/seneca/cv-project/data/IMG/left_2025_12_03_12_08_15_494.jpg,/Users/davidfeliperiveraguerra/dev/seneca/cv-project/data/IMG/right_2025_12_03_12_08_15_494.jpg,0,1,0,30.18998
/Users/davidfeliperiveraguerra/dev/seneca/cv-project/data/IMG/center_2025_12_03_12_08_15_561.jpg,/Users/davidfeliperiveraguerra/dev/seneca/cv-project/data/IMG/left_2025_12_03_12_08_15_561.jpg,/Users/davidfeliperiveraguerra/dev/seneca/cv-project/data/IMG/right_2025_12_03_12_08_15_561.jpg,0,1,0,30.19008
/Users/davidfeliperiveraguerra/dev/seneca/cv-project/data/IMG/center_2025_12_03_12_08_15_630.jpg,/Users/davidfeliperiveraguerra/dev/seneca/cv-project/data/IMG/left_2025_12_03_12_08_15_630.jpg,/Users/davidfeliperiveraguerra/dev/seneca/cv-project/data/IMG/right_2025_12_03_12_08_15_630.jpg,0,1,0,30.19013
/Users/davidfeliperiveraguerra/dev/seneca/cv-project/data/IMG/center_2025_12_03_12_08_15_702.jpg,/Users/davidfeliperiveraguerra/dev/seneca/cv-project/data/IMG/left_2025_12_03_12_08_15_702.jpg,/Users/davidfeliperiveraguerra/dev/seneca/cv-project/data/IMG/right_2025_12_03_12_08_15_702.jpg,0,1,0,30.19012
/Users/davidfeliperiveraguerra/dev/seneca/cv-project/data/IMG/center_2025_12_03_12_08_15_769.jpg,/Users/davidfeliperiveraguerra/dev/seneca/cv-project/data/IMG/left_2025_12_03_12_08_15_769.jpg,/Users/davidfeliperiveraguerra/dev/seneca/cv-project/data/IMG/right_2025_12_03_12_08_15_769.jpg,0,1,0,30.19012
/Users/davidfeliperiveraguerra/dev/seneca/cv-project/data/IMG/center_2025_12_03_12_08_15_836.jpg,/Users/davidfeliperiveraguerra/dev/seneca/cv-project/data/IMG/left_2025_12_03_12_08_15_836.jpg,/Users/davidfeliperiveraguerra/dev/seneca/cv-project/data/IMG/right_2025_12_03_12_08_15_836.jpg,0,1,0,30.19013
/Users/davidfeliperiveraguerra/dev/seneca/cv-project/data/IMG/center_2025_12_03_12_08_15_904.jpg,/Users/davidfeliperiveraguerra/dev/seneca/cv-project/data/IMG/left_2025_12_03_12_08_15_904.jpg,/Users/davidfeliperiveraguerra/dev/seneca/cv-project/data/IMG/right_2025_12_03_12_08_15_904.jpg,0,1,0,30.1901
/Users/davidfeliperiveraguerra/dev/seneca/cv-project/data/IMG/center_2025_12_03_12_08_15_973.jpg,/Users/davidfeliperiveraguerra/dev/seneca/cv-project/data/IMG/left_2025_12_03_12_08_15_973.jpg,/Users/davidfeliperiveraguerra/dev/seneca/cv-project/data/IMG/right_2025_12_03_12_08_15_973.jpg,0,1,0,30.19016
/Users/davidfeliperiveraguerra/dev/seneca/cv-project/data/IMG/center_2025_12_03_12_08_16_041.jpg,/Users/davidfeliperiveraguerra/dev/seneca/cv-project/data/IMG/left_2025_12_03_12_08_16_041.jpg,/Users/davidfeliperiveraguerra/dev/seneca/cv-project/data/IMG/right_2025_12_03_12_08_16_041.jpg,0,1,0,30.19013
/Users/davidfeliperiveraguerra/dev/seneca/cv-project/data/IMG/center_2025_12_03_12_08_16_109.jpg,/Users/davidfeliperiveraguerra/dev/seneca/cv-project/data/IMG/left_2025_12_03_12_08_16_109.jpg,/Users/davidfeliperiveraguerra/dev/seneca/cv-project/data/IMG/right_2025_12_03_12_08_16_109.jpg,0,1,0,30.19011
/Users/davidfeliperiveraguerra/dev/seneca/cv-project/data/IMG/center_2025_12_03_12_08_16_178.jpg,/Users/davidfeliperiveraguerra/dev/seneca/cv-project/data/IMG/left_2025_12_03_12_08_16_178.jpg,/Users/davidfeliperiveraguerra/dev/seneca/cv-project/data/IMG/right_2025_12_03_12_08_16_178.jpg,0,1,0,30.19012
/Users/davidfeliperiveraguerra/dev/seneca/cv-project/data/IMG/center_2025_12_03_12_08_16_246.jpg,/Users/davidfeliperiveraguerra/dev/seneca/cv-project/data/IMG/left_2025_12_03_12_08_16_246.jpg,/Users/davidfeliperiveraguerra/dev/seneca/cv-project/data/IMG/right_2025_12_03_12_08_16_246.jpg,0,1,0,30.19013
/Users/davidfeliperiveraguerra/dev/seneca/cv-project/data/IMG/center_2025_12_03_12_08_16_316.jpg,/Users/davidfeliperiveraguerra/dev/seneca/cv-project/data/IMG/left_2025_12_03_12_08_16_316.jpg,/Users/davidfeliperiveraguerra/dev/seneca/cv-project/data/IMG/right_2025_12_03_12_08_16_316.jpg,0,1,0,30.19011
/Users/davidfeliperiveraguerra/dev/seneca/cv-project/data/IMG/center_2025_12_03_12_08_16_384.jpg,/Users/davidfeliperiveraguerra/dev/seneca/cv-project/data/IMG/left_2025_12_03_12_08_16_384.jpg,/Users/davidfeliperiveraguerra/dev/seneca/cv-project/data/IMG/right_2025_12_03_12_08_16_384.jpg,0,1,0,30.19013
/Users/davidfeliperiveraguerra/dev/seneca/cv-project/data/IMG/center_2025_12_03_12_08_16_453.jpg,/Users/davidfeliperiveraguerra/dev/seneca/cv-project/data/IMG/left_2025_12_03_12_08_16_453.jpg,/Users/davidfeliperiveraguerra/dev/seneca/cv-project/data/IMG/right_2025_12_03_12_08_16_453.jpg,0,1,0,30.19012
/Users/davidfeliperiveraguerra/dev/seneca/cv-project/data/IMG/center_2025_12_03_12_08_16_520.jpg,/Users/davidfeliperiveraguerra/dev/seneca/cv-project/data/IMG/left_2025_12_03_12_08_16_520.jpg,/Users/davidfeliperiveraguerra/dev/seneca/cv-project/data/IMG/right_2025_12_03_12_08_16_520.jpg,0,1,0,30.19063
/Users/davidfeliperiveraguerra/dev/seneca/cv-project/data/IMG/center_2025_12_03_12_08_16_587.jpg,/Users/davidfeliperiveraguerra/dev/seneca/cv-project/data/IMG/left_2025_12_03_12_08_16_587.jpg,/Users/davidfeliperiveraguerra/dev/seneca/cv-project/data/IMG/right_2025_12_03_12_08_16_587.jpg,0,1,0,30.18984
/Users/davidfeliperiveraguerra/dev/seneca/cv-project/data/IMG/center_2025_12_03_12_08_16_657.jpg,/Users/davidfeliperiveraguerra/dev/seneca/cv-project/data/IMG/left_2025_12_03_12_08_16_657.jpg,/Users/davidfeliperiveraguerra/dev/seneca/cv-project/data/IMG/right_2025_12_03_12_08_16_657.jpg,0,1,0,30.19127
/Users/davidfeliperiveraguerra/dev/seneca/cv-project/data/IMG/center_2025_12_03_12_08_16_725.jpg,/Users/davidfeliperiveraguerra/dev/seneca/cv-project/data/IMG/left_2025_12_03_12_08_16_725.jpg,/Users/davidfeliperiveraguerra/dev/seneca/cv-project/data/IMG/right_2025_12_03_12_08_16_725.jpg,-0.05,1,0,30.18986
/Users/davidfeliperiveraguerra/dev/seneca/cv-project/data/IMG/center_2025_12_03_12_08_16_792.jpg,/Users/davidfeliperiveraguerra/dev/seneca/cv-project/data/IMG/left_2025_12_03_12_08_16_792.jpg,/Users/davidfeliperiveraguerra/dev/seneca/cv-project/data/IMG/right_2025_12_03_12_08_16_792.jpg,-0.2,1,0,30.17967
/Users/davidfeliperiveraguerra/dev/seneca/cv-project/data/IMG/center_2025_12_03_12_08_16_861.jpg,/Users/davidfeliperiveraguerra/dev/seneca/cv-project/data/IMG/left_2025_12_03_12_08_16_861.jpg,/Users/davidfeliperiveraguerra/dev/seneca/cv-project/data/IMG/right_2025_12_03_12_08_16_861.jpg,-0.35,1,0,30.1649
/Users/davidfeliperiveraguerra/dev/seneca/cv-project/data/IMG/center_2025_12_03_12_08_16_929.jpg,/Users/davidfeliperiveraguerra/dev/seneca/cv-project/data/IMG/left_2025_12_03_12_08_16_929.jpg,/Users/davidfeliperiveraguerra/dev/seneca/cv-project/data/IMG/right_2025_12_03_12_08_16_929.jpg,-0.5500001,1,0,30.1403
/Users/davidfeliperiveraguerra/dev/seneca/cv-project/data/IMG/center_2025_12_03_12_08_16_999.jpg,/Users/davidfeliperiveraguerra/dev/seneca/cv-project/data/IMG/left_2025_12_03_12_08_16_999.jpg,/Users/davidfeliperiveraguerra/dev/seneca/cv-project/data/IMG/right_2025_12_03_12_08_16_999.jpg,-0.7,1,0,30.12314
/Users/davidfeliperiveraguerra/dev/seneca/cv-project/data/IMG/center_2025_12_03_12_08_17_069.jpg,/Users/davidfeliperiveraguerra/dev/seneca/cv-project/data/IMG/left_2025_12_03_12_08_17_069.jpg,/Users/davidfeliperiveraguerra/dev/seneca/cv-project/data/IMG/right_2025_12_03_12_08_17_069.jpg,0,1,0,30.1822
/Users/davidfeliperiveraguerra/dev/seneca/cv-project/data/IMG/center_2025_12_03_12_08_17_140.jpg,/Users/davidfeliperiveraguerra/dev/seneca/cv-project/data/IMG/left_2025_12_03_12_08_17_140.jpg,/Users/davidfeliperiveraguerra/dev/seneca/cv-project/data/IMG/right_2025_12_03_12_08_17_140.jpg,0,1,0,30.1875
/Users/davidfeliperiveraguerra/dev/seneca/cv-project/data/IMG/center_2025_12_03_12_08_17_210.jpg,/Users/davidfeliperiveraguerra/dev/seneca/cv-project/data/IMG/left_2025_12_03_12_08_17_210.jpg,/Users/davidfeliperiveraguerra/dev/seneca/cv-project/data/IMG/right_2025_12_03_12_08_17_210.jpg,0,1,0,30.19034
/Users/davidfeliperiveraguerra/dev/seneca/cv-project/data/IMG/center_2025_12_03_12_08_17_280.jpg,/Users/davidfeliperiveraguerra/dev/seneca/cv-project/data/IMG/left_2025_12_03_12_08_17_280.jpg,/Users/davidfeliperiveraguerra/dev/seneca/cv-project/data/IMG/right_2025_12_03_12_08_17_280.jpg,0.05,1,0,30.18935
/Users/davidfeliperiveraguerra/dev/seneca/cv-project/data/IMG/center_2025_12_03_12_08_17_353.jpg,/Users/davidfeliperiveraguerra/dev/seneca/cv-project/data/IMG/left_2025_12_03_12_08_17_353.jpg,/Users/davidfeliperiveraguerra/dev/seneca/cv-project/data/IMG/right_2025_12_03_12_08_17_353.jpg,0,1,0,30.18617
/Users/davidfeliperiveraguerra/dev/seneca/cv-project/data/IMG/center_2025_12_03_12_08_17_424.jpg,/Users/davidfeliperiveraguerra/dev/seneca/cv-project/data/IMG/left_2025_12_03_12_08_17_424.jpg,/Users/davidfeliperiveraguerra/dev/seneca/cv-project/data/IMG/right_2025_12_03_12_08_17_424.jpg,0,1,0,30.19051
/Users/davidfeliperiveraguerra/dev/seneca/cv-project/data/IMG/center_2025_12_03_12_08_17_491.jpg,/Users/davidfeliperiveraguerra/dev/seneca/cv-project/data/IMG/left_2025_12_03_12_08_17_491.jpg,/Users/davidfeliperiveraguerra/dev/seneca/cv-project/data/IMG/right_2025_12_03_12_08_17_491.jpg,0,1,0,30.19068
/Users/davidfeliperiveraguerra/dev/seneca/cv-project/data/IMG/center_2025_12_03_12_08_17_559.jpg,/Users/davidfeliperiveraguerra/dev/seneca/cv-project/data/IMG/left_2025_12_03_12_08_17_559.jpg,/Users/davidfeliperiveraguerra/dev/seneca/cv-project/data/IMG/right_2025_12_03_12_08_17_559.jpg,0,1,0,30.1907
/Users/davidfeliperiveraguerra/dev/seneca/cv-project/data/IMG/center_2025_12_03_12_08_17_630.jpg,/Users/davidfeliperiveraguerra/dev/seneca/cv-project/data/IMG/left_2025_12_03_12_08_17_630.jpg,/Users/davidfeliperiveraguerra/dev/seneca/cv-project/data/IMG/right_2025_12_03_12_08_17_630.jpg,0.15,1,0,30.18486
/Users/davidfeliperiveraguerra/dev/seneca/cv-project/data/IMG/center_2025_12_03_12_08_17_700.jpg,/Users/davidfeliperiveraguerra/dev/seneca/cv-project/data/IMG/left_2025_12_03_12_08_17_700.jpg,/Users/davidfeliperiveraguerra/dev/seneca/cv-project/data/IMG/right_2025_12_03_12_08_17_700.jpg,0,1,0,30.18634
/Users/davidfeliperiveraguerra/dev/seneca/cv-project/data/IMG/center_2025_12_03_12_08_17_770.jpg,/Users/davidfeliperiveraguerra/dev/seneca/cv-project/data/IMG/left_2025_12_03_12_08_17_770.jpg,/Users/davidfeliperiveraguerra/dev/seneca/cv-project/data/IMG/right_2025_12_03_12_08_17_770.jpg,0,1,0,30.19032
/Users/davidfeliperiveraguerra/dev/seneca/cv-project/data/IMG/center_2025_12_03_12_08_17_841.jpg,/Users/davidfeliperiveraguerra/dev/seneca/cv-project/data/IMG/left_2025_12_03_12_08_17_841.jpg,/Users/davidfeliperiveraguerra/dev/seneca/cv-project/data/IMG/right_2025_12_03_12_08_17_841.jpg,0,1,0,30.19057
/Users/davidfeliperiveraguerra/dev/seneca/cv-project/data/IMG/center_2025_12_03_12_08_17_908.jpg,/Users/davidfeliperiveraguerra/dev/seneca/cv-project/data/IMG/left_2025_12_03_12_08_17_908.jpg,/Users/davidfeliperiveraguerra/dev/seneca/cv-project/data/IMG/right_2025_12_03_12_08_17_908.jpg,0.05,1,0,30.19021
/Users/davidfeliperiveraguerra/dev/seneca/cv-project/data/IMG/center_2025_12_03_12_08_17_979.jpg,/Users/davidfeliperiveraguerra/dev/seneca/cv-project/data/IMG/left_2025_12_03_12_08_17_979.jpg,/Users/davidfeliperiveraguerra/dev/seneca/cv-project/data/IMG/right_2025_12_03_12_08_17_979.jpg,0.2,1,0,30.18076
/Users/davidfeliperiveraguerra/dev/seneca/cv-project/data/IMG/center_2025_12_03_12_08_18_048.jpg,/Users/davidfeliperiveraguerra/dev/seneca/cv-project/data/IMG/left_2025_12_03_12_08_18_048.jpg,/Users/davidfeliperiveraguerra/dev/seneca/cv-project/data/IMG/right_2025_12_03_12_08_18_048.jpg,0,1,0,30.19115
/Users/davidfeliperiveraguerra/dev/seneca/cv-project/data/IMG/center_2025_12_03_12_08_18_115.jpg,/Users/davidfeliperiveraguerra/dev/seneca/cv-project/data/IMG/left_2025_12_03_12_08_18_115.jpg,/Users/davidfeliperiveraguerra/dev/seneca/cv-project/data/IMG/right_2025_12_03_12_08_18_115.jpg,0,1,0,30.19028
/Users/davidfeliperiveraguerra/dev/seneca/cv-project/data/IMG/center_2025_12_03_12_08_18_183.jpg,/Users/davidfeliperiveraguerra/dev/seneca/cv-project/data/IMG/left_2025_12_03_12_08_18_183.jpg,/Users/davidfeliperiveraguerra/dev/seneca/cv-project/data/IMG/right_2025_12_03_12_08_18_183.jpg,0,1,0,30.19042
/Users/davidfeliperiveraguerra/dev/seneca/cv-project/data/IMG/center_2025_12_03_12_08_18_251.jpg,/Users/davidfeliperiveraguerra/dev/seneca/cv-project/data/IMG/left_2025_12_03_12_08_18_251.jpg,/Users/davidfeliperiveraguerra/dev/seneca/cv-project/data/IMG/right_2025_12_03_12_08_18_251.jpg,0,1,0,30.19052
/Users/davidfeliperiveraguerra/dev/seneca/cv-project/data/IMG/center_2025_12_03_12_08_18_321.jpg,/Users/davidfeliperiveraguerra/dev/seneca/cv-project/data/IMG/left_2025_12_03_12_08_18_321.jpg,/Users/davidfeliperiveraguerra/dev/seneca/cv-project/data/IMG/right_2025_12_03_12_08_18_321.jpg,0,1,0,30.19019
/Users/davidfeliperiveraguerra/dev/seneca/cv-project/data/IMG/center_2025_12_03_12_08_18_391.jpg,/Users/davidfeliperiveraguerra/dev/seneca/cv-project/data/IMG/left_2025_12_03_12_08_18_391.jpg,/Users/davidfeliperiveraguerra/dev/seneca/cv-project/data/IMG/right_2025_12_03_12_08_18_391.jpg,0,1,0,30.19034
/Users/davidfeliperiveraguerra/dev/seneca/cv-project/data/IMG/center_2025_12_03_12_08_18_461.jpg,/Users/davidfeliperiveraguerra/dev/seneca/cv-project/data/IMG/left_2025_12_03_12_08_18_461.jpg,/Users/davidfeliperiveraguerra/dev/seneca/cv-project/data/IMG/right_2025_12_03_12_08_18_461.jpg,0,1,0,30.19034
/Users/davidfeliperiveraguerra/dev/seneca/cv-project/data/IMG/center_2025_12_03_12_08_18_528.jpg,/Users/davidfeliperiveraguerra/dev/seneca/cv-project/data/IMG/left_2025_12_03_12_08_18_528.jpg,/Users/davidfeliperiveraguerra/dev/seneca/cv-project/data/IMG/right_2025_12_03_12_08_18_528.jpg,0,1,0,30.19036
/Users/davidfeliperiveraguerra/dev/seneca/cv-project/data/IMG/center_2025_12_03_12_08_18_596.jpg,/Users/davidfeliperiveraguerra/dev/seneca/cv-project/data/IMG/left_2025_12_03_12_08_18_596.jpg,/Users/davidfeliperiveraguerra/dev/seneca/cv-project/data/IMG/right_2025_12_03_12_08_18_596.jpg,0,1,0,30.19033
/Users/davidfeliperiveraguerra/dev/seneca/cv-project/data/IMG/center_2025_12_03_12_08_18_666.jpg,/Users/davidfeliperiveraguerra/dev/seneca/cv-project/data/IMG/left_2025_12_03_12_08_18_666.jpg,/Users/davidfeliperiveraguerra/dev/seneca/cv-project/data/IMG/right_2025_12_03_12_08_18_666.jpg,0,1,0,30.19035
/Users/davidfeliperiveraguerra/dev/seneca/cv-project/data/IMG/center_2025_12_03_12_08_18_737.jpg,/Users/davidfeliperiveraguerra/dev/seneca/cv-project/data/IMG/left_2025_12_03_12_08_18_737.jpg,/Users/davidfeliperiveraguerra/dev/seneca/cv-project/data/IMG/right_2025_12_03_12_08_18_737.jpg,0,1,0,30.19037
/Users/davidfeliperiveraguerra/dev/seneca/cv-project/data/IMG/center_2025_12_03_12_08_18_804.jpg,/Users/davidfeliperiveraguerra/dev/seneca/cv-project/data/IMG/left_2025_12_03_12_08_18_804.jpg,/Users/davidfeliperiveraguerra/dev/seneca/cv-project/data/IMG/right_2025_12_03_12_08_18_804.jpg,0,1,0,30.19035
/Users/davidfeliperiveraguerra/dev/seneca/cv-project/data/IMG/center_2025_12_03_12_08_18_875.jpg,/Users/davidfeliperiveraguerra/dev/seneca/cv-project/data/IMG/left_2025_12_03_12_08_18_875.jpg,/Users/davidfeliperiveraguerra/dev/seneca/cv-project/data/IMG/right_2025_12_03_12_08_18_875.jpg,0,1,0,30.19034
/Users/davidfeliperiveraguerra/dev/seneca/cv-project/data/IMG/center_2025_12_03_12_08_18_942.jpg,/Users/davidfeliperiveraguerra/dev/seneca/cv-project/data/IMG/left_2025_12_03_12_08_18_942.jpg,/Users/davidfeliperiveraguerra/dev/seneca/cv-project/data/IMG/right_2025_12_03_12_08_18_942.jpg,0,1,0,30.19034
/Users/davidfeliperiveraguerra/dev/seneca/cv-project/data/IMG/center_2025_12_03_12_08_19_012.jpg,/Users/davidfeliperiveraguerra/dev/seneca/cv-project/data/IMG/left_2025_12_03_12_08_19_012.jpg,/Users/davidfeliperiveraguerra/dev/seneca/cv-project/data/IMG/right_2025_12_03_12_08_19_012.jpg,0,1,0,30.19034
/Users/davidfeliperiveraguerra/dev/seneca/cv-project/data/IMG/center_2025_12_03_12_08_19_080.jpg,/Users/davidfeliperiveraguerra/dev/seneca/cv-project/data/IMG/left_2025_12_03_12_08_19_080.jpg,/Users/davidfeliperiveraguerra/dev/seneca/cv-project/data/IMG/right_2025_12_03_12_08_19_080.jpg,0,1,0,30.19033
/Users/davidfeliperiveraguerra/dev/seneca/cv-project/data/IMG/center_2025_12_03_12_08_19_147.jpg,/Users/davidfeliperiveraguerra/dev/seneca/cv-project/data/IMG/left_2025_12_03_12_08_19_147.jpg,/Users/davidfeliperiveraguerra/dev/seneca/cv-project/data/IMG/right_2025_12_03_12_08_19_147.jpg,0,1,0,30.19038
/Users/davidfeliperiveraguerra/dev/seneca/cv-project/data/IMG/center_2025_12_03_12_08_19_214.jpg,/Users/davidfeliperiveraguerra/dev/seneca/cv-project/data/IMG/left_2025_12_03_12_08_19_214.jpg,/Users/davidfeliperiveraguerra/dev/seneca/cv-project/data/IMG/right_2025_12_03_12_08_19_214.jpg,0,1,0,30.19036
/Users/davidfeliperiveraguerra/dev/seneca/cv-project/data/IMG/center_2025_12_03_12_08_19_281.jpg,/Users/davidfeliperiveraguerra/dev/seneca/cv-project/data/IMG/left_2025_12_03_12_08_19_281.jpg,/Users/davidfeliperiveraguerra/dev/seneca/cv-project/data/IMG/right_2025_12_03_12_08_19_281.jpg,0,1,0,30.19036
/Users/davidfeliperiveraguerra/dev/seneca/cv-project/data/IMG/center_2025_12_03_12_08_19_348.jpg,/Users/davidfeliperiveraguerra/dev/seneca/cv-project/data/IMG/left_2025_12_03_12_08_19_348.jpg,/Users/davidfeliperiveraguerra/dev/seneca/cv-project/data/IMG/right_2025_12_03_12_08_19_348.jpg,0,1,0,30.19034
/Users/davidfeliperiveraguerra/dev/seneca/cv-project/data/IMG/center_2025_12_03_12_08_19_416.jpg,/Users/davidfeliperiveraguerra/dev/seneca/cv-project/data/IMG/left_2025_12_03_12_08_19_416.jpg,/Users/davidfeliperiveraguerra/dev/seneca/cv-project/data/IMG/right_2025_12_03_12_08_19_416.jpg,0,1,0,30.19036
/Users/davidfeliperiveraguerra/dev/seneca/cv-project/data/IMG/center_2025_12_03_12_08_19_484.jpg,/Users/davidfeliperiveraguerra/dev/seneca/cv-project/data/IMG/left_2025_12_03_12_08_19_484.jpg,/Users/davidfeliperiveraguerra/dev/seneca/cv-project/data/IMG/right_2025_12_03_12_08_19_484.jpg,0,1,0,30.19013
/Users/davidfeliperiveraguerra/dev/seneca/cv-project/data/IMG/center_2025_12_03_12_08_19_554.jpg,/Users/davidfeliperiveraguerra/dev/seneca/cv-project/data/IMG/left_2025_12_03_12_08_19_554.jpg,/Users/davidfeliperiveraguerra/dev/seneca/cv-project/data/IMG/right_2025_12_03_12_08_19_554.jpg,0,1,0,30.19017
/Users/davidfeliperiveraguerra/dev/seneca/cv-project/data/IMG/center_2025_12_03_12_08_19_622.jpg,/Users/davidfeliperiveraguerra/dev/seneca/cv-project/data/IMG/left_2025_12_03_12_08_19_622.jpg,/Users/davidfeliperiveraguerra/dev/seneca/cv-project/data/IMG/right_2025_12_03_12_08_19_622.jpg,0,1,0,30.19025
/Users/davidfeliperiveraguerra/dev/seneca/cv-project/data/IMG/center_2025_12_03_12_08_19_690.jpg,/Users/davidfeliperiveraguerra/dev/seneca/cv-project/data/IMG/left_2025_12_03_12_08_19_690.jpg,/Users/davidfeliperiveraguerra/dev/seneca/cv-project/data/IMG/right_2025_12_03_12_08_19_690.jpg,0,1,0,30.18982
/Users/davidfeliperiveraguerra/dev/seneca/cv-project/data/IMG/center_2025_12_03_12_08_19_761.jpg,/Users/davidfeliperiveraguerra/dev/seneca/cv-project/data/IMG/left_2025_12_03_12_08_19_761.jpg,/Users/davidfeliperiveraguerra/dev/seneca/cv-project/data/IMG/right_2025_12_03_12_08_19_761.jpg,0,1,0,30.1901
/Users/davidfeliperiveraguerra/dev/seneca/cv-project/data/IMG/center_2025_12_03_12_08_19_832.jpg,/Users/davidfeliperiveraguerra/dev/seneca/cv-project/data/IMG/left_2025_12_03_12_08_19_832.jpg,/Users/davidfeliperiveraguerra/dev/seneca/cv-project/data/IMG/right_2025_12_03_12_08_19_832.jpg,0,1,0,30.19017
/Users/davidfeliperiveraguerra/dev/seneca/cv-project/data/IMG/center_2025_12_03_12_08_19_904.jpg,/Users/davidfeliperiveraguerra/dev/seneca/cv-project/data/IMG/left_2025_12_03_12_08_19_904.jpg,/Users/davidfeliperiveraguerra/dev/seneca/cv-project/data/IMG/right_2025_12_03_12_08_19_904.jpg,0,1,0,30.1902
/Users/davidfeliperiveraguerra/dev/seneca/cv-project/data/IMG/center_2025_12_03_12_08_19_970.jpg,/Users/davidfeliperiveraguerra/dev/seneca/cv-project/data/IMG/left_2025_12_03_12_08_19_970.jpg,/Users/davidfeliperiveraguerra/dev/seneca/cv-project/data/IMG/right_2025_12_03_12_08_19_970.jpg,0,1,0,30.19018
/Users/davidfeliperiveraguerra/dev/seneca/cv-project/data/IMG/center_2025_12_03_12_08_20_037.jpg,/Users/davidfeliperiveraguerra/dev/seneca/cv-project/data/IMG/left_2025_12_03_12_08_20_037.jpg,/Users/davidfeliperiveraguerra/dev/seneca/cv-project/data/IMG/right_2025_12_03_12_08_20_037.jpg,0,1,0,30.19018
/Users/davidfeliperiveraguerra/dev/seneca/cv-project/data/IMG/center_2025_12_03_12_08_20_109.jpg,/Users/davidfeliperiveraguerra/dev/seneca/cv-project/data/IMG/left_2025_12_03_12_08_20_109.jpg,/Users/davidfeliperiveraguerra/dev/seneca/cv-project/data/IMG/right_2025_12_03_12_08_20_109.jpg,0,1,0,30.1902
/Users/davidfeliperiveraguerra/dev/seneca/cv-project/data/IMG/center_2025_12_03_12_08_20_176.jpg,/Users/davidfeliperiveraguerra/dev/seneca/cv-project/data/IMG/left_2025_12_03_12_08_20_176.jpg,/Users/davidfeliperiveraguerra/dev/seneca/cv-project/data/IMG/right_2025_12_03_12_08_20_176.jpg,0,1,0,30.19018
/Users/davidfeliperiveraguerra/dev/seneca/cv-project/data/IMG/center_2025_12_03_12_08_20_248.jpg,/Users/davidfeliperiveraguerra/dev/seneca/cv-project/data/IMG/left_2025_12_03_12_08_20_248.jpg,/Users/davidfeliperiveraguerra/dev/seneca/cv-project/data/IMG/right_2025_12_03_12_08_20_248.jpg,0,1,0,30.19016
/Users/davidfeliperiveraguerra/dev/seneca/cv-project/data/IMG/center_2025_12_03_12_08_20_315.jpg,/Users/davidfeliperiveraguerra/dev/seneca/cv-project/data/IMG/left_2025_12_03_12_08_20_315.jpg,/Users/davidfeliperiveraguerra/dev/seneca/cv-project/data/IMG/right_2025_12_03_12_08_20_315.jpg,0,1,0,30.19018
/Users/davidfeliperiveraguerra/dev/seneca/cv-project/data/IMG/center_2025_12_03_12_08_20_388.jpg,/Users/davidfeliperiveraguerra/dev/seneca/cv-project/data/IMG/left_2025_12_03_12_08_20_388.jpg,/Users/davidfeliperiveraguerra/dev/seneca/cv-project/data/IMG/right_2025_12_03_12_08_20_388.jpg,0,1,0,30.19018
/Users/davidfeliperiveraguerra/dev/seneca/cv-project/data/IMG/center_2025_12_03_12_08_20_460.jpg,/Users/davidfeliperiveraguerra/dev/seneca/cv-project/data/IMG/left_2025_12_03_12_08_20_460.jpg,/Users/davidfeliperiveraguerra/dev/seneca/cv-project/data/IMG/right_2025_12_03_12_08_20_460.jpg,0,1,0,30.1902
/Users/davidfeliperiveraguerra/dev/seneca/cv-project/data/IMG/center_2025_12_03_12_08_20_532.jpg,/Users/davidfeliperiveraguerra/dev/seneca/cv-project/data/IMG/left_2025_12_03_12_08_20_532.jpg,/Users/davidfeliperiveraguerra/dev/seneca/cv-project/data/IMG/right_2025_12_03_12_08_20_532.jpg,-0.1,1,0,30.18774
/Users/davidfeliperiveraguerra/dev/seneca/cv-project/data/IMG/center_2025_12_03_12_08_20_598.jpg,/Users/davidfeliperiveraguerra/dev/seneca/cv-project/data/IMG/left_2025_12_03_12_08_20_598.jpg,/Users/davidfeliperiveraguerra/dev/seneca/cv-project/data/IMG/right_2025_12_03_12_08_20_598.jpg,-0.25,1,0,30.17513
/Users/davidfeliperiveraguerra/dev/seneca/cv-project/data/IMG/center_2025_12_03_12_08_20_671.jpg,/Users/davidfeliperiveraguerra/dev/seneca/cv-project/data/IMG/left_2025_12_03_12_08_20_671.jpg,/Users/davidfeliperiveraguerra/dev/seneca/cv-project/data/IMG/right_2025_12_03_12_08_20_671.jpg,0,1,0,30.19002
/Users/davidfeliperiveraguerra/dev/seneca/cv-project/data/IMG/center_2025_12_03_12_08_20_738.jpg,/Users/davidfeliperiveraguerra/dev/seneca/cv-project/data/IMG/left_2025_12_03_12_08_20_738.jpg,/Users/davidfeliperiveraguerra/dev/seneca/cv-project/data/IMG/right_2025_12_03_12_08_20_738.jpg,0,1,0,30.19014
/Users/davidfeliperiveraguerra/dev/seneca/cv-project/data/IMG/center_2025_12_03_12_08_20_810.jpg,/Users/davidfeliperiveraguerra/dev/seneca/cv-project/data/IMG/left_2025_12_03_12_08_20_810.jpg,/Users/davidfeliperiveraguerra/dev/seneca/cv-project/data/IMG/right_2025_12_03_12_08_20_810.jpg,0,1,0,30.19028
/Users/davidfeliperiveraguerra/dev/seneca/cv-project/data/IMG/center_2025_12_03_12_08_20_882.jpg,/Users/davidfeliperiveraguerra/dev/seneca/cv-project/data/IMG/left_2025_12_03_12_08_20_882.jpg,/Users/davidfeliperiveraguerra/dev/seneca/cv-project/data/IMG/right_2025_12_03_12_08_20_882.jpg,-0.1,1,0,30.18798
/Users/davidfeliperiveraguerra/dev/seneca/cv-project/data/IMG/center_2025_12_03_12_08_20_956.jpg,/Users/davidfeliperiveraguerra/dev/seneca/cv-project/data/IMG/left_2025_12_03_12_08_20_956.jpg,/Users/davidfeliperiveraguerra/dev/seneca/cv-project/data/IMG/right_2025_12_03_12_08_20_956.jpg,-0.3,1,0,30.17035
/Users/davidfeliperiveraguerra/dev/seneca/cv-project/data/IMG/center_2025_12_03_12_08_21_026.jpg,/Users/davidfeliperiveraguerra/dev/seneca/cv-project/data/IMG/left_2025_12_03_12_08_21_026.jpg,/Users/davidfeliperiveraguerra/dev/seneca/cv-project/data/IMG/right_2025_12_03_12_08_21_026.jpg,0,1,0,30.18986
/Users/davidfeliperiveraguerra/dev/seneca/cv-project/data/IMG/center_2025_12_03_12_08_21_093.jpg,/Users/davidfeliperiveraguerra/dev/seneca/cv-project/data/IMG/left_2025_12_03_12_08_21_093.jpg,/Users/davidfeliperiveraguerra/dev/seneca/cv-project/data/IMG/right_2025_12_03_12_08_21_093.jpg,0,1,0,30.1898
/Users/davidfeliperiveraguerra/dev/seneca/cv-project/data/IMG/center_2025_12_03_12_08_21_165.jpg,/Users/davidfeliperiveraguerra/dev/seneca/cv-project/data/IMG/left_2025_12_03_12_08_21_165.jpg,/Users/davidfeliperiveraguerra/dev/seneca/cv-project/data/IMG/right_2025_12_03_12_08_21_165.jpg,0,1,0,30.19025
/Users/davidfeliperiveraguerra/dev/seneca/cv-project/data/IMG/center_2025_12_03_12_08_21_232.jpg,/Users/davidfeliperiveraguerra/dev/seneca/cv-project/data/IMG/left_2025_12_03_12_08_21_232.jpg,/Users/davidfeliperiveraguerra/dev/seneca/cv-project/data/IMG/right_2025_12_03_12_08_21_232.jpg,0,1,0,30.1903
/Users/davidfeliperiveraguerra/dev/seneca/cv-project/data/IMG/center_2025_12_03_12_08_21_305.jpg,/Users/davidfeliperiveraguerra/dev/seneca/cv-project/data/IMG/left_2025_12_03_12_08_21_305.jpg,/Users/davidfeliperiveraguerra/dev/seneca/cv-project/data/IMG/right_2025_12_03_12_08_21_305.jpg,0,1,0,30.19028
/Users/davidfeliperiveraguerra/dev/seneca/cv-project/data/IMG/center_2025_12_03_12_08_21_371.jpg,/Users/davidfeliperiveraguerra/dev/seneca/cv-project/data/IMG/left_2025_12_03_12_08_21_371.jpg,/Users/davidfeliperiveraguerra/dev/seneca/cv-project/data/IMG/right_2025_12_03_12_08_21_371.jpg,0,1,0,30.1903
/Users/davidfeliperiveraguerra/dev/seneca/cv-project/data/IMG/center_2025_12_03_12_08_21_443.jpg,/Users/davidfeliperiveraguerra/dev/seneca/cv-project/data/IMG/left_2025_12_03_12_08_21_443.jpg,/Users/davidfeliperiveraguerra/dev/seneca/cv-project/data/IMG/right_2025_12_03_12_08_21_443.jpg,0,1,0,30.19031
/Users/davidfeliperiveraguerra/dev/seneca/cv-project/data/IMG/center_2025_12_03_12_08_21_510.jpg,/Users/davidfeliperiveraguerra/dev/seneca/cv-project/data/IMG/left_2025_12_03_12_08_21_510.jpg,/Users/davidfeliperiveraguerra/dev/seneca/cv-project/data/IMG/right_2025_12_03_12_08_21_510.jpg,0,1,0,30.19028
/Users/davidfeliperiveraguerra/dev/seneca/cv-project/data/IMG/center_2025_12_03_12_08_21_582.jpg,/Users/davidfeliperiveraguerra/dev/seneca/cv-project/data/IMG/left_2025_12_03_12_08_21_582.jpg,/Users/davidfeliperiveraguerra/dev/seneca/cv-project/data/IMG/right_2025_12_03_12_08_21_582.jpg,0,1,0,30.19033
/Users/davidfeliperiveraguerra/dev/seneca/cv-project/data/IMG/center_2025_12_03_12_08_21_648.jpg,/Users/davidfeliperiveraguerra/dev/seneca/cv-project/data/IMG/left_2025_12_03_12_08_21_648.jpg,/Users/davidfeliperiveraguerra/dev/seneca/cv-project/data/IMG/right_2025_12_03_12_08_21_648.jpg,0,1,0,30.19029
/Users/davidfeliperiveraguerra/dev/seneca/cv-project/data/IMG/center_2025_12_03_12_08_21_715.jpg,/Users/davidfeliperiveraguerra/dev/seneca/cv-project/data/IMG/left_2025_12_03_12_08_21_715.jpg,/Users/davidfeliperiveraguerra/dev/seneca/cv-project/data/IMG/right_2025_12_03_12_08_21_715.jpg,0,1,0,30.1903
/Users/davidfeliperiveraguerra/dev/seneca/cv-project/data/IMG/center_2025_12_03_12_08_21_782.jpg,/Users/davidfeliperiveraguerra/dev/seneca/cv-project/data/IMG/left_2025_12_03_12_08_21_782.jpg,/Users/davidfeliperiveraguerra/dev/seneca/cv-project/data/IMG/right_2025_12_03_12_08_21_782.jpg,0,1,0,30.19034
/Users/davidfeliperiveraguerra/dev/seneca/cv-project/data/IMG/center_2025_12_03_12_08_21_849.jpg,/Users/davidfeliperiveraguerra/dev/seneca/cv-project/data/IMG/left_2025_12_03_12_08_21_849.jpg,/Users/davidfeliperiveraguerra/dev/seneca/cv-project/data/IMG/right_2025_12_03_12_08_21_849.jpg,0,1,0,30.1903
/Users/davidfeliperiveraguerra/dev/seneca/cv-project/data/IMG/center_2025_12_03_12_08_21_916.jpg,/Users/davidfeliperiveraguerra/dev/seneca/cv-project/data/IMG/left_2025_12_03_12_08_21_916.jpg,/Users/davidfeliperiveraguerra/dev/seneca/cv-project/data/IMG/right_2025_12_03_12_08_21_916.jpg,0,1,0,30.19031
/Users/davidfeliperiveraguerra/dev/seneca/cv-project/data/IMG/center_2025_12_03_12_08_21_988.jpg,/Users/davidfeliperiveraguerra/dev/seneca/cv-project/data/IMG/left_2025_12_03_12_08_21_988.jpg,/Users/davidfeliperiveraguerra/dev/seneca/cv-project/data/IMG/right_2025_12_03_12_08_21_988.jpg,-0.2,1,0,30.18022
/Users/davidfeliperiveraguerra/dev/seneca/cv-project/data/IMG/center_2025_12_03_12_08_22_056.jpg,/Users/davidfeliperiveraguerra/dev/seneca/cv-project/data/IMG/left_2025_12_03_12_08_22_056.jpg,/Users/davidfeliperiveraguerra/dev/seneca/cv-project/data/IMG/right_2025_12_03_12_08_22_056.jpg,0,1,0,30.18974
/Users/davidfeliperiveraguerra/dev/seneca/cv-project/data/IMG/center_2025_12_03_12_08_22_125.jpg,/Users/davidfeliperiveraguerra/dev/seneca/cv-project/data/IMG/left_2025_12_03_12_08_22_125.jpg,/Users/davidfeliperiveraguerra/dev/seneca/cv-project/data/IMG/right_2025_12_03_12_08_22_125.jpg,0,1,0,30.19033
/Users/davidfeliperiveraguerra/dev/seneca/cv-project/data/IMG/center_2025_12_03_12_08_22_196.jpg,/Users/davidfeliperiveraguerra/dev/seneca/cv-project/data/IMG/left_2025_12_03_12_08_22_196.jpg,/Users/davidfeliperiveraguerra/dev/seneca/cv-project/data/IMG/right_2025_12_03_12_08_22_196.jpg,0,1,0,30.1909
/Users/davidfeliperiveraguerra/dev/seneca/cv-project/data/IMG/center_2025_12_03_12_08_22_268.jpg,/Users/davidfeliperiveraguerra/dev/seneca/cv-project/data/IMG/left_2025_12_03_12_08_22_268.jpg,/Users/davidfeliperiveraguerra/dev/seneca/cv-project/data/IMG/right_2025_12_03_12_08_22_268.jpg,0,1,0,30.19023
/Users/davidfeliperiveraguerra/dev/seneca/cv-project/data/IMG/center_2025_12_03_12_08_22_340.jpg,/Users/davidfeliperiveraguerra/dev/seneca/cv-project/data/IMG/left_2025_12_03_12_08_22_340.jpg,/Users/davidfeliperiveraguerra/dev/seneca/cv-project/data/IMG/right_2025_12_03_12_08_22_340.jpg,0,1,0,30.19026
/Users/davidfeliperiveraguerra/dev/seneca/cv-project/data/IMG/center_2025_12_03_12_08_22_407.jpg,/Users/davidfeliperiveraguerra/dev/seneca/cv-project/data/IMG/left_2025_12_03_12_08_22_407.jpg,/Users/davidfeliperiveraguerra/dev/seneca/cv-project/data/IMG/right_2025_12_03_12_08_22_407.jpg,0,1,0,30.19078
/Users/davidfeliperiveraguerra/dev/seneca/cv-project/data/IMG/center_2025_12_03_12_08_22_479.jpg,/Users/davidfeliperiveraguerra/dev/seneca/cv-project/data/IMG/left_2025_12_03_12_08_22_479.jpg,/Users/davidfeliperiveraguerra/dev/seneca/cv-project/data/IMG/right_2025_12_03_12_08_22_479.jpg,0,1,0,30.19014
/Users/davidfeliperiveraguerra/dev/seneca/cv-project/data/IMG/center_2025_12_03_12_08_22_550.jpg,/Users/davidfeliperiveraguerra/dev/seneca/cv-project/data/IMG/left_2025_12_03_12_08_22_550.jpg,/Users/davidfeliperiveraguerra/dev/seneca/cv-project/data/IMG/right_2025_12_03_12_08_22_550.jpg,0,1,0,30.19021
/Users/davidfeliperiveraguerra/dev/seneca/cv-project/data/IMG/center_2025_12_03_12_08_22_621.jpg,/Users/davidfeliperiveraguerra/dev/seneca/cv-project/data/IMG/left_2025_12_03_12_08_22_621.jpg,/Users/davidfeliperiveraguerra/dev/seneca/cv-project/data/IMG/right_2025_12_03_12_08_22_621.jpg,0,1,0,30.19021
/Users/davidfeliperiveraguerra/dev/seneca/cv-project/data/IMG/center_2025_12_03_12_08_22_694.jpg,/Users/davidfeliperiveraguerra/dev/seneca/cv-project/data/IMG/left_2025_12_03_12_08_22_694.jpg,/Users/davidfeliperiveraguerra/dev/seneca/cv-project/data/IMG/right_2025_12_03_12_08_22_694.jpg,0,1,0,30.19022
/Users/davidfeliperiveraguerra/dev/seneca/cv-project/data/IMG/center_2025_12_03_12_08_22_762.jpg,/Users/davidfeliperiveraguerra/dev/seneca/cv-project/data/IMG/left_2025_12_03_12_08_22_762.jpg,/Users/davidfeliperiveraguerra/dev/seneca/cv-project/data/IMG/right_2025_12_03_12_08_22_762.jpg,0,1,0,30.19025
/Users/davidfeliperiveraguerra/dev/seneca/cv-project/data/IMG/center_2025_12_03_12_08_22_832.jpg,/Users/davidfeliperiveraguerra/dev/seneca/cv-project/data/IMG/left_2025_12_03_12_08_22_832.jpg,/Users/davidfeliperiveraguerra/dev/seneca/cv-project/data/IMG/right_2025_12_03_12_08_22_832.jpg,0,1,0,30.19024
/Users/davidfeliperiveraguerra/dev/seneca/cv-project/data/IMG/center_2025_12_03_12_08_22_905.jpg,/Users/davidfeliperiveraguerra/dev/seneca/cv-project/data/IMG/left_2025_12_03_12_08_22_905.jpg,/Users/davidfeliperiveraguerra/dev/seneca/cv-project/data/IMG/right_2025_12_03_12_08_22_905.jpg,0,1,0,30.19027
/Users/davidfeliperiveraguerra/dev/seneca/cv-project/data/IMG/center_2025_12_03_12_08_22_972.jpg,/Users/davidfeliperiveraguerra/dev/seneca/cv-project/data/IMG/left_2025_12_03_12_08_22_972.jpg,/Users/davidfeliperiveraguerra/dev/seneca/cv-project/data/IMG/right_2025_12_03_12_08_22_972.jpg,0,1,0,30.19022
/Users/davidfeliperiveraguerra/dev/seneca/cv-project/data/IMG/center_2025_12_03_12_08_23_044.jpg,/Users/davidfeliperiveraguerra/dev/seneca/cv-project/data/IMG/left_2025_12_03_12_08_23_044.jpg,/Users/davidfeliperiveraguerra/dev/seneca/cv-project/data/IMG/right_2025_12_03_12_08_23_044.jpg,0,1,0,30.19028
/Users/davidfeliperiveraguerra/dev/seneca/cv-project/data/IMG/center_2025_12_03_12_08_23_110.jpg,/Users/davidfeliperiveraguerra/dev/seneca/cv-project/data/IMG/left_2025_12_03_12_08_23_110.jpg,/Users/davidfeliperiveraguerra/dev/seneca/cv-project/data/IMG/right_2025_12_03_12_08_23_110.jpg,-0.15,1,0,30.18446
/Users/davidfeliperiveraguerra/dev/seneca/cv-project/data/IMG/center_2025_12_03_12_08_23_177.jpg,/Users/davidfeliperiveraguerra/dev/seneca/cv-project/data/IMG/left_2025_12_03_12_08_23_177.jpg,/Users/davidfeliperiveraguerra/dev/seneca/cv-project/data/IMG/right_2025_12_03_12_08_23_177.jpg,0,1,0,30.18591
/Users/davidfeliperiveraguerra/dev/seneca/cv-project/data/IMG/center_2025_12_03_12_08_23_249.jpg,/Users/davidfeliperiveraguerra/dev/seneca/cv-project/data/IMG/left_2025_12_03_12_08_23_249.jpg,/Users/davidfeliperiveraguerra/dev/seneca/cv-project/data/IMG/right_2025_12_03_12_08_23_249.jpg,0,1,0,30.18998
/Users/davidfeliperiveraguerra/dev/seneca/cv-project/data/IMG/center_2025_12_03_12_08_23_322.jpg,/Users/davidfeliperiveraguerra/dev/seneca/cv-project/data/IMG/left_2025_12_03_12_08_23_322.jpg,/Users/davidfeliperiveraguerra/dev/seneca/cv-project/data/IMG/right_2025_12_03_12_08_23_322.jpg,0,1,0,30.19022
/Users/davidfeliperiveraguerra/dev/seneca/cv-project/data/IMG/center_2025_12_03_12_08_23_389.jpg,/Users/davidfeliperiveraguerra/dev/seneca/cv-project/data/IMG/left_2025_12_03_12_08_23_389.jpg,/Users/davidfeliperiveraguerra/dev/seneca/cv-project/data/IMG/right_2025_12_03_12_08_23_389.jpg,0,1,0,30.19032
/Users/davidfeliperiveraguerra/dev/seneca/cv-project/data/IMG/center_2025_12_03_12_08_23_455.jpg,/Users/davidfeliperiveraguerra/dev/seneca/cv-project/data/IMG/left_2025_12_03_12_08_23_455.jpg,/Users/davidfeliperiveraguerra/dev/seneca/cv-project/data/IMG/right_2025_12_03_12_08_23_455.jpg,0,1,0,30.19034
/Users/davidfeliperiveraguerra/dev/seneca/cv-project/data/IMG/center_2025_12_03_12_08_23_523.jpg,/Users/davidfeliperiveraguerra/dev/seneca/cv-project/data/IMG/left_2025_12_03_12_08_23_523.jpg,/Users/davidfeliperiveraguerra/dev/seneca/cv-project/data/IMG/right_2025_12_03_12_08_23_523.jpg,0,1,0,30.19005
/Users/davidfeliperiveraguerra/dev/seneca/cv-project/data/IMG/center_2025_12_03_12_08_23_595.jpg,/Users/davidfeliperiveraguerra/dev/seneca/cv-project/data/IMG/left_2025_12_03_12_08_23_595.jpg,/Users/davidfeliperiveraguerra/dev/seneca/cv-project/data/IMG/right_2025_12_03_12_08_23_595.jpg,-0.1,1,0,30.18783
/Users/davidfeliperiveraguerra/dev/seneca/cv-project/data/IMG/center_2025_12_03_12_08_23_666.jpg,/Users/davidfeliperiveraguerra/dev/seneca/cv-project/data/IMG/left_2025_12_03_12_08_23_666.jpg,/Users/davidfeliperiveraguerra/dev/seneca/cv-project/data/IMG/right_2025_12_03_12_08_23_666.jpg,0,1,0,30.18603
/Users/davidfeliperiveraguerra/dev/seneca/cv-project/data/IMG/center_2025_12_03_12_08_23_737.jpg,/Users/davidfeliperiveraguerra/dev/seneca/cv-project/data/IMG/left_2025_12_03_12_08_23_737.jpg,/Users/davidfeliperiveraguerra/dev/seneca/cv-project/data/IMG/right_2025_12_03_12_08_23_737.jpg,0,1,0,30.19077
/Users/davidfeliperiveraguerra/dev/seneca/cv-project/data/IMG/center_2025_12_03_12_08_23_806.jpg,/Users/davidfeliperiveraguerra/dev/seneca/cv-project/data/IMG/left_2025_12_03_12_08_23_806.jpg,/Users/davidfeliperiveraguerra/dev/seneca/cv-project/data/IMG/right_2025_12_03_12_08_23_806.jpg,0,1,0,30.19011
/Users/davidfeliperiveraguerra/dev/seneca/cv-project/data/IMG/center_2025_12_03_12_08_23_877.jpg,/Users/davidfeliperiveraguerra/dev/seneca/cv-project/data/IMG/left_2025_12_03_12_08_23_877.jpg,/Users/davidfeliperiveraguerra/dev/seneca/cv-project/data/IMG/right_2025_12_03_12_08_23_877.jpg,0,1,0,30.1902
/Users/davidfeliperiveraguerra/dev/seneca/cv-project/data/IMG/center_2025_12_03_12_08_23_945.jpg,/Users/davidfeliperiveraguerra/dev/seneca/cv-project/data/IMG/left_2025_12_03_12_08_23_945.jpg,/Users/davidfeliperiveraguerra/dev/seneca/cv-project/data/IMG/right_2025_12_03_12_08_23_945.jpg,0,1,0,30.19027
/Users/davidfeliperiveraguerra/dev/seneca/cv-project/data/IMG/center_2025_12_03_12_08_24_015.jpg,/Users/davidfeliperiveraguerra/dev/seneca/cv-project/data/IMG/left_2025_12_03_12_08_24_015.jpg,/Users/davidfeliperiveraguerra/dev/seneca/cv-project/data/IMG/right_2025_12_03_12_08_24_015.jpg,0,1,0,30.19031
/Users/davidfeliperiveraguerra/dev/seneca/cv-project/data/IMG/center_2025_12_03_12_08_24_084.jpg,/Users/davidfeliperiveraguerra/dev/seneca/cv-project/data/IMG/left_2025_12_03_12_08_24_084.jpg,/Users/davidfeliperiveraguerra/dev/seneca/cv-project/data/IMG/right_2025_12_03_12_08_24_084.jpg,0,1,0,30.19029
/Users/davidfeliperiveraguerra/dev/seneca/cv-project/data/IMG/center_2025_12_03_12_08_24_155.jpg,/Users/davidfeliperiveraguerra/dev/seneca/cv-project/data/IMG/left_2025_12_03_12_08_24_155.jpg,/Users/davidfeliperiveraguerra/dev/seneca/cv-project/data/IMG/right_2025_12_03_12_08_24_155.jpg,0,1,0,30.19028
/Users/davidfeliperiveraguerra/dev/seneca/cv-project/data/IMG/center_2025_12_03_12_08_24_225.jpg,/Users/davidfeliperiveraguerra/dev/seneca/cv-project/data/IMG/left_2025_12_03_12_08_24_225.jpg,/Users/davidfeliperiveraguerra/dev/seneca/cv-project/data/IMG/right_2025_12_03_12_08_24_225.jpg,0,1,0,30.19028
/Users/davidfeliperiveraguerra/dev/seneca/cv-project/data/IMG/center_2025_12_03_12_08_24_294.jpg,/Users/davidfeliperiveraguerra/dev/seneca/cv-project/data/IMG/left_2025_12_03_12_08_24_294.jpg,/Users/davidfeliperiveraguerra/dev/seneca/cv-project/data/IMG/right_2025_12_03_12_08_24_294.jpg,0,1,0,30.19033
/Users/davidfeliperiveraguerra/dev/seneca/cv-project/data/IMG/center_2025_12_03_12_08_24_365.jpg,/Users/davidfeliperiveraguerra/dev/seneca/cv-project/data/IMG/left_2025_12_03_12_08_24_365.jpg,/Users/davidfeliperiveraguerra/dev/seneca/cv-project/data/IMG/right_2025_12_03_12_08_24_365.jpg,0,1,0,30.19032
/Users/davidfeliperiveraguerra/dev/seneca/cv-project/data/IMG/center_2025_12_03_12_08_24_434.jpg,/Users/davidfeliperiveraguerra/dev/seneca/cv-project/data/IMG/left_2025_12_03_12_08_24_434.jpg,/Users/davidfeliperiveraguerra/dev/seneca/cv-project/data/IMG/right_2025_12_03_12_08_24_434.jpg,0,1,0,30.19029
/Users/davidfeliperiveraguerra/dev/seneca/cv-project/data/IMG/center_2025_12_03_12_08_24_503.jpg,/Users/davidfeliperiveraguerra/dev/seneca/cv-project/data/IMG/left_2025_12_03_12_08_24_503.jpg,/Users/davidfeliperiveraguerra/dev/seneca/cv-project/data/IMG/right_2025_12_03_12_08_24_503.jpg,0,1,0,30.19026
/Users/davidfeliperiveraguerra/dev/seneca/cv-project/data/IMG/center_2025_12_03_12_08_24_572.jpg,/Users/davidfeliperiveraguerra/dev/seneca/cv-project/data/IMG/left_2025_12_03_12_08_24_572.jpg,/Users/davidfeliperiveraguerra/dev/seneca/cv-project/data/IMG/right_2025_12_03_12_08_24_572.jpg,0,1,0,30.19031
/Users/davidfeliperiveraguerra/dev/seneca/cv-project/data/IMG/center_2025_12_03_12_08_24_644.jpg,/Users/davidfeliperiveraguerra/dev/seneca/cv-project/data/IMG/left_2025_12_03_12_08_24_644.jpg,/Users/davidfeliperiveraguerra/dev/seneca/cv-project/data/IMG/right_2025_12_03_12_08_24_644.jpg,0,1,0,30.19032
/Users/davidfeliperiveraguerra/dev/seneca/cv-project/data/IMG/center_2025_12_03_12_08_24_711.jpg,/Users/davidfeliperiveraguerra/dev/seneca/cv-project/data/IMG/left_2025_12_03_12_08_24_711.jpg,/Users/davidfeliperiveraguerra/dev/seneca/cv-project/data/IMG/right_2025_12_03_12_08_24_711.jpg,0,1,0,30.19029
/Users/davidfeliperiveraguerra/dev/seneca/cv-project/data/IMG/center_2025_12_03_12_08_24_783.jpg,/Users/davidfeliperiveraguerra/dev/seneca/cv-project/data/IMG/left_2025_12_03_12_08_24_783.jpg,/Users/davidfeliperiveraguerra/dev/seneca/cv-project/data/IMG/right_2025_12_03_12_08_24_783.jpg,0,1,0,30.19073
/Users/davidfeliperiveraguerra/dev/seneca/cv-project/data/IMG/center_2025_12_03_12_08_24_849.jpg,/Users/davidfeliperiveraguerra/dev/seneca/cv-project/data/IMG/left_2025_12_03_12_08_24_849.jpg,/Users/davidfeliperiveraguerra/dev/seneca/cv-project/data/IMG/right_2025_12_03_12_08_24_849.jpg,0,1,0,30.19008
/Users/davidfeliperiveraguerra/dev/seneca/cv-project/data/IMG/center_2025_12_03_12_08_24_916.jpg,/Users/davidfeliperiveraguerra/dev/seneca/cv-project/data/IMG/left_2025_12_03_12_08_24_916.jpg,/Users/davidfeliperiveraguerra/dev/seneca/cv-project/data/IMG/right_2025_12_03_12_08_24_916.jpg,0,1,0,30.19011
/Users/davidfeliperiveraguerra/dev/seneca/cv-project/data/IMG/center_2025_12_03_12_08_24_983.jpg,/Users/davidfeliperiveraguerra/dev/seneca/cv-project/data/IMG/left_2025_12_03_12_08_24_983.jpg,/Users/davidfeliperiveraguerra/dev/seneca/cv-project/data/IMG/right_2025_12_03_12_08_24_983.jpg,0,1,0,30.1904
/Users/davidfeliperiveraguerra/dev/seneca/cv-project/data/IMG/center_2025_12_03_12_08_25_056.jpg,/Users/davidfeliperiveraguerra/dev/seneca/cv-project/data/IMG/left_2025_12_03_12_08_25_056.jpg,/Users/davidfeliperiveraguerra/dev/seneca/cv-project/data/IMG/right_2025_12_03_12_08_25_056.jpg,0,1,0,30.18983
/Users/davidfeliperiveraguerra/dev/seneca/cv-project/data/IMG/center_2025_12_03_12_08_25_128.jpg,/Users/davidfeliperiveraguerra/dev/seneca/cv-project/data/IMG/left_2025_12_03_12_08_25_128.jpg,/Users/davidfeliperiveraguerra/dev/seneca/cv-project/data/IMG/right_2025_12_03_12_08_25_128.jpg,0,1,0,30.19007
/Users/davidfeliperiveraguerra/dev/seneca/cv-project/data/IMG/center_2025_12_03_12_08_25_194.jpg,/Users/davidfeliperiveraguerra/dev/seneca/cv-project/data/IMG/left_2025_12_03_12_08_25_194.jpg,/Users/davidfeliperiveraguerra/dev/seneca/cv-project/data/IMG/right_2025_12_03_12_08_25_194.jpg,0,1,0,30.19004
/Users/davidfeliperiveraguerra/dev/seneca/cv-project/data/IMG/center_2025_12_03_12_08_25_266.jpg,/Users/davidfeliperiveraguerra/dev/seneca/cv-project/data/IMG/left_2025_12_03_12_08_25_266.jpg,/Users/davidfeliperiveraguerra/dev/seneca/cv-project/data/IMG/right_2025_12_03_12_08_25_266.jpg,0,1,0,30.19011
/Users/davidfeliperiveraguerra/dev/seneca/cv-project/data/IMG/center_2025_12_03_12_08_25_339.jpg,/Users/davidfeliperiveraguerra/dev/seneca/cv-project/data/IMG/left_2025_12_03_12_08_25_339.jpg,/Users/davidfeliperiveraguerra/dev/seneca/cv-project/data/IMG/right_2025_12_03_12_08_25_339.jpg,-0.05,1,0,30.18962
/Users/davidfeliperiveraguerra/dev/seneca/cv-project/data/IMG/center_2025_12_03_12_08_25_411.jpg,/Users/davidfeliperiveraguerra/dev/seneca/cv-project/data/IMG/left_2025_12_03_12_08_25_411.jpg,/Users/davidfeliperiveraguerra/dev/seneca/cv-project/data/IMG/right_2025_12_03_12_08_25_411.jpg,-0.25,1,0,30.17501
/Users/davidfeliperiveraguerra/dev/seneca/cv-project/data/IMG/center_2025_12_03_12_08_25_478.jpg,/Users/davidfeliperiveraguerra/dev/seneca/cv-project/data/IMG/left_2025_12_03_12_08_25_478.jpg,/Users/davidfeliperiveraguerra/dev/seneca/cv-project/data/IMG/right_2025_12_03_12_08_25_478.jpg,-0.4,1,0,30.15798
/Users/davidfeliperiveraguerra/dev/seneca/cv-project/data/IMG/center_2025_12_03_12_08_25_545.jpg,/Users/davidfeliperiveraguerra/dev/seneca/cv-project/data/IMG/left_2025_12_03_12_08_25_545.jpg,/Users/davidfeliperiveraguerra/dev/seneca/cv-project/data/IMG/right_2025_12_03_12_08_25_545.jpg,0,1,0,30.18527
/Users/davidfeliperiveraguerra/dev/seneca/cv-project/data/IMG/center_2025_12_03_12_08_25_623.jpg,/Users/davidfeliperiveraguerra/dev/seneca/cv-project/data/IMG/left_2025_12_03_12_08_25_623.jpg,/Users/davidfeliperiveraguerra/dev/seneca/cv-project/data/IMG/right_2025_12_03_12_08_25_623.jpg,0,1,0,30.18902
/Users/davidfeliperiveraguerra/dev/seneca/cv-project/data/IMG/center_2025_12_03_12_08_25_711.jpg,/Users/davidfeliperiveraguerra/dev/seneca/cv-project/data/IMG/left_2025_12_03_12_08_25_711.jpg,/Users/davidfeliperiveraguerra/dev/seneca/cv-project/data/IMG/right_2025_12_03_12_08_25_711.jpg,0,1,0,30.1902
/Users/davidfeliperiveraguerra/dev/seneca/cv-project/data/IMG/center_2025_12_03_12_08_25_789.jpg,/Users/davidfeliperiveraguerra/dev/seneca/cv-project/data/IMG/left_2025_12_03_12_08_25_789.jpg,/Users/davidfeliperiveraguerra/dev/seneca/cv-project/data/IMG/right_2025_12_03_12_08_25_789.jpg,0,1,0,30.19047
/Users/davidfeliperiveraguerra/dev/seneca/cv-project/data/IMG/center_2025_12_03_12_08_25_856.jpg,/Users/davidfeliperiveraguerra/dev/seneca/cv-project/data/IMG/left_2025_12_03_12_08_25_856.jpg,/Users/davidfeliperiveraguerra/dev/seneca/cv-project/data/IMG/right_2025_12_03_12_08_25_856.jpg,0,1,0,30.19046
/Users/davidfeliperiveraguerra/dev/seneca/cv-project/data/IMG/center_2025_12_03_12_08_25_923.jpg,/Users/davidfeliperiveraguerra/dev/seneca/cv-project/data/IMG/left_2025_12_03_12_08_25_923.jpg,/Users/davidfeliperiveraguerra/dev/seneca/cv-project/data/IMG/right_2025_12_03_12_08_25_923.jpg,-0.2,1,0,30.1812
/Users/davidfeliperiveraguerra/dev/seneca/cv-project/data/IMG/center_2025_12_03_12_08_25_990.jpg,/Users/davidfeliperiveraguerra/dev/seneca/cv-project/data/IMG/left_2025_12_03_12_08_25_990.jpg,/Users/davidfeliperiveraguerra/dev/seneca/cv-project/data/IMG/right_2025_12_03_12_08_25_990.jpg,0,1,0,30.19002
/Users/davidfeliperiveraguerra/dev/seneca/cv-project/data/IMG/center_2025_12_03_12_08_26_061.jpg,/Users/davidfeliperiveraguerra/dev/seneca/cv-project/data/IMG/left_2025_12_03_12_08_26_061.jpg,/Users/davidfeliperiveraguerra/dev/seneca/cv-project/data/IMG/right_2025_12_03_12_08_26_061.jpg,0,1,0,30.18984
/Users/davidfeliperiveraguerra/dev/seneca/cv-project/data/IMG/center_2025_12_03_12_08_26_128.jpg,/Users/davidfeliperiveraguerra/dev/seneca/cv-project/data/IMG/left_2025_12_03_12_08_26_128.jpg,/Users/davidfeliperiveraguerra/dev/seneca/cv-project/data/IMG/right_2025_12_03_12_08_26_128.jpg,0,1,0,30.19035
/Users/davidfeliperiveraguerra/dev/seneca/cv-project/data/IMG/center_2025_12_03_12_08_26_200.jpg,/Users/davidfeliperiveraguerra/dev/seneca/cv-project/data/IMG/left_2025_12_03_12_08_26_200.jpg,/Users/davidfeliperiveraguerra/dev/seneca/cv-project/data/IMG/right_2025_12_03_12_08_26_200.jpg,0,1,0,30.19046
/Users/davidfeliperiveraguerra/dev/seneca/cv-project/data/IMG/center_2025_12_03_12_08_26_273.jpg,/Users/davidfeliperiveraguerra/dev/seneca/cv-project/data/IMG/left_2025_12_03_12_08_26_273.jpg,/Users/davidfeliperiveraguerra/dev/seneca/cv-project/data/IMG/right_2025_12_03_12_08_26_273.jpg,0.15,1,0,30.1834
/Users/davidfeliperiveraguerra/dev/seneca/cv-project/data/IMG/center_2025_12_03_12_08_26_340.jpg,/Users/davidfeliperiveraguerra/dev/seneca/cv-project/data/IMG/left_2025_12_03_12_08_26_340.jpg,/Users/davidfeliperiveraguerra/dev/seneca/cv-project/data/IMG/right_2025_12_03_12_08_26_340.jpg,0,1,0,30.1856
/Users/davidfeliperiveraguerra/dev/seneca/cv-project/data/IMG/center_2025_12_03_12_08_26_407.jpg,/Users/davidfeliperiveraguerra/dev/seneca/cv-project/data/IMG/left_2025_12_03_12_08_26_407.jpg,/Users/davidfeliperiveraguerra/dev/seneca/cv-project/data/IMG/right_2025_12_03_12_08_26_407.jpg,0,1,0,30.18999
/Users/davidfeliperiveraguerra/dev/seneca/cv-project/data/IMG/center_2025_12_03_12_08_26_478.jpg,/Users/davidfeliperiveraguerra/dev/seneca/cv-project/data/IMG/left_2025_12_03_12_08_26_478.jpg,/Users/davidfeliperiveraguerra/dev/seneca/cv-project/data/IMG/right_2025_12_03_12_08_26_478.jpg,0,1,0,30.19022
/Users/davidfeliperiveraguerra/dev/seneca/cv-project/data/IMG/center_2025_12_03_12_08_26_547.jpg,/Users/davidfeliperiveraguerra/dev/seneca/cv-project/data/IMG/left_2025_12_03_12_08_26_547.jpg,/Users/davidfeliperiveraguerra/dev/seneca/cv-project/data/IMG/right_2025_12_03_12_08_26_547.jpg,0,1,0,30.19027
/Users/davidfeliperiveraguerra/dev/seneca/cv-project/data/IMG/center_2025_12_03_12_08_26_617.jpg,/Users/davidfeliperiveraguerra/dev/seneca/cv-project/data/IMG/left_2025_12_03_12_08_26_617.jpg,/Users/davidfeliperiveraguerra/dev/seneca/cv-project/data/IMG/right_2025_12_03_12_08_26_617.jpg,0,1,0,30.19022
/Users/davidfeliperiveraguerra/dev/seneca/cv-project/data/IMG/center_2025_12_03_12_08_26_688.jpg,/Users/davidfeliperiveraguerra/dev/seneca/cv-project/data/IMG/left_2025_12_03_12_08_26_688.jpg,/Users/davidfeliperiveraguerra/dev/seneca/cv-project/data/IMG/right_2025_12_03_12_08_26_688.jpg,0,1,0,30.19025
/Users/davidfeliperiveraguerra/dev/seneca/cv-project/data/IMG/center_2025_12_03_12_08_26_756.jpg,/Users/davidfeliperiveraguerra/dev/seneca/cv-project/data/IMG/left_2025_12_03_12_08_26_756.jpg,/Users/davidfeliperiveraguerra/dev/seneca/cv-project/data/IMG/right_2025_12_03_12_08_26_756.jpg,-0.05,1,0,30.18969
/Users/davidfeliperiveraguerra/dev/seneca/cv-project/data/IMG/center_2025_12_03_12_08_26_828.jpg,/Users/davidfeliperiveraguerra/dev/seneca/cv-project/data/IMG/left_2025_12_03_12_08_26_828.jpg,/Users/davidfeliperiveraguerra/dev/seneca/cv-project/data/IMG/right_2025_12_03_12_08_26_828.jpg,-0.25,1,0,30.17496
/Users/davidfeliperiveraguerra/dev/seneca/cv-project/data/IMG/center_2025_12_03_12_08_26_900.jpg,/Users/davidfeliperiveraguerra/dev/seneca/cv-project/data/IMG/left_2025_12_03_12_08_26_900.jpg,/Users/davidfeliperiveraguerra/dev/seneca/cv-project/data/IMG/right_2025_12_03_12_08_26_900.jpg,0,1,0,30.18925
/Users/davidfeliperiveraguerra/dev/seneca/cv-project/data/IMG/center_2025_12_03_12_08_26_968.jpg,/Users/davidfeliperiveraguerra/dev/seneca/cv-project/data/IMG/left_2025_12_03_12_08_26_968.jpg,/Users/davidfeliperiveraguerra/dev/seneca/cv-project/data/IMG/right_2025_12_03_12_08_26_968.jpg,0,1,0,30.19017
/Users/davidfeliperiveraguerra/dev/seneca/cv-project/data/IMG/center_2025_12_03_12_08_27_038.jpg,/Users/davidfeliperiveraguerra/dev/seneca/cv-project/data/IMG/left_2025_12_03_12_08_27_038.jpg,/Users/davidfeliperiveraguerra/dev/seneca/cv-project/data/IMG/right_2025_12_03_12_08_27_038.jpg,0,1,0,30.19029
/Users/davidfeliperiveraguerra/dev/seneca/cv-project/data/IMG/center_2025_12_03_12_08_27_107.jpg,/Users/davidfeliperiveraguerra/dev/seneca/cv-project/data/IMG/left_2025_12_03_12_08_27_107.jpg,/Users/davidfeliperiveraguerra/dev/seneca/cv-project/data/IMG/right_2025_12_03_12_08_27_107.jpg,0,1,0,30.19037
/Users/davidfeliperiveraguerra/dev/seneca/cv-project/data/IMG/center_2025_12_03_12_08_27_178.jpg,/Users/davidfeliperiveraguerra/dev/seneca/cv-project/data/IMG/left_2025_12_03_12_08_27_178.jpg,/Users/davidfeliperiveraguerra/dev/seneca/cv-project/data/IMG/right_2025_12_03_12_08_27_178.jpg,0,1,0,30.19033
/Users/davidfeliperiveraguerra/dev/seneca/cv-project/data/IMG/center_2025_12_03_12_08_27_245.jpg,/Users/davidfeliperiveraguerra/dev/seneca/cv-project/data/IMG/left_2025_12_03_12_08_27_245.jpg,/Users/davidfeliperiveraguerra/dev/seneca/cv-project/data/IMG/right_2025_12_03_12_08_27_245.jpg,0,1,0,30.19014
/Users/davidfeliperiveraguerra/dev/seneca/cv-project/data/IMG/center_2025_12_03_12_08_27_313.jpg,/Users/davidfeliperiveraguerra/dev/seneca/cv-project/data/IMG/left_2025_12_03_12_08_27_313.jpg,/Users/davidfeliperiveraguerra/dev/seneca/cv-project/data/IMG/right_2025_12_03_12_08_27_313.jpg,-0.05,1,0,30.1896
/Users/davidfeliperiveraguerra/dev/seneca/cv-project/data/IMG/center_2025_12_03_12_08_27_384.jpg,/Users/davidfeliperiveraguerra/dev/seneca/cv-project/data/IMG/left_2025_12_03_12_08_27_384.jpg,/Users/davidfeliperiveraguerra/dev/seneca/cv-project/data/IMG/right_2025_12_03_12_08_27_384.jpg,-0.25,1,0,30.17538
/Users/davidfeliperiveraguerra/dev/seneca/cv-project/data/IMG/center_2025_12_03_12_08_27_459.jpg,/Users/davidfeliperiveraguerra/dev/seneca/cv-project/data/IMG/left_2025_12_03_12_08_27_459.jpg,/Users/davidfeliperiveraguerra/dev/seneca/cv-project/data/IMG/right_2025_12_03_12_08_27_459.jpg,-0.4,1,0,30.15768
/Users/davidfeliperiveraguerra/dev/seneca/cv-project/data/IMG/center_2025_12_03_12_08_27_532.jpg,/Users/davidfeliperiveraguerra/dev/seneca/cv-project/data/IMG/left_2025_12_03_12_08_27_532.jpg,/Users/davidfeliperiveraguerra/dev/seneca/cv-project/data/IMG/right_2025_12_03_12_08_27_532.jpg,0,1,0,30.18875
/Users/davidfeliperiveraguerra/dev/seneca/cv-project/data/IMG/center_2025_12_03_12_08_27_600.jpg,/Users/davidfeliperiveraguerra/dev/seneca/cv-project/data/IMG/left_2025_12_03_12_08_27_600.jpg,/Users/davidfeliperiveraguerra/dev/seneca/cv-project/data/IMG/right_2025_12_03_12_08_27_600.jpg,0,1,0,30.18981
/Users/davidfeliperiveraguerra/dev/seneca/cv-project/data/IMG/center_2025_12_03_12_08_27_673.jpg,/Users/davidfeliperiveraguerra/dev/seneca/cv-project/data/IMG/left_2025_12_03_12_08_27_673.jpg,/Users/davidfeliperiveraguerra/dev/seneca/cv-project/data/IMG/right_2025_12_03_12_08_27_673.jpg,0,1,0,30.19029
/Users/davidfeliperiveraguerra/dev/seneca/cv-project/data/IMG/center_2025_12_03_12_08_27_740.jpg,/Users/davidfeliperiveraguerra/dev/seneca/cv-project/data/IMG/left_2025_12_03_12_08_27_740.jpg,/Users/davidfeliperiveraguerra/dev/seneca/cv-project/data/IMG/right_2025_12_03_12_08_27_740.jpg,0,1,0,30.19032
/Users/davidfeliperiveraguerra/dev/seneca/cv-project/data/IMG/center_2025_12_03_12_08_27_812.jpg,/Users/davidfeliperiveraguerra/dev/seneca/cv-project/data/IMG/left_2025_12_03_12_08_27_812.jpg,/Users/davidfeliperiveraguerra/dev/seneca/cv-project/data/IMG/right_2025_12_03_12_08_27_812.jpg,0,1,0,30.19036
/Users/davidfeliperiveraguerra/dev/seneca/cv-project/data/IMG/center_2025_12_03_12_08_27_884.jpg,/Users/davidfeliperiveraguerra/dev/seneca/cv-project/data/IMG/left_2025_12_03_12_08_27_884.jpg,/Users/davidfeliperiveraguerra/dev/seneca/cv-project/data/IMG/right_2025_12_03_12_08_27_884.jpg,0,1,0,30.19033
/Users/davidfeliperiveraguerra/dev/seneca/cv-project/data/IMG/center_2025_12_03_12_08_27_950.jpg,/Users/davidfeliperiveraguerra/dev/seneca/cv-project/data/IMG/left_2025_12_03_12_08_27_950.jpg,/Users/davidfeliperiveraguerra/dev/seneca/cv-project/data/IMG/right_2025_12_03_12_08_27_950.jpg,0,1,0,30.19035
/Users/davidfeliperiveraguerra/dev/seneca/cv-project/data/IMG/center_2025_12_03_12_08_28_017.jpg,/Users/davidfeliperiveraguerra/dev/seneca/cv-project/data/IMG/left_2025_12_03_12_08_28_017.jpg,/Users/davidfeliperiveraguerra/dev/seneca/cv-project/data/IMG/right_2025_12_03_12_08_28_017.jpg,0,1,0,30.19038
/Users/davidfeliperiveraguerra/dev/seneca/cv-project/data/IMG/center_2025_12_03_12_08_28_086.jpg,/Users/davidfeliperiveraguerra/dev/seneca/cv-project/data/IMG/left_2025_12_03_12_08_28_086.jpg,/Users/davidfeliperiveraguerra/dev/seneca/cv-project/data/IMG/right_2025_12_03_12_08_28_086.jpg,0,1,0,30.19036
/Users/davidfeliperiveraguerra/dev/seneca/cv-project/data/IMG/center_2025_12_03_12_08_28_157.jpg,/Users/davidfeliperiveraguerra/dev/seneca/cv-project/data/IMG/left_2025_12_03_12_08_28_157.jpg,/Users/davidfeliperiveraguerra/dev/seneca/cv-project/data/IMG/right_2025_12_03_12_08_28_157.jpg,0,1,0,30.19038
/Users/davidfeliperiveraguerra/dev/seneca/cv-project/data/IMG/center_2025_12_03_12_08_28_228.jpg,/Users/davidfeliperiveraguerra/dev/seneca/cv-project/data/IMG/left_2025_12_03_12_08_28_228.jpg,/Users/davidfeliperiveraguerra/dev/seneca/cv-project/data/IMG/right_2025_12_03_12_08_28_228.jpg,-0.05,1,0,30.18984
/Users/davidfeliperiveraguerra/dev/seneca/cv-project/data/IMG/center_2025_12_03_12_08_28_295.jpg,/Users/davidfeliperiveraguerra/dev/seneca/cv-project/data/IMG/left_2025_12_03_12_08_28_295.jpg,/Users/davidfeliperiveraguerra/dev/seneca/cv-project/data/IMG/right_2025_12_03_12_08_28_295.jpg,-0.2,1,0,30.18033
/Users/davidfeliperiveraguerra/dev/seneca/cv-project/data/IMG/center_2025_12_03_12_08_28_363.jpg,/Users/davidfeliperiveraguerra/dev/seneca/cv-project/data/IMG/left_2025_12_03_12_08_28_363.jpg,/Users/davidfeliperiveraguerra/dev/seneca/cv-project/data/IMG/right_2025_12_03_12_08_28_363.jpg,0,1,0,30.1828
/Users/davidfeliperiveraguerra/dev/seneca/cv-project/data/IMG/center_2025_12_03_12_08_28_433.jpg,/Users/davidfeliperiveraguerra/dev/seneca/cv-project/data/IMG/left_2025_12_03_12_08_28_433.jpg,/Users/davidfeliperiveraguerra/dev/seneca/cv-project/data/IMG/right_2025_12_03_12_08_28_433.jpg,0,1,0,30.18942
/Users/davidfeliperiveraguerra/dev/seneca/cv-project/data/IMG/center_2025_12_03_12_08_28_504.jpg,/Users/davidfeliperiveraguerra/dev/seneca/cv-project/data/IMG/left_2025_12_03_12_08_28_504.jpg,/Users/davidfeliperiveraguerra/dev/seneca/cv-project/data/IMG/right_2025_12_03_12_08_28_504.jpg,0,1,0,30.19029
/Users/davidfeliperiveraguerra/dev/seneca/cv-project/data/IMG/center_2025_12_03_12_08_28_573.jpg,/Users/davidfeliperiveraguerra/dev/seneca/cv-project/data/IMG/left_2025_12_03_12_08_28_573.jpg,/Users/davidfeliperiveraguerra/dev/seneca/cv-project/data/IMG/right_2025_12_03_12_08_28_573.jpg,0,1,0,30.18989
/Users/davidfeliperiveraguerra/dev/seneca/cv-project/data/IMG/center_2025_12_03_12_08_28_641.jpg,/Users/davidfeliperiveraguerra/dev/seneca/cv-project/data/IMG/left_2025_12_03_12_08_28_641.jpg,/Users/davidfeliperiveraguerra/dev/seneca/cv-project/data/IMG/right_2025_12_03_12_08_28_641.jpg,0,1,0,30.19018
/Users/davidfeliperiveraguerra/dev/seneca/cv-project/data/IMG/center_2025_12_03_12_08_28_708.jpg,/Users/davidfeliperiveraguerra/dev/seneca/cv-project/data/IMG/left_2025_12_03_12_08_28_708.jpg,/Users/davidfeliperiveraguerra/dev/seneca/cv-project/data/IMG/right_2025_12_03_12_08_28_708.jpg,0,1,0,30.1903
/Users/davidfeliperiveraguerra/dev/seneca/cv-project/data/IMG/center_2025_12_03_12_08_28_775.jpg,/Users/davidfeliperiveraguerra/dev/seneca/cv-project/data/IMG/left_2025_12_03_12_08_28_775.jpg,/Users/davidfeliperiveraguerra/dev/seneca/cv-project/data/IMG/right_2025_12_03_12_08_28_775.jpg,0,1,0,30.19034
/Users/davidfeliperiveraguerra/dev/seneca/cv-project/data/IMG/center_2025_12_03_12_08_28_843.jpg,/Users/davidfeliperiveraguerra/dev/seneca/cv-project/data/IMG/left_2025_12_03_12_08_28_843.jpg,/Users/davidfeliperiveraguerra/dev/seneca/cv-project/data/IMG/right_2025_12_03_12_08_28_843.jpg,0,1,0,30.19034
/Users/davidfeliperiveraguerra/dev/seneca/cv-project/data/IMG/center_2025_12_03_12_08_28_913.jpg,/Users/davidfeliperiveraguerra/dev/seneca/cv-project/data/IMG/left_2025_12_03_12_08_28_913.jpg,/Users/davidfeliperiveraguerra/dev/seneca/cv-project/data/IMG/right_2025_12_03_12_08_28_913.jpg,0,1,0,30.19031
/Users/davidfeliperiveraguerra/dev/seneca/cv-project/data/IMG/center_2025_12_03_12_08_28_980.jpg,/Users/davidfeliperiveraguerra/dev/seneca/cv-project/data/IMG/left_2025_12_03_12_08_28_980.jpg,/Users/davidfeliperiveraguerra/dev/seneca/cv-project/data/IMG/right_2025_12_03_12_08_28_980.jpg,0,1,0,30.19033
/Users/davidfeliperiveraguerra/dev/seneca/cv-project/data/IMG/center_2025_12_03_12_08_29_050.jpg,/Users/davidfeliperiveraguerra/dev/seneca/cv-project/data/IMG/left_2025_12_03_12_08_29_050.jpg,/Users/davidfeliperiveraguerra/dev/seneca/cv-project/data/IMG/right_2025_12_03_12_08_29_050.jpg,0,1,0,30.1903
/Users/davidfeliperiveraguerra/dev/seneca/cv-project/data/IMG/center_2025_12_03_12_08_29_118.jpg,/Users/davidfeliperiveraguerra/dev/seneca/cv-project/data/IMG/left_2025_12_03_12_08_29_118.jpg,/Users/davidfeliperiveraguerra/dev/seneca/cv-project/data/IMG/right_2025_12_03_12_08_29_118.jpg,0,1,0,30.19032
/Users/davidfeliperiveraguerra/dev/seneca/cv-project/data/IMG/center_2025_12_03_12_08_29_188.jpg,/Users/davidfeliperiveraguerra/dev/seneca/cv-project/data/IMG/left_2025_12_03_12_08_29_188.jpg,/Users/davidfeliperiveraguerra/dev/seneca/cv-project/data/IMG/right_2025_12_03_12_08_29_188.jpg,0,1,0,30.19034
/Users/davidfeliperiveraguerra/dev/seneca/cv-project/data/IMG/center_2025_12_03_12_08_29_257.jpg,/Users/davidfeliperiveraguerra/dev/seneca/cv-project/data/IMG/left_2025_12_03_12_08_29_257.jpg,/Users/davidfeliperiveraguerra/dev/seneca/cv-project/data/IMG/right_2025_12_03_12_08_29_257.jpg,0,1,0,30.1903
/Users/davidfeliperiveraguerra/dev/seneca/cv-project/data/IMG/center_2025_12_03_12_08_29_328.jpg,/Users/davidfeliperiveraguerra/dev/seneca/cv-project/data/IMG/left_2025_12_03_12_08_29_328.jpg,/Users/davidfeliperiveraguerra/dev/seneca/cv-project/data/IMG/right_2025_12_03_12_08_29_328.jpg,0,1,0,30.19033
/Users/davidfeliperiveraguerra/dev/seneca/cv-project/data/IMG/center_2025_12_03_12_08_29_395.jpg,/Users/davidfeliperiveraguerra/dev/seneca/cv-project/data/IMG/left_2025_12_03_12_08_29_395.jpg,/Users/davidfeliperiveraguerra/dev/seneca/cv-project/data/IMG/right_2025_12_03_12_08_29_395.jpg,0,1,0,30.19007
/Users/davidfeliperiveraguerra/dev/seneca/cv-project/data/IMG/center_2025_12_03_12_08_29_463.jpg,/Users/davidfeliperiveraguerra/dev/seneca/cv-project/data/IMG/left_2025_12_03_12_08_29_463.jpg,/Users/davidfeliperiveraguerra/dev/seneca/cv-project/data/IMG/right_2025_12_03_12_08_29_463.jpg,0,1,0,30.19005
/Users/davidfeliperiveraguerra/dev/seneca/cv-project/data/IMG/center_2025_12_03_12_08_29_532.jpg,/Users/davidfeliperiveraguerra/dev/seneca/cv-project/data/IMG/left_2025_12_03_12_08_29_532.jpg,/Users/davidfeliperiveraguerra/dev/seneca/cv-project/data/IMG/right_2025_12_03_12_08_29_532.jpg,0,1,0,30.19012
/Users/davidfeliperiveraguerra/dev/seneca/cv-project/data/IMG/center_2025_12_03_12_08_29_600.jpg,/Users/davidfeliperiveraguerra/dev/seneca/cv-project/data/IMG/left_2025_12_03_12_08_29_600.jpg,/Users/davidfeliperiveraguerra/dev/seneca/cv-project/data/IMG/right_2025_12_03_12_08_29_600.jpg,0,1,0,30.19126
/Users/davidfeliperiveraguerra/dev/seneca/cv-project/data/IMG/center_2025_12_03_12_08_29_667.jpg,/Users/davidfeliperiveraguerra/dev/seneca/cv-project/data/IMG/left_2025_12_03_12_08_29_667.jpg,/Users/davidfeliperiveraguerra/dev/seneca/cv-project/data/IMG/right_2025_12_03_12_08_29_667.jpg,-0.1,1,0,30.1874
/Users/davidfeliperiveraguerra/dev/seneca/cv-project/data/IMG/center_2025_12_03_12_08_29_736.jpg,/Users/davidfeliperiveraguerra/dev/seneca/cv-project/data/IMG/left_2025_12_03_12_08_29_736.jpg,/Users/davidfeliperiveraguerra/dev/seneca/cv-project/data/IMG/right_2025_12_03_12_08_29_736.jpg,-0.25,1,0,30.17488
/Users/davidfeliperiveraguerra/dev/seneca/cv-project/data/IMG/center_2025_12_03_12_08_29_807.jpg,/Users/davidfeliperiveraguerra/dev/seneca/cv-project/data/IMG/left_2025_12_03_12_08_29_807.jpg,/Users/davidfeliperiveraguerra/dev/seneca/cv-project/data/IMG/right_2025_12_03_12_08_29_807.jpg,-0.45,1,0,30.15195
/Users/davidfeliperiveraguerra/dev/seneca/cv-project/data/IMG/center_2025_12_03_12_08_29_874.jpg,/Users/davidfeliperiveraguerra/dev/seneca/cv-project/data/IMG/left_2025_12_03_12_08_29_874.jpg,/Users/davidfeliperiveraguerra/dev/seneca/cv-project/data/IMG/right_2025_12_03_12_08_29_874.jpg,0,1,0,30.1852
/Users/davidfeliperiveraguerra/dev/seneca/cv-project/data/IMG/center_2025_12_03_12_08_29_941.jpg,/Users/davidfeliperiveraguerra/dev/seneca/cv-project/data/IMG/left_2025_12_03_12_08_29_941.jpg,/Users/davidfeliperiveraguerra/dev/seneca/cv-project/data/IMG/right_2025_12_03_12_08_29_941.jpg,0,1,0,30.18812
/Users/davidfeliperiveraguerra/dev/seneca/cv-project/data/IMG/center_2025_12_03_12_08_30_012.jpg,/Users/davidfeliperiveraguerra/dev/seneca/cv-project/data/IMG/left_2025_12_03_12_08_30_012.jpg,/Users/davidfeliperiveraguerra/dev/seneca/cv-project/data/IMG/right_2025_12_03_12_08_30_012.jpg,0,1,0,30.18996
/Users/davidfeliperiveraguerra/dev/seneca/cv-project/data/IMG/center_2025_12_03_12_08_30_083.jpg,/Users/davidfeliperiveraguerra/dev/seneca/cv-project/data/IMG/left_2025_12_03_12_08_30_083.jpg,/Users/davidfeliperiveraguerra/dev/seneca/cv-project/data/IMG/right_2025_12_03_12_08_30_083.jpg,0,1,0,30.19036
/Users/davidfeliperiveraguerra/dev/seneca/cv-project/data/IMG/center_2025_12_03_12_08_30_150.jpg,/Users/davidfeliperiveraguerra/dev/seneca/cv-project/data/IMG/left_2025_12_03_12_08_30_150.jpg,/Users/davidfeliperiveraguerra/dev/seneca/cv-project/data/IMG/right_2025_12_03_12_08_30_150.jpg,0,1,0,30.19038
/Users/davidfeliperiveraguerra/dev/seneca/cv-project/data/IMG/center_2025_12_03_12_08_30_218.jpg,/Users/davidfeliperiveraguerra/dev/seneca/cv-project/data/IMG/left_2025_12_03_12_08_30_218.jpg,/Users/davidfeliperiveraguerra/dev/seneca/cv-project/data/IMG/right_2025_12_03_12_08_30_218.jpg,0,1,0,30.1904
/Users/davidfeliperiveraguerra/dev/seneca/cv-project/data/IMG/center_2025_12_03_12_08_30_287.jpg,/Users/davidfeliperiveraguerra/dev/seneca/cv-project/data/IMG/left_2025_12_03_12_08_30_287.jpg,/Users/davidfeliperiveraguerra/dev/seneca/cv-project/data/IMG/right_2025_12_03_12_08_30_287.jpg,0,1,0,30.19044
/Users/davidfeliperiveraguerra/dev/seneca/cv-project/data/IMG/center_2025_12_03_12_08_30_355.jpg,/Users/davidfeliperiveraguerra/dev/seneca/cv-project/data/IMG/left_2025_12_03_12_08_30_355.jpg,/Users/davidfeliperiveraguerra/dev/seneca/cv-project/data/IMG/right_2025_12_03_12_08_30_355.jpg,0,1,0,30.19062
/Users/davidfeliperiveraguerra/dev/seneca/cv-project/data/IMG/center_2025_12_03_12_08_30_424.jpg,/Users/davidfeliperiveraguerra/dev/seneca/cv-project/data/IMG/left_2025_12_03_12_08_30_424.jpg,/Users/davidfeliperiveraguerra/dev/seneca/cv-project/data/IMG/right_2025_12_03_12_08_30_424.jpg,0,1,0,30.18991
/Users/davidfeliperiveraguerra/dev/seneca/cv-project/data/IMG/center_2025_12_03_12_08_30_493.jpg,/Users/davidfeliperiveraguerra/dev/seneca/cv-project/data/IMG/left_2025_12_03_12_08_30_493.jpg,/Users/davidfeliperiveraguerra/dev/seneca/cv-project/data/IMG/right_2025_12_03_12_08_30_493.jpg,0,1,0,30.19015
/Users/davidfeliperiveraguerra/dev/seneca/cv-project/data/IMG/center_2025_12_03_12_08_30_564.jpg,/Users/davidfeliperiveraguerra/dev/seneca/cv-project/data/IMG/left_2025_12_03_12_08_30_564.jpg,/Users/davidfeliperiveraguerra/dev/seneca/cv-project/data/IMG/right_2025_12_03_12_08_30_564.jpg,-0.15,1,0,30.18532
/Users/davidfeliperiveraguerra/dev/seneca/cv-project/data/IMG/center_2025_12_03_12_08_30_634.jpg,/Users/davidfeliperiveraguerra/dev/seneca/cv-project/data/IMG/left_2025_12_03_12_08_30_634.jpg,/Users/davidfeliperiveraguerra/dev/seneca/cv-project/data/IMG/right_2025_12_03_12_08_30_634.jpg,-0.3,1,0,30.16918
/Users/davidfeliperiveraguerra/dev/seneca/cv-project/data/IMG/center_2025_12_03_12_08_30_704.jpg,/Users/davidfeliperiveraguerra/dev/seneca/cv-project/data/IMG/left_2025_12_03_12_08_30_704.jpg,/Users/davidfeliperiveraguerra/dev/seneca/cv-project/data/IMG/right_2025_12_03_12_08_30_704.jpg,0,1,0,30.18799
/Users/davidfeliperiveraguerra/dev/seneca/cv-project/data/IMG/center_2025_12_03_12_08_30_771.jpg,/Users/davidfeliperiveraguerra/dev/seneca/cv-project/data/IMG/left_2025_12_03_12_08_30_771.jpg,/Users/davidfeliperiveraguerra/dev/seneca/cv-project/data/IMG/right_2025_12_03_12_08_30_771.jpg,0,1,0,30.18976
/Users/davidfeliperiveraguerra/dev/seneca/cv-project/data/IMG/center_2025_12_03_12_08_30_838.jpg,/Users/davidfeliperiveraguerra/dev/seneca/cv-project/data/IMG/left_2025_12_03_12_08_30_838.jpg,/Users/davidfeliperiveraguerra/dev/seneca/cv-project/data/IMG/right_2025_12_03_12_08_30_838.jpg,0,1,0,30.19013
/Users/davidfeliperiveraguerra/dev/seneca/cv-project/data/IMG/center_2025_12_03_12_08_30_908.jpg,/Users/davidfeliperiveraguerra/dev/seneca/cv-project/data/IMG/left_2025_12_03_12_08_30_908.jpg,/Users/davidfeliperiveraguerra/dev/seneca/cv-project/data/IMG/right_2025_12_03_12_08_30_908.jpg,0,1,0,30.19026
/Users/davidfeliperiveraguerra/dev/seneca/cv-project/data/IMG/center_2025_12_03_12_08_30_979.jpg,/Users/davidfeliperiveraguerra/dev/seneca/cv-project/data/IMG/left_2025_12_03_12_08_30_979.jpg,/Users/davidfeliperiveraguerra/dev/seneca/cv-project/data/IMG/right_2025_12_03_12_08_30_979.jpg,-0.05,1,0,30.18989
/Users/davidfeliperiveraguerra/dev/seneca/cv-project/data/IMG/center_2025_12_03_12_08_31_050.jpg,/Users/davidfeliperiveraguerra/dev/seneca/cv-project/data/IMG/left_2025_12_03_12_08_31_050.jpg,/Users/davidfeliperiveraguerra/dev/seneca/cv-project/data/IMG/right_2025_12_03_12_08_31_050.jpg,-0.25,1,0,30.17589
/Users/davidfeliperiveraguerra/dev/seneca/cv-project/data/IMG/center_2025_12_03_12_08_31_117.jpg,/Users/davidfeliperiveraguerra/dev/seneca/cv-project/data/IMG/left_2025_12_03_12_08_31_117.jpg,/Users/davidfeliperiveraguerra/dev/seneca/cv-project/data/IMG/right_2025_12_03_12_08_31_117.jpg,-0.4,1,0,30.15873
/Users/davidfeliperiveraguerra/dev/seneca/cv-project/data/IMG/center_2025_12_03_12_08_31_184.jpg,/Users/davidfeliperiveraguerra/dev/seneca/cv-project/data/IMG/left_2025_12_03_12_08_31_184.jpg,/Users/davidfeliperiveraguerra/dev/seneca/cv-project/data/IMG/right_2025_12_03_12_08_31_184.jpg,0,1,0,30.18551
/Users/davidfeliperiveraguerra/dev/seneca/cv-project/data/IMG/center_2025_12_03_12_08_31_253.jpg,/Users/davidfeliperiveraguerra/dev/seneca/cv-project/data/IMG/left_2025_12_03_12_08_31_253.jpg,/Users/davidfeliperiveraguerra/dev/seneca/cv-project/data/IMG/right_2025_12_03_12_08_31_253.jpg,0,1,0,30.18864
/Users/davidfeliperiveraguerra/dev/seneca/cv-project/data/IMG/center_2025_12_03_12_08_31_329.jpg,/Users/davidfeliperiveraguerra/dev/seneca/cv-project/data/IMG/left_2025_12_03_12_08_31_329.jpg,/Users/davidfeliperiveraguerra/dev/seneca/cv-project/data/IMG/right_2025_12_03_12_08_31_329.jpg,0,1,0,30.18999
/Users/davidfeliperiveraguerra/dev/seneca/cv-project/data/IMG/center_2025_12_03_12_08_31_399.jpg,/Users/davidfeliperiveraguerra/dev/seneca/cv-project/data/IMG/left_2025_12_03_12_08_31_399.jpg,/Users/davidfeliperiveraguerra/dev/seneca/cv-project/data/IMG/right_2025_12_03_12_08_31_399.jpg,0,1,0,30.19014
/Users/davidfeliperiveraguerra/dev/seneca/cv-project/data/IMG/center_2025_12_03_12_08_31_470.jpg,/Users/davidfeliperiveraguerra/dev/seneca/cv-project/data/IMG/left_2025_12_03_12_08_31_470.jpg,/Users/davidfeliperiveraguerra/dev/seneca/cv-project/data/IMG/right_2025_12_03_12_08_31_470.jpg,0,1,0,30.19038
/Users/davidfeliperiveraguerra/dev/seneca/cv-project/data/IMG/center_2025_12_03_12_08_31_541.jpg,/Users/davidfeliperiveraguerra/dev/seneca/cv-project/data/IMG/left_2025_12_03_12_08_31_541.jpg,/Users/davidfeliperiveraguerra/dev/seneca/cv-project/data/IMG/right_2025_12_03_12_08_31_541.jpg,-0.1,1,0,30.18759
/Users/davidfeliperiveraguerra/dev/seneca/cv-project/data/IMG/center_2025_12_03_12_08_31_612.jpg,/Users/davidfeliperiveraguerra/dev/seneca/cv-project/data/IMG/left_2025_12_03_12_08_31_612.jpg,/Users/davidfeliperiveraguerra/dev/seneca/cv-project/data/IMG/right_2025_12_03_12_08_31_612.jpg,-0.3,1,0,30.17042
/Users/davidfeliperiveraguerra/dev/seneca/cv-project/data/IMG/center_2025_12_03_12_08_31_682.jpg,/Users/davidfeliperiveraguerra/dev/seneca/cv-project/data/IMG/left_2025_12_03_12_08_31_682.jpg,/Users/davidfeliperiveraguerra/dev/seneca/cv-project/data/IMG/right_2025_12_03_12_08_31_682.jpg,0,1,0,30.19002
/Users/davidfeliperiveraguerra/dev/seneca/cv-project/data/IMG/center_2025_12_03_12_08_31_749.jpg,/Users/davidfeliperiveraguerra/dev/seneca/cv-project/data/IMG/left_2025_12_03_12_08_31_749.jpg,/Users/davidfeliperiveraguerra/dev/seneca/cv-project/data/IMG/right_2025_12_03_12_08_31_749.jpg,0,1,0,30.19027
/Users/davidfeliperiveraguerra/dev/seneca/cv-project/data/IMG/center_2025_12_03_12_08_31_819.jpg,/Users/davidfeliperiveraguerra/dev/seneca/cv-project/data/IMG/left_2025_12_03_12_08_31_819.jpg,/Users/davidfeliperiveraguerra/dev/seneca/cv-project/data/IMG/right_2025_12_03_12_08_31_819.jpg,0,1,0,30.19043
/Users/davidfeliperiveraguerra/dev/seneca/cv-project/data/IMG/center_2025_12_03_12_08_31_887.jpg,/Users/davidfeliperiveraguerra/dev/seneca/cv-project/data/IMG/left_2025_12_03_12_08_31_887.jpg,/Users/davidfeliperiveraguerra/dev/seneca/cv-project/data/IMG/right_2025_12_03_12_08_31_887.jpg,0,1,0,30.19041
/Users/davidfeliperiveraguerra/dev/seneca/cv-project/data/IMG/center_2025_12_03_12_08_31_955.jpg,/Users/davidfeliperiveraguerra/dev/seneca/cv-project/data/IMG/left_2025_12_03_12_08_31_955.jpg,/Users/davidfeliperiveraguerra/dev/seneca/cv-project/data/IMG/right_2025_12_03_12_08_31_955.jpg,0,1,0,30.19049
/Users/davidfeliperiveraguerra/dev/seneca/cv-project/data/IMG/center_2025_12_03_12_08_32_028.jpg,/Users/davidfeliperiveraguerra/dev/seneca/cv-project/data/IMG/left_2025_12_03_12_08_32_028.jpg,/Users/davidfeliperiveraguerra/dev/seneca/cv-project/data/IMG/right_2025_12_03_12_08_32_028.jpg,0,1,0,30.19046
/Users/davidfeliperiveraguerra/dev/seneca/cv-project/data/IMG/center_2025_12_03_12_08_32_095.jpg,/Users/davidfeliperiveraguerra/dev/seneca/cv-project/data/IMG/left_2025_12_03_12_08_32_095.jpg,/Users/davidfeliperiveraguerra/dev/seneca/cv-project/data/IMG/right_2025_12_03_12_08_32_095.jpg,0,1,0,30.19089
/Users/davidfeliperiveraguerra/dev/seneca/cv-project/data/IMG/center_2025_12_03_12_08_32_162.jpg,/Users/davidfeliperiveraguerra/dev/seneca/cv-project/data/IMG/left_2025_12_03_12_08_32_162.jpg,/Users/davidfeliperiveraguerra/dev/seneca/cv-project/data/IMG/right_2025_12_03_12_08_32_162.jpg,-0.1,1,0,30.18743
/Users/davidfeliperiveraguerra/dev/seneca/cv-project/data/IMG/center_2025_12_03_12_08_32_233.jpg,/Users/davidfeliperiveraguerra/dev/seneca/cv-project/data/IMG/left_2025_12_03_12_08_32_233.jpg,/Users/davidfeliperiveraguerra/dev/seneca/cv-project/data/IMG/right_2025_12_03_12_08_32_233.jpg,-0.25,1,0,30.17499
/Users/davidfeliperiveraguerra/dev/seneca/cv-project/data/IMG/center_2025_12_03_12_08_32_303.jpg,/Users/davidfeliperiveraguerra/dev/seneca/cv-project/data/IMG/left_2025_12_03_12_08_32_303.jpg,/Users/davidfeliperiveraguerra/dev/seneca/cv-project/data/IMG/right_2025_12_03_12_08_32_303.jpg,0,1,0,30.18992
/Users/davidfeliperiveraguerra/dev/seneca/cv-project/data/IMG/center_2025_12_03_12_08_32_375.jpg,/Users/davidfeliperiveraguerra/dev/seneca/cv-project/data/IMG/left_2025_12_03_12_08_32_375.jpg,/Users/davidfeliperiveraguerra/dev/seneca/cv-project/data/IMG/right_2025_12_03_12_08_32_375.jpg,0,1,0,30.18912
/Users/davidfeliperiveraguerra/dev/seneca/cv-project/data/IMG/center_2025_12_03_12_08_32_443.jpg,/Users/davidfeliperiveraguerra/dev/seneca/cv-project/data/IMG/left_2025_12_03_12_08_32_443.jpg,/Users/davidfeliperiveraguerra/dev/seneca/cv-project/data/IMG/right_2025_12_03_12_08_32_443.jpg,0,1,0,30.19031
/Users/davidfeliperiveraguerra/dev/seneca/cv-project/data/IMG/center_2025_12_03_12_08_32_512.jpg,/Users/davidfeliperiveraguerra/dev/seneca/cv-project/data/IMG/left_2025_12_03_12_08_32_512.jpg,/Users/davidfeliperiveraguerra/dev/seneca/cv-project/data/IMG/right_2025_12_03_12_08_32_512.jpg,0,1,0,30.1901
/Users/davidfeliperiveraguerra/dev/seneca/cv-project/data/IMG/center_2025_12_03_12_08_32_582.jpg,/Users/davidfeliperiveraguerra/dev/seneca/cv-project/data/IMG/left_2025_12_03_12_08_32_582.jpg,/Users/davidfeliperiveraguerra/dev/seneca/cv-project/data/IMG/right_2025_12_03_12_08_32_582.jpg,0,1,0,30.19027
/Users/davidfeliperiveraguerra/dev/seneca/cv-project/data/IMG/center_2025_12_03_12_08_32_650.jpg,/Users/davidfeliperiveraguerra/dev/seneca/cv-project/data/IMG/left_2025_12_03_12_08_32_650.jpg,/Users/davidfeliperiveraguerra/dev/seneca/cv-project/data/IMG/right_2025_12_03_12_08_32_650.jpg,-0.1,1,0,30.18815
/Users/davidfeliperiveraguerra/dev/seneca/cv-project/data/IMG/center_2025_12_03_12_08_32_721.jpg,/Users/davidfeliperiveraguerra/dev/seneca/cv-project/data/IMG/left_2025_12_03_12_08_32_721.jpg,/Users/davidfeliperiveraguerra/dev/seneca/cv-project/data/IMG/right_2025_12_03_12_08_32_721.jpg,-0.25,1,0,30.17566
/Users/davidfeliperiveraguerra/dev/seneca/cv-project/data/IMG/center_2025_12_03_12_08_32_791.jpg,/Users/davidfeliperiveraguerra/dev/seneca/cv-project/data/IMG/left_2025_12_03_12_08_32_791.jpg,/Users/davidfeliperiveraguerra/dev/seneca/cv-project/data/IMG/right_2025_12_03_12_08_32_791.jpg,0,1,0,30.18988
/Users/davidfeliperiveraguerra/dev/seneca/cv-project/data/IMG/center_2025_12_03_12_08_32_858.jpg,/Users/davidfeliperiveraguerra/dev/seneca/cv-project/data/IMG/left_2025_12_03_12_08_32_858.jpg,/Users/davidfeliperiveraguerra/dev/seneca/cv-project/data/IMG/right_2025_12_03_12_08_32_858.jpg,0,1,0,30.18962
/Users/davidfeliperiveraguerra/dev/seneca/cv-project/data/IMG/center_2025_12_03_12_08_32_928.jpg,/Users/davidfeliperiveraguerra/dev/seneca/cv-project/data/IMG/left_2025_12_03_12_08_32_928.jpg,/Users/davidfeliperiveraguerra/dev/seneca/cv-project/data/IMG/right_2025_12_03_12_08_32_928.jpg,0,1,0,30.19059
/Users/davidfeliperiveraguerra/dev/seneca/cv-project/data/IMG/center_2025_12_03_12_08_32_996.jpg,/Users/davidfeliperiveraguerra/dev/seneca/cv-project/data/IMG/left_2025_12_03_12_08_32_996.jpg,/Users/davidfeliperiveraguerra/dev/seneca/cv-project/data/IMG/right_2025_12_03_12_08_32_996.jpg,0,1,0,30.19082
/Users/davidfeliperiveraguerra/dev/seneca/cv-project/data/IMG/center_2025_12_03_12_08_33_066.jpg,/Users/davidfeliperiveraguerra/dev/seneca/cv-project/data/IMG/left_2025_12_03_12_08_33_066.jpg,/Users/davidfeliperiveraguerra/dev/seneca/cv-project/data/IMG/right_2025_12_03_12_08_33_066.jpg,0,1,0,30.19025
/Users/davidfeliperiveraguerra/dev/seneca/cv-project/data/IMG/center_2025_12_03_12_08_33_136.jpg,/Users/davidfeliperiveraguerra/dev/seneca/cv-project/data/IMG/left_2025_12_03_12_08_33_136.jpg,/Users/davidfeliperiveraguerra/dev/seneca/cv-project/data/IMG/right_2025_12_03_12_08_33_136.jpg,0,1,0,30.19008
/Users/davidfeliperiveraguerra/dev/seneca/cv-project/data/IMG/center_2025_12_03_12_08_33_206.jpg,/Users/davidfeliperiveraguerra/dev/seneca/cv-project/data/IMG/left_2025_12_03_12_08_33_206.jpg,/Users/davidfeliperiveraguerra/dev/seneca/cv-project/data/IMG/right_2025_12_03_12_08_33_206.jpg,-0.15,1,0,30.18505
/Users/davidfeliperiveraguerra/dev/seneca/cv-project/data/IMG/center_2025_12_03_12_08_33_280.jpg,/Users/davidfeliperiveraguerra/dev/seneca/cv-project/data/IMG/left_2025_12_03_12_08_33_280.jpg,/Users/davidfeliperiveraguerra/dev/seneca/cv-project/data/IMG/right_2025_12_03_12_08_33_280.jpg,-0.3,1,0,30.16951
/Users/davidfeliperiveraguerra/dev/seneca/cv-project/data/IMG/center_2025_12_03_12_08_33_349.jpg,/Users/davidfeliperiveraguerra/dev/seneca/cv-project/data/IMG/left_2025_12_03_12_08_33_349.jpg,/Users/davidfeliperiveraguerra/dev/seneca/cv-project/data/IMG/right_2025_12_03_12_08_33_349.jpg,0,1,0,30.18804
/Users/davidfeliperiveraguerra/dev/seneca/cv-project/data/IMG/center_2025_12_03_12_08_33_420.jpg,/Users/davidfeliperiveraguerra/dev/seneca/cv-project/data/IMG/left_2025_12_03_12_08_33_420.jpg,/Users/davidfeliperiveraguerra/dev/seneca/cv-project/data/IMG/right_2025_12_03_12_08_33_420.jpg,0,1,0,30.18971
/Users/davidfeliperiveraguerra/dev/seneca/cv-project/data/IMG/center_2025_12_03_12_08_33_487.jpg,/Users/davidfeliperiveraguerra/dev/seneca/cv-project/data/IMG/left_2025_12_03_12_08_33_487.jpg,/Users/davidfeliperiveraguerra/dev/seneca/cv-project/data/IMG/right_2025_12_03_12_08_33_487.jpg,0,1,0,30.19011
/Users/davidfeliperiveraguerra/dev/seneca/cv-project/data/IMG/center_2025_12_03_12_08_33_558.jpg,/Users/davidfeliperiveraguerra/dev/seneca/cv-project/data/IMG/left_2025_12_03_12_08_33_558.jpg,/Users/davidfeliperiveraguerra/dev/seneca/cv-project/data/IMG/right_2025_12_03_12_08_33_558.jpg,0,1,0,30.19022
/Users/davidfeliperiveraguerra/dev/seneca/cv-project/data/IMG/center_2025_12_03_12_08_33_625.jpg,/Users/davidfeliperiveraguerra/dev/seneca/cv-project/data/IMG/left_2025_12_03_12_08_33_625.jpg,/Users/davidfeliperiveraguerra/dev/seneca/cv-project/data/IMG/right_2025_12_03_12_08_33_625.jpg,-0.1,1,0,30.18831
/Users/davidfeliperiveraguerra/dev/seneca/cv-project/data/IMG/center_2025_12_03_12_08_33_696.jpg,/Users/davidfeliperiveraguerra/dev/seneca/cv-project/data/IMG/left_2025_12_03_12_08_33_696.jpg,/Users/davidfeliperiveraguerra/dev/seneca/cv-project/data/IMG/right_2025_12_03_12_08_33_696.jpg,-0.25,1,0,30.17638
/Users/davidfeliperiveraguerra/dev/seneca/cv-project/data/IMG/center_2025_12_03_12_08_33_763.jpg,/Users/davidfeliperiveraguerra/dev/seneca/cv-project/data/IMG/left_2025_12_03_12_08_33_763.jpg,/Users/davidfeliperiveraguerra/dev/seneca/cv-project/data/IMG/right_2025_12_03_12_08_33_763.jpg,-0.45,1,0,30.15192
/Users/davidfeliperiveraguerra/dev/seneca/cv-project/data/IMG/center_2025_12_03_12_08_33_833.jpg,/Users/davidfeliperiveraguerra/dev/seneca/cv-project/data/IMG/left_2025_12_03_12_08_33_833.jpg,/Users/davidfeliperiveraguerra/dev/seneca/cv-project/data/IMG/right_2025_12_03_12_08_33_833.jpg,0,1,0,30.17495
/Users/davidfeliperiveraguerra/dev/seneca/cv-project/data/IMG/center_2025_12_03_12_08_33_903.jpg,/Users/davidfeliperiveraguerra/dev/seneca/cv-project/data/IMG/left_2025_12_03_12_08_33_903.jpg,/Users/davidfeliperiveraguerra/dev/seneca/cv-project/data/IMG/right_2025_12_03_12_08_33_903.jpg,0,1,0,30.1902
/Users/davidfeliperiveraguerra/dev/seneca/cv-project/data/IMG/center_2025_12_03_12_08_33_972.jpg,/Users/davidfeliperiveraguerra/dev/seneca/cv-project/data/IMG/left_2025_12_03_12_08_33_972.jpg,/Users/davidfeliperiveraguerra/dev/seneca/cv-project/data/IMG/right_2025_12_03_12_08_33_972.jpg,0,1,0,30.18891
/Users/davidfeliperiveraguerra/dev/seneca/cv-project/data/IMG/center_2025_12_03_12_08_34_042.jpg,/Users/davidfeliperiveraguerra/dev/seneca/cv-project/data/IMG/left_2025_12_03_12_08_34_042.jpg,/Users/davidfeliperiveraguerra/dev/seneca/cv-project/data/IMG/right_2025_12_03_12_08_34_042.jpg,0,1,0,30.19003
/Users/davidfeliperiveraguerra/dev/seneca/cv-project/data/IMG/center_2025_12_03_12_08_34_110.jpg,/Users/davidfeliperiveraguerra/dev/seneca/cv-project/data/IMG/left_2025_12_03_12_08_34_110.jpg,/Users/davidfeliperiveraguerra/dev/seneca/cv-project/data/IMG/right_2025_12_03_12_08_34_110.jpg,-0.1,1,0,30.18891
/Users/davidfeliperiveraguerra/dev/seneca/cv-project/data/IMG/center_2025_12_03_12_08_34_179.jpg,/Users/davidfeliperiveraguerra/dev/seneca/cv-project/data/IMG/left_2025_12_03_12_08_34_179.jpg,/Users/davidfeliperiveraguerra/dev/seneca/cv-project/data/IMG/right_2025_12_03_12_08_34_179.jpg,-0.25,1,0,30.17697
/Users/davidfeliperiveraguerra/dev/seneca/cv-project/data/IMG/center_2025_12_03_12_08_34_249.jpg,/Users/davidfeliperiveraguerra/dev/seneca/cv-project/data/IMG/left_2025_12_03_12_08_34_249.jpg,/Users/davidfeliperiveraguerra/dev/seneca/cv-project/data/IMG/right_2025_12_03_12_08_34_249.jpg,-0.45,1,0,30.15347
/Users/davidfeliperiveraguerra/dev/seneca/cv-project/data/IMG/center_2025_12_03_12_08_34_316.jpg,/Users/davidfeliperiveraguerra/dev/seneca/cv-project/data/IMG/left_2025_12_03_12_08_34_316.jpg,/Users/davidfeliperiveraguerra/dev/seneca/cv-project/data/IMG/right_2025_12_03_12_08_34_316.jpg,0,1,0,30.18686
/Users/davidfeliperiveraguerra/dev/seneca/cv-project/data/IMG/center_2025_12_03_12_08_34_387.jpg,/Users/davidfeliperiveraguerra/dev/seneca/cv-project/data/IMG/left_2025_12_03_12_08_34_387.jpg,/Users/davidfeliperiveraguerra/dev/seneca/cv-project/data/IMG/right_2025_12_03_12_08_34_387.jpg,0,1,0,30.18995
/Users/davidfeliperiveraguerra/dev/seneca/cv-project/data/IMG/center_2025_12_03_12_08_34_459.jpg,/Users/davidfeliperiveraguerra/dev/seneca/cv-project/data/IMG/left_2025_12_03_12_08_34_459.jpg,/Users/davidfeliperiveraguerra/dev/seneca/cv-project/data/IMG/right_2025_12_03_12_08_34_459.jpg,0,1,0,30.18976
/Users/davidfeliperiveraguerra/dev/seneca/cv-project/data/IMG/center_2025_12_03_12_08_34_526.jpg,/Users/davidfeliperiveraguerra/dev/seneca/cv-project/data/IMG/left_2025_12_03_12_08_34_526.jpg,/Users/davidfeliperiveraguerra/dev/seneca/cv-project/data/IMG/right_2025_12_03_12_08_34_526.jpg,-0.2,1,0,30.1823
/Users/davidfeliperiveraguerra/dev/seneca/cv-project/data/IMG/center_2025_12_03_12_08_34_596.jpg,/Users/davidfeliperiveraguerra/dev/seneca/cv-project/data/IMG/left_2025_12_03_12_08_34_596.jpg,/Users/davidfeliperiveraguerra/dev/seneca/cv-project/data/IMG/right_2025_12_03_12_08_34_596.jpg,-0.35,1,0,30.16611
/Users/davidfeliperiveraguerra/dev/seneca/cv-project/data/IMG/center_2025_12_03_12_08_34_663.jpg,/Users/davidfeliperiveraguerra/dev/seneca/cv-project/data/IMG/left_2025_12_03_12_08_34_663.jpg,/Users/davidfeliperiveraguerra/dev/seneca/cv-project/data/IMG/right_2025_12_03_12_08_34_663.jpg,-0.5500001,1,0,30.14077
/Users/davidfeliperiveraguerra/dev/seneca/cv-project/data/IMG/center_2025_12_03_12_08_34_729.jpg,/Users/davidfeliperiveraguerra/dev/seneca/cv-project/data/IMG/left_2025_12_03_12_08_34_729.jpg,/Users/davidfeliperiveraguerra/dev/seneca/cv-project/data/IMG/right_2025_12_03_12_08_34_729.jpg,0,1,0,30.1842
/Users/davidfeliperiveraguerra/dev/seneca/cv-project/data/IMG/center_2025_12_03_12_08_34_800.jpg,/Users/davidfeliperiveraguerra/dev/seneca/cv-project/data/IMG/left_2025_12_03_12_08_34_800.jpg,/Users/davidfeliperiveraguerra/dev/seneca/cv-project/data/IMG/right_2025_12_03_12_08_34_800.jpg,0,1,0,30.18872
/Users/davidfeliperiveraguerra/dev/seneca/cv-project/data/IMG/center_2025_12_03_12_08_34_866.jpg,/Users/davidfeliperiveraguerra/dev/seneca/cv-project/data/IMG/left_2025_12_03_12_08_34_866.jpg,/Users/davidfeliperiveraguerra/dev/seneca/cv-project/data/IMG/right_2025_12_03_12_08_34_866.jpg,-0.05,1,0,30.19053
/Users/davidfeliperiveraguerra/dev/seneca/cv-project/data/IMG/center_2025_12_03_12_08_34_933.jpg,/Users/davidfeliperiveraguerra/dev/seneca/cv-project/data/IMG/left_2025_12_03_12_08_34_933.jpg,/Users/davidfeliperiveraguerra/dev/seneca/cv-project/data/IMG/right_2025_12_03_12_08_34_933.jpg,-0.2,1,0,30.18394
/Users/davidfeliperiveraguerra/dev/seneca/cv-project/data/IMG/center_2025_12_03_12_08_35_004.jpg,/Users/davidfeliperiveraguerra/dev/seneca/cv-project/data/IMG/left_2025_12_03_12_08_35_004.jpg,/Users/davidfeliperiveraguerra/dev/seneca/cv-project/data/IMG/right_2025_12_03_12_08_35_004.jpg,0,1,0,30.1846
/Users/davidfeliperiveraguerra/dev/seneca/cv-project/data/IMG/center_2025_12_03_12_08_35_071.jpg,/Users/davidfeliperiveraguerra/dev/seneca/cv-project/data/IMG/left_2025_12_03_12_08_35_071.jpg,/Users/davidfeliperiveraguerra/dev/seneca/cv-project/data/IMG/right_2025_12_03_12_08_35_071.jpg,0,1,0,30.18888
/Users/davidfeliperiveraguerra/dev/seneca/cv-project/data/IMG/center_2025_12_03_12_08_35_140.jpg,/Users/davidfeliperiveraguerra/dev/seneca/cv-project/data/IMG/left_2025_12_03_12_08_35_140.jpg,/Users/davidfeliperiveraguerra/dev/seneca/cv-project/data/IMG/right_2025_12_03_12_08_35_140.jpg,0,1,0,30.19032
/Users/davidfeliperiveraguerra/dev/seneca/cv-project/data/IMG/center_2025_12_03_12_08_35_207.jpg,/Users/davidfeliperiveraguerra/dev/seneca/cv-project/data/IMG/left_2025_12_03_12_08_35_207.jpg,/Users/davidfeliperiveraguerra/dev/seneca/cv-project/data/IMG/right_2025_12_03_12_08_35_207.jpg,0,1,0,30.19043
/Users/davidfeliperiveraguerra/dev/seneca/cv-project/data/IMG/center_2025_12_03_12_08_35_277.jpg,/Users/davidfeliperiveraguerra/dev/seneca/cv-project/data/IMG/left_2025_12_03_12_08_35_277.jpg,/Users/davidfeliperiveraguerra/dev/seneca/cv-project/data/IMG/right_2025_12_03_12_08_35_277.jpg,-0.1,1,0,30.18821
/Users/davidfeliperiveraguerra/dev/seneca/cv-project/data/IMG/center_2025_12_03_12_08_35_344.jpg,/Users/davidfeliperiveraguerra/dev/seneca/cv-project/data/IMG/left_2025_12_03_12_08_35_344.jpg,/Users/davidfeliperiveraguerra/dev/seneca/cv-project/data/IMG/right_2025_12_03_12_08_35_344.jpg,-0.3,1,0,30.17037
/Users/davidfeliperiveraguerra/dev/seneca/cv-project/data/IMG/center_2025_12_03_12_08_35_411.jpg,/Users/davidfeliperiveraguerra/dev/seneca/cv-project/data/IMG/left_2025_12_03_12_08_35_411.jpg,/Users/davidfeliperiveraguerra/dev/seneca/cv-project/data/IMG/right_2025_12_03_12_08_35_411.jpg,0,1,0,30.18983
/Users/davidfeliperiveraguerra/dev/seneca/cv-project/data/IMG/center_2025_12_03_12_08_35_481.jpg,/Users/davidfeliperiveraguerra/dev/seneca/cv-project/data/IMG/left_2025_12_03_12_08_35_481.jpg,/Users/davidfeliperiveraguerra/dev/seneca/cv-project/data/IMG/right_2025_12_03_12_08_35_481.jpg,0,1,0,30.18962
/Users/davidfeliperiveraguerra/dev/seneca/cv-project/data/IMG/center_2025_12_03_12_08_35_548.jpg,/Users/davidfeliperiveraguerra/dev/seneca/cv-project/data/IMG/left_2025_12_03_12_08_35_548.jpg,/Users/davidfeliperiveraguerra/dev/seneca/cv-project/data/IMG/right_2025_12_03_12_08_35_548.jpg,0,1,0,30.19019
/Users/davidfeliperiveraguerra/dev/seneca/cv-project/data/IMG/center_2025_12_03_12_08_35_617.jpg,/Users/davidfeliperiveraguerra/dev/seneca/cv-project/data/IMG/left_2025_12_03_12_08_35_617.jpg,/Users/davidfeliperiveraguerra/dev/seneca/cv-project/data/IMG/right_2025_12_03_12_08_35_617.jpg,0,1,0,30.19027
/Users/davidfeliperiveraguerra/dev/seneca/cv-project/data/IMG/center_2025_12_03_12_08_35_687.jpg,/Users/davidfeliperiveraguerra/dev/seneca/cv-project/data/IMG/left_2025_12_03_12_08_35_687.jpg,/Users/davidfeliperiveraguerra/dev/seneca/cv-project/data/IMG/right_2025_12_03_12_08_35_687.jpg,-0.2,1,0,30.18099
/Users/davidfeliperiveraguerra/dev/seneca/cv-project/data/IMG/center_2025_12_03_12_08_35_759.jpg,/Users/davidfeliperiveraguerra/dev/seneca/cv-project/data/IMG/left_2025_12_03_12_08_35_759.jpg,/Users/davidfeliperiveraguerra/dev/seneca/cv-project/data/IMG/right_2025_12_03_12_08_35_759.jpg,-0.35,1,0,30.16449
/Users/davidfeliperiveraguerra/dev/seneca/cv-project/data/IMG/center_2025_12_03_12_08_35_826.jpg,/Users/davidfeliperiveraguerra/dev/seneca/cv-project/data/IMG/left_2025_12_03_12_08_35_826.jpg,/Users/davidfeliperiveraguerra/dev/seneca/cv-project/data/IMG/right_2025_12_03_12_08_35_826.jpg,0,1,0,30.18749
/Users/davidfeliperiveraguerra/dev/seneca/cv-project/data/IMG/center_2025_12_03_12_08_35_893.jpg,/Users/davidfeliperiveraguerra/dev/seneca/cv-project/data/IMG/left_2025_12_03_12_08_35_893.jpg,/Users/davidfeliperiveraguerra/dev/seneca/cv-project/data/IMG/right_2025_12_03_12_08_35_893.jpg,0,1,0,30.18971
/Users/davidfeliperiveraguerra/dev/seneca/cv-project/data/IMG/center_2025_12_03_12_08_35_959.jpg,/Users/davidfeliperiveraguerra/dev/seneca/cv-project/data/IMG/left_2025_12_03_12_08_35_959.jpg,/Users/davidfeliperiveraguerra/dev/seneca/cv-project/data/IMG/right_2025_12_03_12_08_35_959.jpg,0,1,0,30.1901
/Users/davidfeliperiveraguerra/dev/seneca/cv-project/data/IMG/center_2025_12_03_12_08_36_030.jpg,/Users/davidfeliperiveraguerra/dev/seneca/cv-project/data/IMG/left_2025_12_03_12_08_36_030.jpg,/Users/davidfeliperiveraguerra/dev/seneca/cv-project/data/IMG/right_2025_12_03_12_08_36_030.jpg,0,1,0,30.1903
/Users/davidfeliperiveraguerra/dev/seneca/cv-project/data/IMG/center_2025_12_03_12_08_36_101.jpg,/Users/davidfeliperiveraguerra/dev/seneca/cv-project/data/IMG/left_2025_12_03_12_08_36_101.jpg,/Users/davidfeliperiveraguerra/dev/seneca/cv-project/data/IMG/right_2025_12_03_12_08_36_101.jpg,0,1,0,30.19032
/Users/davidfeliperiveraguerra/dev/seneca/cv-project/data/IMG/center_2025_12_03_12_08_36_168.jpg,/Users/davidfeliperiveraguerra/dev/seneca/cv-project/data/IMG/left_2025_12_03_12_08_36_168.jpg,/Users/davidfeliperiveraguerra/dev/seneca/cv-project/data/IMG/right_2025_12_03_12_08_36_168.jpg,0,1,0,30.19031
/Users/davidfeliperiveraguerra/dev/seneca/cv-project/data/IMG/center_2025_12_03_12_08_36_238.jpg,/Users/davidfeliperiveraguerra/dev/seneca/cv-project/data/IMG/left_2025_12_03_12_08_36_238.jpg,/Users/davidfeliperiveraguerra/dev/seneca/cv-project/data/IMG/right_2025_12_03_12_08_36_238.jpg,0,1,0,30.1903
/Users/davidfeliperiveraguerra/dev/seneca/cv-project/data/IMG/center_2025_12_03_12_08_36_309.jpg,/Users/davidfeliperiveraguerra/dev/seneca/cv-project/data/IMG/left_2025_12_03_12_08_36_309.jpg,/Users/davidfeliperiveraguerra/dev/seneca/cv-project/data/IMG/right_2025_12_03_12_08_36_309.jpg,0,1,0,30.1903
/Users/davidfeliperiveraguerra/dev/seneca/cv-project/data/IMG/center_2025_12_03_12_08_36_376.jpg,/Users/davidfeliperiveraguerra/dev/seneca/cv-project/data/IMG/left_2025_12_03_12_08_36_376.jpg,/Users/davidfeliperiveraguerra/dev/seneca/cv-project/data/IMG/right_2025_12_03_12_08_36_376.jpg,0,1,0,30.19032
/Users/davidfeliperiveraguerra/dev/seneca/cv-project/data/IMG/center_2025_12_03_12_08_36_447.jpg,/Users/davidfeliperiveraguerra/dev/seneca/cv-project/data/IMG/left_2025_12_03_12_08_36_447.jpg,/Users/davidfeliperiveraguerra/dev/seneca/cv-project/data/IMG/right_2025_12_03_12_08_36_447.jpg,0,1,0,30.19013
/Users/davidfeliperiveraguerra/dev/seneca/cv-project/data/IMG/center_2025_12_03_12_08_36_517.jpg,/Users/davidfeliperiveraguerra/dev/seneca/cv-project/data/IMG/left_2025_12_03_12_08_36_517.jpg,/Users/davidfeliperiveraguerra/dev/seneca/cv-project/data/IMG/right_2025_12_03_12_08_36_517.jpg,0,1,0,30.19029
/Users/davidfeliperiveraguerra/dev/seneca/cv-project/data/IMG/center_2025_12_03_12_08_36_588.jpg,/Users/davidfeliperiveraguerra/dev/seneca/cv-project/data/IMG/left_2025_12_03_12_08_36_588.jpg,/Users/davidfeliperiveraguerra/dev/seneca/cv-project/data/IMG/right_2025_12_03_12_08_36_588.jpg,0,1,0,30.19029
/Users/davidfeliperiveraguerra/dev/seneca/cv-project/data/IMG/center_2025_12_03_12_08_36_659.jpg,/Users/davidfeliperiveraguerra/dev/seneca/cv-project/data/IMG/left_2025_12_03_12_08_36_659.jpg,/Users/davidfeliperiveraguerra/dev/seneca/cv-project/data/IMG/right_2025_12_03_12_08_36_659.jpg,0,1,0,30.19049
/Users/davidfeliperiveraguerra/dev/seneca/cv-project/data/IMG/center_2025_12_03_12_08_36_730.jpg,/Users/davidfeliperiveraguerra/dev/seneca/cv-project/data/IMG/left_2025_12_03_12_08_36_730.jpg,/Users/davidfeliperiveraguerra/dev/seneca/cv-project/data/IMG/right_2025_12_03_12_08_36_730.jpg,0,1,0,30.18979
/Users/davidfeliperiveraguerra/dev/seneca/cv-project/data/IMG/center_2025_12_03_12_08_36_801.jpg,/Users/davidfeliperiveraguerra/dev/seneca/cv-project/data/IMG/left_2025_12_03_12_08_36_801.jpg,/Users/davidfeliperiveraguerra/dev/seneca/cv-project/data/IMG/right_2025_12_03_12_08_36_801.jpg,0,1,0,30.18995
/Users/davidfeliperiveraguerra/dev/seneca/cv-project/data/IMG/center_2025_12_03_12_08_36_868.jpg,/Users/davidfeliperiveraguerra/dev/seneca/cv-project/data/IMG/left_2025_12_03_12_08_36_868.jpg,/Users/davidfeliperiveraguerra/dev/seneca/cv-project/data/IMG/right_2025_12_03_12_08_36_868.jpg,-0.15,1,0,30.18464
/Users/davidfeliperiveraguerra/dev/seneca/cv-project/data/IMG/center_2025_12_03_12_08_36_938.jpg,/Users/davidfeliperiveraguerra/dev/seneca/cv-project/data/IMG/left_2025_12_03_12_08_36_938.jpg,/Users/davidfeliperiveraguerra/dev/seneca/cv-project/data/IMG/right_2025_12_03_12_08_36_938.jpg,-0.3,1,0,30.16859
/Users/davidfeliperiveraguerra/dev/seneca/cv-project/data/IMG/center_2025_12_03_12_08_37_007.jpg,/Users/davidfeliperiveraguerra/dev/seneca/cv-project/data/IMG/left_2025_12_03_12_08_37_007.jpg,/Users/davidfeliperiveraguerra/dev/seneca/cv-project/data/IMG/right_2025_12_03_12_08_37_007.jpg,-0.5000001,1,0,30.1455
/Users/davidfeliperiveraguerra/dev/seneca/cv-project/data/IMG/center_2025_12_03_12_08_37_076.jpg,/Users/davidfeliperiveraguerra/dev/seneca/cv-project/data/IMG/left_2025_12_03_12_08_37_076.jpg,/Users/davidfeliperiveraguerra/dev/seneca/cv-project/data/IMG/right_2025_12_03_12_08_37_076.jpg,-0.6500001,1,0,30.12762
/Users/davidfeliperiveraguerra/dev/seneca/cv-project/data/IMG/center_2025_12_03_12_08_37_144.jpg,/Users/davidfeliperiveraguerra/dev/seneca/cv-project/data/IMG/left_2025_12_03_12_08_37_144.jpg,/Users/davidfeliperiveraguerra/dev/seneca/cv-project/data/IMG/right_2025_12_03_12_08_37_144.jpg,0,1,0,30.17304
/Users/davidfeliperiveraguerra/dev/seneca/cv-project/data/IMG/center_2025_12_03_12_08_37_215.jpg,/Users/davidfeliperiveraguerra/dev/seneca/cv-project/data/IMG/left_2025_12_03_12_08_37_215.jpg,/Users/davidfeliperiveraguerra/dev/seneca/cv-project/data/IMG/right_2025_12_03_12_08_37_215.jpg,0,1,0,30.18326
/Users/davidfeliperiveraguerra/dev/seneca/cv-project/data/IMG/center_2025_12_03_12_08_37_287.jpg,/Users/davidfeliperiveraguerra/dev/seneca/cv-project/data/IMG/left_2025_12_03_12_08_37_287.jpg,/Users/davidfeliperiveraguerra/dev/seneca/cv-project/data/IMG/right_2025_12_03_12_08_37_287.jpg,0,1,0,30.18924
/Users/davidfeliperiveraguerra/dev/seneca/cv-project/data/IMG/center_2025_12_03_12_08_37_354.jpg,/Users/davidfeliperiveraguerra/dev/seneca/cv-project/data/IMG/left_2025_12_03_12_08_37_354.jpg,/Users/davidfeliperiveraguerra/dev/seneca/cv-project/data/IMG/right_2025_12_03_12_08_37_354.jpg,0,1,0,30.18957
/Users/davidfeliperiveraguerra/dev/seneca/cv-project/data/IMG/center_2025_12_03_12_08_37_427.jpg,/Users/davidfeliperiveraguerra/dev/seneca/cv-project/data/IMG/left_2025_12_03_12_08_37_427.jpg,/Users/davidfeliperiveraguerra/dev/seneca/cv-project/data/IMG/right_2025_12_03_12_08_37_427.jpg,-0.15,1,0,30.18665
/Users/davidfeliperiveraguerra/dev/seneca/cv-project/data/IMG/center_2025_12_03_12_08_37_494.jpg,/Users/davidfeliperiveraguerra/dev/seneca/cv-project/data/IMG/left_2025_12_03_12_08_37_494.jpg,/Users/davidfeliperiveraguerra/dev/seneca/cv-project/data/IMG/right_2025_12_03_12_08_37_494.jpg,-0.3,1,0,30.17245
/Users/davidfeliperiveraguerra/dev/seneca/cv-project/data/IMG/center_2025_12_03_12_08_37_566.jpg,/Users/davidfeliperiveraguerra/dev/seneca/cv-project/data/IMG/left_2025_12_03_12_08_37_566.jpg,/Users/davidfeliperiveraguerra/dev/seneca/cv-project/data/IMG/right_2025_12_03_12_08_37_566.jpg,0,1,0,30.18994
/Users/davidfeliperiveraguerra/dev/seneca/cv-project/data/IMG/center_2025_12_03_12_08_37_633.jpg,/Users/davidfeliperiveraguerra/dev/seneca/cv-project/data/IMG/left_2025_12_03_12_08_37_633.jpg,/Users/davidfeliperiveraguerra/dev/seneca/cv-project/data/IMG/right_2025_12_03_12_08_37_633.jpg,0,1,0,30.19033
/Users/davidfeliperiveraguerra/dev/seneca/cv-project/data/IMG/center_2025_12_03_12_08_37_704.jpg,/Users/davidfeliperiveraguerra/dev/seneca/cv-project/data/IMG/left_2025_12_03_12_08_37_704.jpg,/Users/davidfeliperiveraguerra/dev/seneca/cv-project/data/IMG/right_2025_12_03_12_08_37_704.jpg,0,1,0,30.19047
/Users/davidfeliperiveraguerra/dev/seneca/cv-project/data/IMG/center_2025_12_03_12_08_37_777.jpg,/Users/davidfeliperiveraguerra/dev/seneca/cv-project/data/IMG/left_2025_12_03_12_08_37_777.jpg,/Users/davidfeliperiveraguerra/dev/seneca/cv-project/data/IMG/right_2025_12_03_12_08_37_777.jpg,0,1,0,30.19049
/Users/davidfeliperiveraguerra/dev/seneca/cv-project/data/IMG/center_2025_12_03_12_08_37_844.jpg,/Users/davidfeliperiveraguerra/dev/seneca/cv-project/data/IMG/left_2025_12_03_12_08_37_844.jpg,/Users/davidfeliperiveraguerra/dev/seneca/cv-project/data/IMG/right_2025_12_03_12_08_37_844.jpg,0,1,0,30.18979
/Users/davidfeliperiveraguerra/dev/seneca/cv-project/data/IMG/center_2025_12_03_12_08_37_910.jpg,/Users/davidfeliperiveraguerra/dev/seneca/cv-project/data/IMG/left_2025_12_03_12_08_37_910.jpg,/Users/davidfeliperiveraguerra/dev/seneca/cv-project/data/IMG/right_2025_12_03_12_08_37_910.jpg,0,1,0,30.19018
/Users/davidfeliperiveraguerra/dev/seneca/cv-project/data/IMG/center_2025_12_03_12_08_37_978.jpg,/Users/davidfeliperiveraguerra/dev/seneca/cv-project/data/IMG/left_2025_12_03_12_08_37_978.jpg,/Users/davidfeliperiveraguerra/dev/seneca/cv-project/data/IMG/right_2025_12_03_12_08_37_978.jpg,0,1,0,30.19024
/Users/davidfeliperiveraguerra/dev/seneca/cv-project/data/IMG/center_2025_12_03_12_08_38_049.jpg,/Users/davidfeliperiveraguerra/dev/seneca/cv-project/data/IMG/left_2025_12_03_12_08_38_049.jpg,/Users/davidfeliperiveraguerra/dev/seneca/cv-project/data/IMG/right_2025_12_03_12_08_38_049.jpg,0,1,0,30.19022
/Users/davidfeliperiveraguerra/dev/seneca/cv-project/data/IMG/center_2025_12_03_12_08_38_116.jpg,/Users/davidfeliperiveraguerra/dev/seneca/cv-project/data/IMG/left_2025_12_03_12_08_38_116.jpg,/Users/davidfeliperiveraguerra/dev/seneca/cv-project/data/IMG/right_2025_12_03_12_08_38_116.jpg,-0.1,1,0,30.18746
/Users/davidfeliperiveraguerra/dev/seneca/cv-project/data/IMG/center_2025_12_03_12_08_38_183.jpg,/Users/davidfeliperiveraguerra/dev/seneca/cv-project/data/IMG/left_2025_12_03_12_08_38_183.jpg,/Users/davidfeliperiveraguerra/dev/seneca/cv-project/data/IMG/right_2025_12_03_12_08_38_183.jpg,0,1,0,30.18588
/Users/davidfeliperiveraguerra/dev/seneca/cv-project/data/IMG/center_2025_12_03_12_08_38_249.jpg,/Users/davidfeliperiveraguerra/dev/seneca/cv-project/data/IMG/left_2025_12_03_12_08_38_249.jpg,/Users/davidfeliperiveraguerra/dev/seneca/cv-project/data/IMG/right_2025_12_03_12_08_38_249.jpg,0,1,0,30.19006
/Users/davidfeliperiveraguerra/dev/seneca/cv-project/data/IMG/center_2025_12_03_12_08_38_321.jpg,/Users/davidfeliperiveraguerra/dev/seneca/cv-project/data/IMG/left_2025_12_03_12_08_38_321.jpg,/Users/davidfeliperiveraguerra/dev/seneca/cv-project/data/IMG/right_2025_12_03_12_08_38_321.jpg,0,1,0,30.19015
/Users/davidfeliperiveraguerra/dev/seneca/cv-project/data/IMG/center_2025_12_03_12_08_38_394.jpg,/Users/davidfeliperiveraguerra/dev/seneca/cv-project/data/IMG/left_2025_12_03_12_08_38_394.jpg,/Users/davidfeliperiveraguerra/dev/seneca/cv-project/data/IMG/right_2025_12_03_12_08_38_394.jpg,0,1,0,30.19025
/Users/davidfeliperiveraguerra/dev/seneca/cv-project/data/IMG/center_2025_12_03_12_08_38_460.jpg,/Users/davidfeliperiveraguerra/dev/seneca/cv-project/data/IMG/left_2025_12_03_12_08_38_460.jpg,/Users/davidfeliperiveraguerra/dev/seneca/cv-project/data/IMG/right_2025_12_03_12_08_38_460.jpg,0,1,0,30.19031
/Users/davidfeliperiveraguerra/dev/seneca/cv-project/data/IMG/center_2025_12_03_12_08_38_527.jpg,/Users/davidfeliperiveraguerra/dev/seneca/cv-project/data/IMG/left_2025_12_03_12_08_38_527.jpg,/Users/davidfeliperiveraguerra/dev/seneca/cv-project/data/IMG/right_2025_12_03_12_08_38_527.jpg,0,1,0,30.1903
/Users/davidfeliperiveraguerra/dev/seneca/cv-project/data/IMG/center_2025_12_03_12_08_38_598.jpg,/Users/davidfeliperiveraguerra/dev/seneca/cv-project/data/IMG/left_2025_12_03_12_08_38_598.jpg,/Users/davidfeliperiveraguerra/dev/seneca/cv-project/data/IMG/right_2025_12_03_12_08_38_598.jpg,-0.1,1,0,30.18776
/Users/davidfeliperiveraguerra/dev/seneca/cv-project/data/IMG/center_2025_12_03_12_08_38_666.jpg,/Users/davidfeliperiveraguerra/dev/seneca/cv-project/data/IMG/left_2025_12_03_12_08_38_666.jpg,/Users/davidfeliperiveraguerra/dev/seneca/cv-project/data/IMG/right_2025_12_03_12_08_38_666.jpg,-0.3,1,0,30.16973
/Users/davidfeliperiveraguerra/dev/seneca/cv-project/data/IMG/center_2025_12_03_12_08_38_734.jpg,/Users/davidfeliperiveraguerra/dev/seneca/cv-project/data/IMG/left_2025_12_03_12_08_38_734.jpg,/Users/davidfeliperiveraguerra/dev/seneca/cv-project/data/IMG/right_2025_12_03_12_08_38_734.jpg,-0.45,1,0,30.15222
/Users/davidfeliperiveraguerra/dev/seneca/cv-project/data/IMG/center_2025_12_03_12_08_38_806.jpg,/Users/davidfeliperiveraguerra/dev/seneca/cv-project/data/IMG/left_2025_12_03_12_08_38_806.jpg,/Users/davidfeliperiveraguerra/dev/seneca/cv-project/data/IMG/right_2025_12_03_12_08_38_806.jpg,0,1,0,30.18771
/Users/davidfeliperiveraguerra/dev/seneca/cv-project/data/IMG/center_2025_12_03_12_08_38_877.jpg,/Users/davidfeliperiveraguerra/dev/seneca/cv-project/data/IMG/left_2025_12_03_12_08_38_877.jpg,/Users/davidfeliperiveraguerra/dev/seneca/cv-project/data/IMG/right_2025_12_03_12_08_38_877.jpg,0,1,0,30.18945
/Users/davidfeliperiveraguerra/dev/seneca/cv-project/data/IMG/center_2025_12_03_12_08_38_948.jpg,/Users/davidfeliperiveraguerra/dev/seneca/cv-project/data/IMG/left_2025_12_03_12_08_38_948.jpg,/Users/davidfeliperiveraguerra/dev/seneca/cv-project/data/IMG/right_2025_12_03_12_08_38_948.jpg,0,1,0,30.19018
/Users/davidfeliperiveraguerra/dev/seneca/cv-project/data/IMG/center_2025_12_03_12_08_39_017.jpg,/Users/davidfeliperiveraguerra/dev/seneca/cv-project/data/IMG/left_2025_12_03_12_08_39_017.jpg,/Users/davidfeliperiveraguerra/dev/seneca/cv-project/data/IMG/right_2025_12_03_12_08_39_017.jpg,0,1,0,30.19031
/Users/davidfeliperiveraguerra/dev/seneca/cv-project/data/IMG/center_2025_12_03_12_08_39_086.jpg,/Users/davidfeliperiveraguerra/dev/seneca/cv-project/data/IMG/left_2025_12_03_12_08_39_086.jpg,/Users/davidfeliperiveraguerra/dev/seneca/cv-project/data/IMG/right_2025_12_03_12_08_39_086.jpg,0,1,0,30.19033
/Users/davidfeliperiveraguerra/dev/seneca/cv-project/data/IMG/center_2025_12_03_12_08_39_156.jpg,/Users/davidfeliperiveraguerra/dev/seneca/cv-project/data/IMG/left_2025_12_03_12_08_39_156.jpg,/Users/davidfeliperiveraguerra/dev/seneca/cv-project/data/IMG/right_2025_12_03_12_08_39_156.jpg,0,1,0,30.19034
/Users/davidfeliperiveraguerra/dev/seneca/cv-project/data/IMG/center_2025_12_03_12_08_39_226.jpg,/Users/davidfeliperiveraguerra/dev/seneca/cv-project/data/IMG/left_2025_12_03_12_08_39_226.jpg,/Users/davidfeliperiveraguerra/dev/seneca/cv-project/data/IMG/right_2025_12_03_12_08_39_226.jpg,0,1,0,30.19035
/Users/davidfeliperiveraguerra/dev/seneca/cv-project/data/IMG/center_2025_12_03_12_08_39_294.jpg,/Users/davidfeliperiveraguerra/dev/seneca/cv-project/data/IMG/left_2025_12_03_12_08_39_294.jpg,/Users/davidfeliperiveraguerra/dev/seneca/cv-project/data/IMG/right_2025_12_03_12_08_39_294.jpg,0,1,0,30.19055
/Users/davidfeliperiveraguerra/dev/seneca/cv-project/data/IMG/center_2025_12_03_12_08_39_361.jpg,/Users/davidfeliperiveraguerra/dev/seneca/cv-project/data/IMG/left_2025_12_03_12_08_39_361.jpg,/Users/davidfeliperiveraguerra/dev/seneca/cv-project/data/IMG/right_2025_12_03_12_08_39_361.jpg,0,1,0,30.19011
/Users/davidfeliperiveraguerra/dev/seneca/cv-project/data/IMG/center_2025_12_03_12_08_39_429.jpg,/Users/davidfeliperiveraguerra/dev/seneca/cv-project/data/IMG/left_2025_12_03_12_08_39_429.jpg,/Users/davidfeliperiveraguerra/dev/seneca/cv-project/data/IMG/right_2025_12_03_12_08_39_429.jpg,0,1,0,30.19016
/Users/davidfeliperiveraguerra/dev/seneca/cv-project/data/IMG/center_2025_12_03_12_08_39_497.jpg,/Users/davidfeliperiveraguerra/dev/seneca/cv-project/data/IMG/left_2025_12_03_12_08_39_497.jpg,/Users/davidfeliperiveraguerra/dev/seneca/cv-project/data/IMG/right_2025_12_03_12_08_39_497.jpg,0,1,0,30.19019
/Users/davidfeliperiveraguerra/dev/seneca/cv-project/data/IMG/center_2025_12_03_12_08_39_568.jpg,/Users/davidfeliperiveraguerra/dev/seneca/cv-project/data/IMG/left_2025_12_03_12_08_39_568.jpg,/Users/davidfeliperiveraguerra/dev/seneca/cv-project/data/IMG/right_2025_12_03_12_08_39_568.jpg,0,1,0,30.18982
/Users/davidfeliperiveraguerra/dev/seneca/cv-project/data/IMG/center_2025_12_03_12_08_39_636.jpg,/Users/davidfeliperiveraguerra/dev/seneca/cv-project/data/IMG/left_2025_12_03_12_08_39_636.jpg,/Users/davidfeliperiveraguerra/dev/seneca/cv-project/data/IMG/right_2025_12_03_12_08_39_636.jpg,0,1,0,30.19002
/Users/davidfeliperiveraguerra/dev/seneca/cv-project/data/IMG/center_2025_12_03_12_08_39_704.jpg,/Users/davidfeliperiveraguerra/dev/seneca/cv-project/data/IMG/left_2025_12_03_12_08_39_704.jpg,/Users/davidfeliperiveraguerra/dev/seneca/cv-project/data/IMG/right_2025_12_03_12_08_39_704.jpg,0,1,0,30.1901
/Users/davidfeliperiveraguerra/dev/seneca/cv-project/data/IMG/center_2025_12_03_12_08_39_772.jpg,/Users/davidfeliperiveraguerra/dev/seneca/cv-project/data/IMG/left_2025_12_03_12_08_39_772.jpg,/Users/davidfeliperiveraguerra/dev/seneca/cv-project/data/IMG/right_2025_12_03_12_08_39_772.jpg,0,1,0,30.1901
/Users/davidfeliperiveraguerra/dev/seneca/cv-project/data/IMG/center_2025_12_03_12_08_39_844.jpg,/Users/davidfeliperiveraguerra/dev/seneca/cv-project/data/IMG/left_2025_12_03_12_08_39_844.jpg,/Users/davidfeliperiveraguerra/dev/seneca/cv-project/data/IMG/right_2025_12_03_12_08_39_844.jpg,0,1,0,30.19006
/Users/davidfeliperiveraguerra/dev/seneca/cv-project/data/IMG/center_2025_12_03_12_08_39_911.jpg,/Users/davidfeliperiveraguerra/dev/seneca/cv-project/data/IMG/left_2025_12_03_12_08_39_911.jpg,/Users/davidfeliperiveraguerra/dev/seneca/cv-project/data/IMG/right_2025_12_03_12_08_39_911.jpg,0,1,0,30.19007
/Users/davidfeliperiveraguerra/dev/seneca/cv-project/data/IMG/center_2025_12_03_12_08_39_983.jpg,/Users/davidfeliperiveraguerra/dev/seneca/cv-project/data/IMG/left_2025_12_03_12_08_39_983.jpg,/Users/davidfeliperiveraguerra/dev/seneca/cv-project/data/IMG/right_2025_12_03_12_08_39_983.jpg,0,1,0,30.19006
/Users/davidfeliperiveraguerra/dev/seneca/cv-project/data/IMG/center_2025_12_03_12_08_40_050.jpg,/Users/davidfeliperiveraguerra/dev/seneca/cv-project/data/IMG/left_2025_12_03_12_08_40_050.jpg,/Users/davidfeliperiveraguerra/dev/seneca/cv-project/data/IMG/right_2025_12_03_12_08_40_050.jpg,0,1,0,30.19008
/Users/davidfeliperiveraguerra/dev/seneca/cv-project/data/IMG/center_2025_12_03_12_08_40_117.jpg,/Users/davidfeliperiveraguerra/dev/seneca/cv-project/data/IMG/left_2025_12_03_12_08_40_117.jpg,/Users/davidfeliperiveraguerra/dev/seneca/cv-project/data/IMG/right_2025_12_03_12_08_40_117.jpg,0,1,0,30.18915
/Users/davidfeliperiveraguerra/dev/seneca/cv-project/data/IMG/center_2025_12_03_12_08_40_189.jpg,/Users/davidfeliperiveraguerra/dev/seneca/cv-project/data/IMG/left_2025_12_03_12_08_40_189.jpg,/Users/davidfeliperiveraguerra/dev/seneca/cv-project/data/IMG/right_2025_12_03_12_08_40_189.jpg,0,1,0,30.18983
/Users/davidfeliperiveraguerra/dev/seneca/cv-project/data/IMG/center_2025_12_03_12_08_40_261.jpg,/Users/davidfeliperiveraguerra/dev/seneca/cv-project/data/IMG/left_2025_12_03_12_08_40_261.jpg,/Users/davidfeliperiveraguerra/dev/seneca/cv-project/data/IMG/right_2025_12_03_12_08_40_261.jpg,0,1,0,30.18993
/Users/davidfeliperiveraguerra/dev/seneca/cv-project/data/IMG/center_2025_12_03_12_08_40_333.jpg,/Users/davidfeliperiveraguerra/dev/seneca/cv-project/data/IMG/left_2025_12_03_12_08_40_333.jpg,/Users/davidfeliperiveraguerra/dev/seneca/cv-project/data/IMG/right_2025_12_03_12_08_40_333.jpg,-0.15,1,0,30.18355
/Users/davidfeliperiveraguerra/dev/seneca/cv-project/data/IMG/center_2025_12_03_12_08_40_405.jpg,/Users/davidfeliperiveraguerra/dev/seneca/cv-project/data/IMG/left_2025_12_03_12_08_40_405.jpg,/Users/davidfeliperiveraguerra/dev/seneca/cv-project/data/IMG/right_2025_12_03_12_08_40_405.jpg,-0.35,1,0,30.1635
/Users/davidfeliperiveraguerra/dev/seneca/cv-project/data/IMG/center_2025_12_03_12_08_40_472.jpg,/Users/davidfeliperiveraguerra/dev/seneca/cv-project/data/IMG/left_2025_12_03_12_08_40_472.jpg,/Users/davidfeliperiveraguerra/dev/seneca/cv-project/data/IMG/right_2025_12_03_12_08_40_472.jpg,-0.5000001,1,0,30.14573
/Users/davidfeliperiveraguerra/dev/seneca/cv-project/data/IMG/center_2025_12_03_12_08_40_539.jpg,/Users/davidfeliperiveraguerra/dev/seneca/cv-project/data/IMG/left_2025_12_03_12_08_40_539.jpg,/Users/davidfeliperiveraguerra/dev/seneca/cv-project/data/IMG/right_2025_12_03_12_08_40_539.jpg,0,1,0,30.18268
/Users/davidfeliperiveraguerra/dev/seneca/cv-project/data/IMG/center_2025_12_03_12_08_40_605.jpg,/Users/davidfeliperiveraguerra/dev/seneca/cv-project/data/IMG/left_2025_12_03_12_08_40_605.jpg,/Users/davidfeliperiveraguerra/dev/seneca/cv-project/data/IMG/right_2025_12_03_12_08_40_605.jpg,0,1,0,30.18842
/Users/davidfeliperiveraguerra/dev/seneca/cv-project/data/IMG/center_2025_12_03_12_08_40_672.jpg,/Users/davidfeliperiveraguerra/dev/seneca/cv-project/data/IMG/left_2025_12_03_12_08_40_672.jpg,/Users/davidfeliperiveraguerra/dev/seneca/cv-project/data/IMG/right_2025_12_03_12_08_40_672.jpg,0,1,0,30.1898
/Users/davidfeliperiveraguerra/dev/seneca/cv-project/data/IMG/center_2025_12_03_12_08_40_745.jpg,/Users/davidfeliperiveraguerra/dev/seneca/cv-project/data/IMG/left_2025_12_03_12_08_40_745.jpg,/Users/davidfeliperiveraguerra/dev/seneca/cv-project/data/IMG/right_2025_12_03_12_08_40_745.jpg,0,1,0,30.19024
/Users/davidfeliperiveraguerra/dev/seneca/cv-project/data/IMG/center_2025_12_03_12_08_40_811.jpg,/Users/davidfeliperiveraguerra/dev/seneca/cv-project/data/IMG/left_2025_12_03_12_08_40_811.jpg,/Users/davidfeliperiveraguerra/dev/seneca/cv-project/data/IMG/right_2025_12_03_12_08_40_811.jpg,-0.1,1,0,30.18895
/Users/davidfeliperiveraguerra/dev/seneca/cv-project/data/IMG/center_2025_12_03_12_08_40_878.jpg,/Users/davidfeliperiveraguerra/dev/seneca/cv-project/data/IMG/left_2025_12_03_12_08_40_878.jpg,/Users/davidfeliperiveraguerra/dev/seneca/cv-project/data/IMG/right_2025_12_03_12_08_40_878.jpg,-0.25,1,0,30.1768
/Users/davidfeliperiveraguerra/dev/seneca/cv-project/data/IMG/center_2025_12_03_12_08_40_945.jpg,/Users/davidfeliperiveraguerra/dev/seneca/cv-project/data/IMG/left_2025_12_03_12_08_40_945.jpg,/Users/davidfeliperiveraguerra/dev/seneca/cv-project/data/IMG/right_2025_12_03_12_08_40_945.jpg,0,1,0,30.18884
/Users/davidfeliperiveraguerra/dev/seneca/cv-project/data/IMG/center_2025_12_03_12_08_41_012.jpg,/Users/davidfeliperiveraguerra/dev/seneca/cv-project/data/IMG/left_2025_12_03_12_08_41_012.jpg,/Users/davidfeliperiveraguerra/dev/seneca/cv-project/data/IMG/right_2025_12_03_12_08_41_012.jpg,0,1,0,30.19006
/Users/davidfeliperiveraguerra/dev/seneca/cv-project/data/IMG/center_2025_12_03_12_08_41_084.jpg,/Users/davidfeliperiveraguerra/dev/seneca/cv-project/data/IMG/left_2025_12_03_12_08_41_084.jpg,/Users/davidfeliperiveraguerra/dev/seneca/cv-project/data/IMG/right_2025_12_03_12_08_41_084.jpg,0,1,0,30.19033
/Users/davidfeliperiveraguerra/dev/seneca/cv-project/data/IMG/center_2025_12_03_12_08_41_150.jpg,/Users/davidfeliperiveraguerra/dev/seneca/cv-project/data/IMG/left_2025_12_03_12_08_41_150.jpg,/Users/davidfeliperiveraguerra/dev/seneca/cv-project/data/IMG/right_2025_12_03_12_08_41_150.jpg,0,1,0,30.19005
/Users/davidfeliperiveraguerra/dev/seneca/cv-project/data/IMG/center_2025_12_03_12_08_41_222.jpg,/Users/davidfeliperiveraguerra/dev/seneca/cv-project/data/IMG/left_2025_12_03_12_08_41_222.jpg,/Users/davidfeliperiveraguerra/dev/seneca/cv-project/data/IMG/right_2025_12_03_12_08_41_222.jpg,0,1,0,30.19033
/Users/davidfeliperiveraguerra/dev/seneca/cv-project/data/IMG/center_2025_12_03_12_08_41_295.jpg,/Users/davidfeliperiveraguerra/dev/seneca/cv-project/data/IMG/left_2025_12_03_12_08_41_295.jpg,/Users/davidfeliperiveraguerra/dev/seneca/cv-project/data/IMG/right_2025_12_03_12_08_41_295.jpg,0,1,0,30.19033
/Users/davidfeliperiveraguerra/dev/seneca/cv-project/data/IMG/center_2025_12_03_12_08_41_361.jpg,/Users/davidfeliperiveraguerra/dev/seneca/cv-project/data/IMG/left_2025_12_03_12_08_41_361.jpg,/Users/davidfeliperiveraguerra/dev/seneca/cv-project/data/IMG/right_2025_12_03_12_08_41_361.jpg,0,1,0,30.19033
/Users/davidfeliperiveraguerra/dev/seneca/cv-project/data/IMG/center_2025_12_03_12_08_41_428.jpg,/Users/davidfeliperiveraguerra/dev/seneca/cv-project/data/IMG/left_2025_12_03_12_08_41_428.jpg,/Users/davidfeliperiveraguerra/dev/seneca/cv-project/data/IMG/right_2025_12_03_12_08_41_428.jpg,0,1,0,30.19036
/Users/davidfeliperiveraguerra/dev/seneca/cv-project/data/IMG/center_2025_12_03_12_08_41_500.jpg,/Users/davidfeliperiveraguerra/dev/seneca/cv-project/data/IMG/left_2025_12_03_12_08_41_500.jpg,/Users/davidfeliperiveraguerra/dev/seneca/cv-project/data/IMG/right_2025_12_03_12_08_41_500.jpg,0,1,0,30.19033
/Users/davidfeliperiveraguerra/dev/seneca/cv-project/data/IMG/center_2025_12_03_12_08_41_567.jpg,/Users/davidfeliperiveraguerra/dev/seneca/cv-project/data/IMG/left_2025_12_03_12_08_41_567.jpg,/Users/davidfeliperiveraguerra/dev/seneca/cv-project/data/IMG/right_2025_12_03_12_08_41_567.jpg,0,1,0,30.1904
/Users/davidfeliperiveraguerra/dev/seneca/cv-project/data/IMG/center_2025_12_03_12_08_41_634.jpg,/Users/davidfeliperiveraguerra/dev/seneca/cv-project/data/IMG/left_2025_12_03_12_08_41_634.jpg,/Users/davidfeliperiveraguerra/dev/seneca/cv-project/data/IMG/right_2025_12_03_12_08_41_634.jpg,-0.1,1,0,30.1879
/Users/davidfeliperiveraguerra/dev/seneca/cv-project/data/IMG/center_2025_12_03_12_08_41_705.jpg,/Users/davidfeliperiveraguerra/dev/seneca/cv-project/data/IMG/left_2025_12_03_12_08_41_705.jpg,/Users/davidfeliperiveraguerra/dev/seneca/cv-project/data/IMG/right_2025_12_03_12_08_41_705.jpg,0,1,0,30.1911
/Users/davidfeliperiveraguerra/dev/seneca/cv-project/data/IMG/center_2025_12_03_12_08_41_772.jpg,/Users/davidfeliperiveraguerra/dev/seneca/cv-project/data/IMG/left_2025_12_03_12_08_41_772.jpg,/Users/davidfeliperiveraguerra/dev/seneca/cv-project/data/IMG/right_2025_12_03_12_08_41_772.jpg,0,1,0,30.18982
/Users/davidfeliperiveraguerra/dev/seneca/cv-project/data/IMG/center_2025_12_03_12_08_41_839.jpg,/Users/davidfeliperiveraguerra/dev/seneca/cv-project/data/IMG/left_2025_12_03_12_08_41_839.jpg,/Users/davidfeliperiveraguerra/dev/seneca/cv-project/data/IMG/right_2025_12_03_12_08_41_839.jpg,0,1,0,30.19024
/Users/davidfeliperiveraguerra/dev/seneca/cv-project/data/IMG/center_2025_12_03_12_08_41_912.jpg,/Users/davidfeliperiveraguerra/dev/seneca/cv-project/data/IMG/left_2025_12_03_12_08_41_912.jpg,/Users/davidfeliperiveraguerra/dev/seneca/cv-project/data/IMG/right_2025_12_03_12_08_41_912.jpg,0,1,0,30.19034
/Users/davidfeliperiveraguerra/dev/seneca/cv-project/data/IMG/center_2025_12_03_12_08_41_979.jpg,/Users/davidfeliperiveraguerra/dev/seneca/cv-project/data/IMG/left_2025_12_03_12_08_41_979.jpg,/Users/davidfeliperiveraguerra/dev/seneca/cv-project/data/IMG/right_2025_12_03_12_08_41_979.jpg,0,1,0,30.19004
/Users/davidfeliperiveraguerra/dev/seneca/cv-project/data/IMG/center_2025_12_03_12_08_42_050.jpg,/Users/davidfeliperiveraguerra/dev/seneca/cv-project/data/IMG/left_2025_12_03_12_08_42_050.jpg,/Users/davidfeliperiveraguerra/dev/seneca/cv-project/data/IMG/right_2025_12_03_12_08_42_050.jpg,-0.2,1,0,30.18043
/Users/davidfeliperiveraguerra/dev/seneca/cv-project/data/IMG/center_2025_12_03_12_08_42_122.jpg,/Users/davidfeliperiveraguerra/dev/seneca/cv-project/data/IMG/left_2025_12_03_12_08_42_122.jpg,/Users/davidfeliperiveraguerra/dev/seneca/cv-project/data/IMG/right_2025_12_03_12_08_42_122.jpg,0,1,0,30.19045
/Users/davidfeliperiveraguerra/dev/seneca/cv-project/data/IMG/center_2025_12_03_12_08_42_189.jpg,/Users/davidfeliperiveraguerra/dev/seneca/cv-project/data/IMG/left_2025_12_03_12_08_42_189.jpg,/Users/davidfeliperiveraguerra/dev/seneca/cv-project/data/IMG/right_2025_12_03_12_08_42_189.jpg,0,1,0,30.18985
/Users/davidfeliperiveraguerra/dev/seneca/cv-project/data/IMG/center_2025_12_03_12_08_42_262.jpg,/Users/davidfeliperiveraguerra/dev/seneca/cv-project/data/IMG/left_2025_12_03_12_08_42_262.jpg,/Users/davidfeliperiveraguerra/dev/seneca/cv-project/data/IMG/right_2025_12_03_12_08_42_262.jpg,0,1,0,30.19026
/Users/davidfeliperiveraguerra/dev/seneca/cv-project/data/IMG/center_2025_12_03_12_08_42_328.jpg,/Users/davidfeliperiveraguerra/dev/seneca/cv-project/data/IMG/left_2025_12_03_12_08_42_328.jpg,/Users/davidfeliperiveraguerra/dev/seneca/cv-project/data/IMG/right_2025_12_03_12_08_42_328.jpg,0,1,0,30.19038
/Users/davidfeliperiveraguerra/dev/seneca/cv-project/data/IMG/center_2025_12_03_12_08_42_395.jpg,/Users/davidfeliperiveraguerra/dev/seneca/cv-project/data/IMG/left_2025_12_03_12_08_42_395.jpg,/Users/davidfeliperiveraguerra/dev/seneca/cv-project/data/IMG/right_2025_12_03_12_08_42_395.jpg,0,1,0,30.19043
/Users/davidfeliperiveraguerra/dev/seneca/cv-project/data/IMG/center_2025_12_03_12_08_42_467.jpg,/Users/davidfeliperiveraguerra/dev/seneca/cv-project/data/IMG/left_2025_12_03_12_08_42_467.jpg,/Users/davidfeliperiveraguerra/dev/seneca/cv-project/data/IMG/right_2025_12_03_12_08_42_467.jpg,0,1,0,30.19044
/Users/davidfeliperiveraguerra/dev/seneca/cv-project/data/IMG/center_2025_12_03_12_08_42_539.jpg,/Users/davidfeliperiveraguerra/dev/seneca/cv-project/data/IMG/left_2025_12_03_12_08_42_539.jpg,/Users/davidfeliperiveraguerra/dev/seneca/cv-project/data/IMG/right_2025_12_03_12_08_42_539.jpg,0,1,0,30.19047
/Users/davidfeliperiveraguerra/dev/seneca/cv-project/data/IMG/center_2025_12_03_12_08_42_612.jpg,/Users/davidfeliperiveraguerra/dev/seneca/cv-project/data/IMG/left_2025_12_03_12_08_42_612.jpg,/Users/davidfeliperiveraguerra/dev/seneca/cv-project/data/IMG/right_2025_12_03_12_08_42_612.jpg,0,1,0,30.19058
/Users/davidfeliperiveraguerra/dev/seneca/cv-project/data/IMG/center_2025_12_03_12_08_42_678.jpg,/Users/davidfeliperiveraguerra/dev/seneca/cv-project/data/IMG/left_2025_12_03_12_08_42_678.jpg,/Users/davidfeliperiveraguerra/dev/seneca/cv-project/data/IMG/right_2025_12_03_12_08_42_678.jpg,0,1,0,30.19026
/Users/davidfeliperiveraguerra/dev/seneca/cv-project/data/IMG/center_2025_12_03_12_08_42_745.jpg,/Users/davidfeliperiveraguerra/dev/seneca/cv-project/data/IMG/left_2025_12_03_12_08_42_745.jpg,/Users/davidfeliperiveraguerra/dev/seneca/cv-project/data/IMG/right_2025_12_03_12_08_42_745.jpg,0,1,0,30.19036
/Users/davidfeliperiveraguerra/dev/seneca/cv-project/data/IMG/center_2025_12_03_12_08_42_812.jpg,/Users/davidfeliperiveraguerra/dev/seneca/cv-project/data/IMG/left_2025_12_03_12_08_42_812.jpg,/Users/davidfeliperiveraguerra/dev/seneca/cv-project/data/IMG/right_2025_12_03_12_08_42_812.jpg,0,1,0,30.19098
/Users/davidfeliperiveraguerra/dev/seneca/cv-project/data/IMG/center_2025_12_03_12_08_42_884.jpg,/Users/davidfeliperiveraguerra/dev/seneca/cv-project/data/IMG/left_2025_12_03_12_08_42_884.jpg,/Users/davidfeliperiveraguerra/dev/seneca/cv-project/data/IMG/right_2025_12_03_12_08_42_884.jpg,0,1,0,30.19022
/Users/davidfeliperiveraguerra/dev/seneca/cv-project/data/IMG/center_2025_12_03_12_08_42_950.jpg,/Users/davidfeliperiveraguerra/dev/seneca/cv-project/data/IMG/left_2025_12_03_12_08_42_950.jpg,/Users/davidfeliperiveraguerra/dev/seneca/cv-project/data/IMG/right_2025_12_03_12_08_42_950.jpg,0,1,0,30.19029
/Users/davidfeliperiveraguerra/dev/seneca/cv-project/data/IMG/center_2025_12_03_12_08_43_017.jpg,/Users/davidfeliperiveraguerra/dev/seneca/cv-project/data/IMG/left_2025_12_03_12_08_43_017.jpg,/Users/davidfeliperiveraguerra/dev/seneca/cv-project/data/IMG/right_2025_12_03_12_08_43_017.jpg,0,1,0,30.19034
/Users/davidfeliperiveraguerra/dev/seneca/cv-project/data/IMG/center_2025_12_03_12_08_43_089.jpg,/Users/davidfeliperiveraguerra/dev/seneca/cv-project/data/IMG/left_2025_12_03_12_08_43_089.jpg,/Users/davidfeliperiveraguerra/dev/seneca/cv-project/data/IMG/right_2025_12_03_12_08_43_089.jpg,0,1,0,30.19029
/Users/davidfeliperiveraguerra/dev/seneca/cv-project/data/IMG/center_2025_12_03_12_08_43_162.jpg,/Users/davidfeliperiveraguerra/dev/seneca/cv-project/data/IMG/left_2025_12_03_12_08_43_162.jpg,/Users/davidfeliperiveraguerra/dev/seneca/cv-project/data/IMG/right_2025_12_03_12_08_43_162.jpg,0,1,0,30.1903
/Users/davidfeliperiveraguerra/dev/seneca/cv-project/data/IMG/center_2025_12_03_12_08_43_229.jpg,/Users/davidfeliperiveraguerra/dev/seneca/cv-project/data/IMG/left_2025_12_03_12_08_43_229.jpg,/Users/davidfeliperiveraguerra/dev/seneca/cv-project/data/IMG/right_2025_12_03_12_08_43_229.jpg,0,1,0,30.19034
/Users/davidfeliperiveraguerra/dev/seneca/cv-project/data/IMG/center_2025_12_03_12_08_43_295.jpg,/Users/davidfeliperiveraguerra/dev/seneca/cv-project/data/IMG/left_2025_12_03_12_08_43_295.jpg,/Users/davidfeliperiveraguerra/dev/seneca/cv-project/data/IMG/right_2025_12_03_12_08_43_295.jpg,0,1,0,30.19031
/Users/davidfeliperiveraguerra/dev/seneca/cv-project/data/IMG/center_2025_12_03_12_08_43_367.jpg,/Users/davidfeliperiveraguerra/dev/seneca/cv-project/data/IMG/left_2025_12_03_12_08_43_367.jpg,/Users/davidfeliperiveraguerra/dev/seneca/cv-project/data/IMG/right_2025_12_03_12_08_43_367.jpg,0,1,0,30.19031
/Users/davidfeliperiveraguerra/dev/seneca/cv-project/data/IMG/center_2025_12_03_12_08_43_434.jpg,/Users/davidfeliperiveraguerra/dev/seneca/cv-project/data/IMG/left_2025_12_03_12_08_43_434.jpg,/Users/davidfeliperiveraguerra/dev/seneca/cv-project/data/IMG/right_2025_12_03_12_08_43_434.jpg,0,1,0,30.19033
/Users/davidfeliperiveraguerra/dev/seneca/cv-project/data/IMG/center_2025_12_03_12_08_43_503.jpg,/Users/davidfeliperiveraguerra/dev/seneca/cv-project/data/IMG/left_2025_12_03_12_08_43_503.jpg,/Users/davidfeliperiveraguerra/dev/seneca/cv-project/data/IMG/right_2025_12_03_12_08_43_503.jpg,0,1,0,30.18997
/Users/davidfeliperiveraguerra/dev/seneca/cv-project/data/IMG/center_2025_12_03_12_08_43_573.jpg,/Users/davidfeliperiveraguerra/dev/seneca/cv-project/data/IMG/left_2025_12_03_12_08_43_573.jpg,/Users/davidfeliperiveraguerra/dev/seneca/cv-project/data/IMG/right_2025_12_03_12_08_43_573.jpg,0,1,0,30.19021
/Users/davidfeliperiveraguerra/dev/seneca/cv-project/data/IMG/center_2025_12_03_12_08_43_646.jpg,/Users/davidfeliperiveraguerra/dev/seneca/cv-project/data/IMG/left_2025_12_03_12_08_43_646.jpg,/Users/davidfeliperiveraguerra/dev/seneca/cv-project/data/IMG/right_2025_12_03_12_08_43_646.jpg,0,1,0,30.19023
/Users/davidfeliperiveraguerra/dev/seneca/cv-project/data/IMG/center_2025_12_03_12_08_43_712.jpg,/Users/davidfeliperiveraguerra/dev/seneca/cv-project/data/IMG/left_2025_12_03_12_08_43_712.jpg,/Users/davidfeliperiveraguerra/dev/seneca/cv-project/data/IMG/right_2025_12_03_12_08_43_712.jpg,0,1,0,30.19016
/Users/davidfeliperiveraguerra/dev/seneca/cv-project/data/IMG/center_2025_12_03_12_08_43_779.jpg,/Users/davidfeliperiveraguerra/dev/seneca/cv-project/data/IMG/left_2025_12_03_12_08_43_779.jpg,/Users/davidfeliperiveraguerra/dev/seneca/cv-project/data/IMG/right_2025_12_03_12_08_43_779.jpg,0,1,0,30.1901
/Users/davidfeliperiveraguerra/dev/seneca/cv-project/data/IMG/center_2025_12_03_12_08_43_851.jpg,/Users/davidfeliperiveraguerra/dev/seneca/cv-project/data/IMG/left_2025_12_03_12_08_43_851.jpg,/Users/davidfeliperiveraguerra/dev/seneca/cv-project/data/IMG/right_2025_12_03_12_08_43_851.jpg,-0.05,1,0,30.18966
/Users/davidfeliperiveraguerra/dev/seneca/cv-project/data/IMG/center_2025_12_03_12_08_43_917.jpg,/Users/davidfeliperiveraguerra/dev/seneca/cv-project/data/IMG/left_2025_12_03_12_08_43_917.jpg,/Users/davidfeliperiveraguerra/dev/seneca/cv-project/data/IMG/right_2025_12_03_12_08_43_917.jpg,-0.2,1,0,30.18009
/Users/davidfeliperiveraguerra/dev/seneca/cv-project/data/IMG/center_2025_12_03_12_08_43_984.jpg,/Users/davidfeliperiveraguerra/dev/seneca/cv-project/data/IMG/left_2025_12_03_12_08_43_984.jpg,/Users/davidfeliperiveraguerra/dev/seneca/cv-project/data/IMG/right_2025_12_03_12_08_43_984.jpg,0,1,0,30.18917
/Users/davidfeliperiveraguerra/dev/seneca/cv-project/data/IMG/center_2025_12_03_12_08_44_056.jpg,/Users/davidfeliperiveraguerra/dev/seneca/cv-project/data/IMG/left_2025_12_03_12_08_44_056.jpg,/Users/davidfeliperiveraguerra/dev/seneca/cv-project/data/IMG/right_2025_12_03_12_08_44_056.jpg,0,1,0,30.19011
/Users/davidfeliperiveraguerra/dev/seneca/cv-project/data/IMG/center_2025_12_03_12_08_44_126.jpg,/Users/davidfeliperiveraguerra/dev/seneca/cv-project/data/IMG/left_2025_12_03_12_08_44_126.jpg,/Users/davidfeliperiveraguerra/dev/seneca/cv-project/data/IMG/right_2025_12_03_12_08_44_126.jpg,0,1,0,30.19025
/Users/davidfeliperiveraguerra/dev/seneca/cv-project/data/IMG/center_2025_12_03_12_08_44_196.jpg,/Users/davidfeliperiveraguerra/dev/seneca/cv-project/data/IMG/left_2025_12_03_12_08_44_196.jpg,/Users/davidfeliperiveraguerra/dev/seneca/cv-project/data/IMG/right_2025_12_03_12_08_44_196.jpg,0,1,0,30.19028
/Users/davidfeliperiveraguerra/dev/seneca/cv-project/data/IMG/center_2025_12_03_12_08_44_263.jpg,/Users/davidfeliperiveraguerra/dev/seneca/cv-project/data/IMG/left_2025_12_03_12_08_44_263.jpg,/Users/davidfeliperiveraguerra/dev/seneca/cv-project/data/IMG/right_2025_12_03_12_08_44_263.jpg,0,1,0,30.19029
/Users/davidfeliperiveraguerra/dev/seneca/cv-project/data/IMG/center_2025_12_03_12_08_44_334.jpg,/Users/davidfeliperiveraguerra/dev/seneca/cv-project/data/IMG/left_2025_12_03_12_08_44_334.jpg,/Users/davidfeliperiveraguerra/dev/seneca/cv-project/data/IMG/right_2025_12_03_12_08_44_334.jpg,-0.15,1,0,30.1848
/Users/davidfeliperiveraguerra/dev/seneca/cv-project/data/IMG/center_2025_12_03_12_08_44_401.jpg,/Users/davidfeliperiveraguerra/dev/seneca/cv-project/data/IMG/left_2025_12_03_12_08_44_401.jpg,/Users/davidfeliperiveraguerra/dev/seneca/cv-project/data/IMG/right_2025_12_03_12_08_44_401.jpg,0,1,0,30.18602
/Users/davidfeliperiveraguerra/dev/seneca/cv-project/data/IMG/center_2025_12_03_12_08_44_468.jpg,/Users/davidfeliperiveraguerra/dev/seneca/cv-project/data/IMG/left_2025_12_03_12_08_44_468.jpg,/Users/davidfeliperiveraguerra/dev/seneca/cv-project/data/IMG/right_2025_12_03_12_08_44_468.jpg,0,1,0,30.18997
/Users/davidfeliperiveraguerra/dev/seneca/cv-project/data/IMG/center_2025_12_03_12_08_44_535.jpg,/Users/davidfeliperiveraguerra/dev/seneca/cv-project/data/IMG/left_2025_12_03_12_08_44_535.jpg,/Users/davidfeliperiveraguerra/dev/seneca/cv-project/data/IMG/right_2025_12_03_12_08_44_535.jpg,0,1,0,30.19025
/Users/davidfeliperiveraguerra/dev/seneca/cv-project/data/IMG/center_2025_12_03_12_08_44_607.jpg,/Users/davidfeliperiveraguerra/dev/seneca/cv-project/data/IMG/left_2025_12_03_12_08_44_607.jpg,/Users/davidfeliperiveraguerra/dev/seneca/cv-project/data/IMG/right_2025_12_03_12_08_44_607.jpg,0,1,0,30.19011
/Users/davidfeliperiveraguerra/dev/seneca/cv-project/data/IMG/center_2025_12_03_12_08_44_673.jpg,/Users/davidfeliperiveraguerra/dev/seneca/cv-project/data/IMG/left_2025_12_03_12_08_44_673.jpg,/Users/davidfeliperiveraguerra/dev/seneca/cv-project/data/IMG/right_2025_12_03_12_08_44_673.jpg,0,1,0,30.19027
/Users/davidfeliperiveraguerra/dev/seneca/cv-project/data/IMG/center_2025_12_03_12_08_44_740.jpg,/Users/davidfeliperiveraguerra/dev/seneca/cv-project/data/IMG/left_2025_12_03_12_08_44_740.jpg,/Users/davidfeliperiveraguerra/dev/seneca/cv-project/data/IMG/right_2025_12_03_12_08_44_740.jpg,0,1,0,30.19032
/Users/davidfeliperiveraguerra/dev/seneca/cv-project/data/IMG/center_2025_12_03_12_08_44_813.jpg,/Users/davidfeliperiveraguerra/dev/seneca/cv-project/data/IMG/left_2025_12_03_12_08_44_813.jpg,/Users/davidfeliperiveraguerra/dev/seneca/cv-project/data/IMG/right_2025_12_03_12_08_44_813.jpg,0,1,0,30.19033
/Users/davidfeliperiveraguerra/dev/seneca/cv-project/data/IMG/center_2025_12_03_12_08_44_879.jpg,/Users/davidfeliperiveraguerra/dev/seneca/cv-project/data/IMG/left_2025_12_03_12_08_44_879.jpg,/Users/davidfeliperiveraguerra/dev/seneca/cv-project/data/IMG/right_2025_12_03_12_08_44_879.jpg,0,1,0,30.19034
/Users/davidfeliperiveraguerra/dev/seneca/cv-project/data/IMG/center_2025_12_03_12_08_44_946.jpg,/Users/davidfeliperiveraguerra/dev/seneca/cv-project/data/IMG/left_2025_12_03_12_08_44_946.jpg,/Users/davidfeliperiveraguerra/dev/seneca/cv-project/data/IMG/right_2025_12_03_12_08_44_946.jpg,-0.15,1,0,30.1846
/Users/davidfeliperiveraguerra/dev/seneca/cv-project/data/IMG/center_2025_12_03_12_08_45_013.jpg,/Users/davidfeliperiveraguerra/dev/seneca/cv-project/data/IMG/left_2025_12_03_12_08_45_013.jpg,/Users/davidfeliperiveraguerra/dev/seneca/cv-project/data/IMG/right_2025_12_03_12_08_45_013.jpg,0,1,0,30.191
/Users/davidfeliperiveraguerra/dev/seneca/cv-project/data/IMG/center_2025_12_03_12_08_45_085.jpg,/Users/davidfeliperiveraguerra/dev/seneca/cv-project/data/IMG/left_2025_12_03_12_08_45_085.jpg,/Users/davidfeliperiveraguerra/dev/seneca/cv-project/data/IMG/right_2025_12_03_12_08_45_085.jpg,0,1,0,30.19031
/Users/davidfeliperiveraguerra/dev/seneca/cv-project/data/IMG/center_2025_12_03_12_08_45_152.jpg,/Users/davidfeliperiveraguerra/dev/seneca/cv-project/data/IMG/left_2025_12_03_12_08_45_152.jpg,/Users/davidfeliperiveraguerra/dev/seneca/cv-project/data/IMG/right_2025_12_03_12_08_45_152.jpg,0,1,0,30.12873
/Users/davidfeliperiveraguerra/dev/seneca/cv-project/data/IMG/center_2025_12_03_12_08_45_219.jpg,/Users/davidfeliperiveraguerra/dev/seneca/cv-project/data/IMG/left_2025_12_03_12_08_45_219.jpg,/Users/davidfeliperiveraguerra/dev/seneca/cv-project/data/IMG/right_2025_12_03_12_08_45_219.jpg,0,1,0,30.20953
/Users/davidfeliperiveraguerra/dev/seneca/cv-project/data/IMG/center_2025_12_03_12_08_45_287.jpg,/Users/davidfeliperiveraguerra/dev/seneca/cv-project/data/IMG/left_2025_12_03_12_08_45_287.jpg,/Users/davidfeliperiveraguerra/dev/seneca/cv-project/data/IMG/right_2025_12_03_12_08_45_287.jpg,0,1,0,30.19069
/Users/davidfeliperiveraguerra/dev/seneca/cv-project/data/IMG/center_2025_12_03_12_08_45_356.jpg,/Users/davidfeliperiveraguerra/dev/seneca/cv-project/data/IMG/left_2025_12_03_12_08_45_356.jpg,/Users/davidfeliperiveraguerra/dev/seneca/cv-project/data/IMG/right_2025_12_03_12_08_45_356.jpg,0,1,0,30.17018
/Users/davidfeliperiveraguerra/dev/seneca/cv-project/data/IMG/center_2025_12_03_12_08_45_425.jpg,/Users/davidfeliperiveraguerra/dev/seneca/cv-project/data/IMG/left_2025_12_03_12_08_45_425.jpg,/Users/davidfeliperiveraguerra/dev/seneca/cv-project/data/IMG/right_2025_12_03_12_08_45_425.jpg,0,1,0,30.18913
/Users/davidfeliperiveraguerra/dev/seneca/cv-project/data/IMG/center_2025_12_03_12_08_45_493.jpg,/Users/davidfeliperiveraguerra/dev/seneca/cv-project/data/IMG/left_2025_12_03_12_08_45_493.jpg,/Users/davidfeliperiveraguerra/dev/seneca/cv-project/data/IMG/right_2025_12_03_12_08_45_493.jpg,0,1,0,30.18904
/Users/davidfeliperiveraguerra/dev/seneca/cv-project/data/IMG/center_2025_12_03_12_08_45_563.jpg,/Users/davidfeliperiveraguerra/dev/seneca/cv-project/data/IMG/left_2025_12_03_12_08_45_563.jpg,/Users/davidfeliperiveraguerra/dev/seneca/cv-project/data/IMG/right_2025_12_03_12_08_45_563.jpg,0,1,0,30.18941
/Users/davidfeliperiveraguerra/dev/seneca/cv-project/data/IMG/center_2025_12_03_12_08_45_633.jpg,/Users/davidfeliperiveraguerra/dev/seneca/cv-project/data/IMG/left_2025_12_03_12_08_45_633.jpg,/Users/davidfeliperiveraguerra/dev/seneca/cv-project/data/IMG/right_2025_12_03_12_08_45_633.jpg,0,1,0,30.18967
/Users/davidfeliperiveraguerra/dev/seneca/cv-project/data/IMG/center_2025_12_03_12_08_45_704.jpg,/Users/davidfeliperiveraguerra/dev/seneca/cv-project/data/IMG/left_2025_12_03_12_08_45_704.jpg,/Users/davidfeliperiveraguerra/dev/seneca/cv-project/data/IMG/right_2025_12_03_12_08_45_704.jpg,0,1,0,30.18979
/Users/davidfeliperiveraguerra/dev/seneca/cv-project/data/IMG/center_2025_12_03_12_08_45_775.jpg,/Users/davidfeliperiveraguerra/dev/seneca/cv-project/data/IMG/left_2025_12_03_12_08_45_775.jpg,/Users/davidfeliperiveraguerra/dev/seneca/cv-project/data/IMG/right_2025_12_03_12_08_45_775.jpg,0,1,0,30.18984
/Users/davidfeliperiveraguerra/dev/seneca/cv-project/data/IMG/center_2025_12_03_12_08_45_847.jpg,/Users/davidfeliperiveraguerra/dev/seneca/cv-project/data/IMG/left_2025_12_03_12_08_45_847.jpg,/Users/davidfeliperiveraguerra/dev/seneca/cv-project/data/IMG/right_2025_12_03_12_08_45_847.jpg,0,1,0,30.18986
/Users/davidfeliperiveraguerra/dev/seneca/cv-project/data/IMG/center_2025_12_03_12_08_45_919.jpg,/Users/davidfeliperiveraguerra/dev/seneca/cv-project/data/IMG/left_2025_12_03_12_08_45_919.jpg,/Users/davidfeliperiveraguerra/dev/seneca/cv-project/data/IMG/right_2025_12_03_12_08_45_919.jpg,0,1,0,30.18988
/Users/davidfeliperiveraguerra/dev/seneca/cv-project/data/IMG/center_2025_12_03_12_08_45_991.jpg,/Users/davidfeliperiveraguerra/dev/seneca/cv-project/data/IMG/left_2025_12_03_12_08_45_991.jpg,/Users/davidfeliperiveraguerra/dev/seneca/cv-project/data/IMG/right_2025_12_03_12_08_45_991.jpg,0,1,0,30.18987
/Users/davidfeliperiveraguerra/dev/seneca/cv-project/data/IMG/center_2025_12_03_12_08_46_064.jpg,/Users/davidfeliperiveraguerra/dev/seneca/cv-project/data/IMG/left_2025_12_03_12_08_46_064.jpg,/Users/davidfeliperiveraguerra/dev/seneca/cv-project/data/IMG/right_2025_12_03_12_08_46_064.jpg,-0.1,1,0,30.18732
/Users/davidfeliperiveraguerra/dev/seneca/cv-project/data/IMG/center_2025_12_03_12_08_46_130.jpg,/Users/davidfeliperiveraguerra/dev/seneca/cv-project/data/IMG/left_2025_12_03_12_08_46_130.jpg,/Users/davidfeliperiveraguerra/dev/seneca/cv-project/data/IMG/right_2025_12_03_12_08_46_130.jpg,-0.25,1,0,30.17451
/Users/davidfeliperiveraguerra/dev/seneca/cv-project/data/IMG/center_2025_12_03_12_08_46_199.jpg,/Users/davidfeliperiveraguerra/dev/seneca/cv-project/data/IMG/left_2025_12_03_12_08_46_199.jpg,/Users/davidfeliperiveraguerra/dev/seneca/cv-project/data/IMG/right_2025_12_03_12_08_46_199.jpg,0,1,0,30.18887
/Users/davidfeliperiveraguerra/dev/seneca/cv-project/data/IMG/center_2025_12_03_12_08_46_268.jpg,/Users/davidfeliperiveraguerra/dev/seneca/cv-project/data/IMG/left_2025_12_03_12_08_46_268.jpg,/Users/davidfeliperiveraguerra/dev/seneca/cv-project/data/IMG/right_2025_12_03_12_08_46_268.jpg,0,1,0,30.18978
/Users/davidfeliperiveraguerra/dev/seneca/cv-project/data/IMG/center_2025_12_03_12_08_46_336.jpg,/Users/davidfeliperiveraguerra/dev/seneca/cv-project/data/IMG/left_2025_12_03_12_08_46_336.jpg,/Users/davidfeliperiveraguerra/dev/seneca/cv-project/data/IMG/right_2025_12_03_12_08_46_336.jpg,0,1,0,30.18989
/Users/davidfeliperiveraguerra/dev/seneca/cv-project/data/IMG/center_2025_12_03_12_08_46_406.jpg,/Users/davidfeliperiveraguerra/dev/seneca/cv-project/data/IMG/left_2025_12_03_12_08_46_406.jpg,/Users/davidfeliperiveraguerra/dev/seneca/cv-project/data/IMG/right_2025_12_03_12_08_46_406.jpg,0,1,0,30.18992
/Users/davidfeliperiveraguerra/dev/seneca/cv-project/data/IMG/center_2025_12_03_12_08_46_477.jpg,/Users/davidfeliperiveraguerra/dev/seneca/cv-project/data/IMG/left_2025_12_03_12_08_46_477.jpg,/Users/davidfeliperiveraguerra/dev/seneca/cv-project/data/IMG/right_2025_12_03_12_08_46_477.jpg,0,1,0,30.18992
/Users/davidfeliperiveraguerra/dev/seneca/cv-project/data/IMG/center_2025_12_03_12_08_46_547.jpg,/Users/davidfeliperiveraguerra/dev/seneca/cv-project/data/IMG/left_2025_12_03_12_08_46_547.jpg,/Users/davidfeliperiveraguerra/dev/seneca/cv-project/data/IMG/right_2025_12_03_12_08_46_547.jpg,0,1,0,30.18993
/Users/davidfeliperiveraguerra/dev/seneca/cv-project/data/IMG/center_2025_12_03_12_08_46_615.jpg,/Users/davidfeliperiveraguerra/dev/seneca/cv-project/data/IMG/left_2025_12_03_12_08_46_615.jpg,/Users/davidfeliperiveraguerra/dev/seneca/cv-project/data/IMG/right_2025_12_03_12_08_46_615.jpg,0,1,0,30.18994
/Users/davidfeliperiveraguerra/dev/seneca/cv-project/data/IMG/center_2025_12_03_12_08_46_685.jpg,/Users/davidfeliperiveraguerra/dev/seneca/cv-project/data/IMG/left_2025_12_03_12_08_46_685.jpg,/Users/davidfeliperiveraguerra/dev/seneca/cv-project/data/IMG/right_2025_12_03_12_08_46_685.jpg,0,1,0,30.18992
/Users/davidfeliperiveraguerra/dev/seneca/cv-project/data/IMG/center_2025_12_03_12_08_46_755.jpg,/Users/davidfeliperiveraguerra/dev/seneca/cv-project/data/IMG/left_2025_12_03_12_08_46_755.jpg,/Users/davidfeliperiveraguerra/dev/seneca/cv-project/data/IMG/right_2025_12_03_12_08_46_755.jpg,0,1,0,30.18994
/Users/davidfeliperiveraguerra/dev/seneca/cv-project/data/IMG/center_2025_12_03_12_08_46_822.jpg,/Users/davidfeliperiveraguerra/dev/seneca/cv-project/data/IMG/left_2025_12_03_12_08_46_822.jpg,/Users/davidfeliperiveraguerra/dev/seneca/cv-project/data/IMG/right_2025_12_03_12_08_46_822.jpg,0.2,1,0,30.17933
/Users/davidfeliperiveraguerra/dev/seneca/cv-project/data/IMG/center_2025_12_03_12_08_46_894.jpg,/Users/davidfeliperiveraguerra/dev/seneca/cv-project/data/IMG/left_2025_12_03_12_08_46_894.jpg,/Users/davidfeliperiveraguerra/dev/seneca/cv-project/data/IMG/right_2025_12_03_12_08_46_894.jpg,0,1,0,30.18407
/Users/davidfeliperiveraguerra/dev/seneca/cv-project/data/IMG/center_2025_12_03_12_08_46_967.jpg,/Users/davidfeliperiveraguerra/dev/seneca/cv-project/data/IMG/left_2025_12_03_12_08_46_967.jpg,/Users/davidfeliperiveraguerra/dev/seneca/cv-project/data/IMG/right_2025_12_03_12_08_46_967.jpg,0,1,0,30.18938
/Users/davidfeliperiveraguerra/dev/seneca/cv-project/data/IMG/center_2025_12_03_12_08_47_033.jpg,/Users/davidfeliperiveraguerra/dev/seneca/cv-project/data/IMG/left_2025_12_03_12_08_47_033.jpg,/Users/davidfeliperiveraguerra/dev/seneca/cv-project/data/IMG/right_2025_12_03_12_08_47_033.jpg,0,1,0,30.18975
/Users/davidfeliperiveraguerra/dev/seneca/cv-project/data/IMG/center_2025_12_03_12_08_47_106.jpg,/Users/davidfeliperiveraguerra/dev/seneca/cv-project/data/IMG/left_2025_12_03_12_08_47_106.jpg,/Users/davidfeliperiveraguerra/dev/seneca/cv-project/data/IMG/right_2025_12_03_12_08_47_106.jpg,0,1,0,30.18984
/Users/davidfeliperiveraguerra/dev/seneca/cv-project/data/IMG/center_2025_12_03_12_08_47_173.jpg,/Users/davidfeliperiveraguerra/dev/seneca/cv-project/data/IMG/left_2025_12_03_12_08_47_173.jpg,/Users/davidfeliperiveraguerra/dev/seneca/cv-project/data/IMG/right_2025_12_03_12_08_47_173.jpg,0,1,0,30.18987
/Users/davidfeliperiveraguerra/dev/seneca/cv-project/data/IMG/center_2025_12_03_12_08_47_240.jpg,/Users/davidfeliperiveraguerra/dev/seneca/cv-project/data/IMG/left_2025_12_03_12_08_47_240.jpg,/Users/davidfeliperiveraguerra/dev/seneca/cv-project/data/IMG/right_2025_12_03_12_08_47_240.jpg,0,1,0,30.18987
/Users/davidfeliperiveraguerra/dev/seneca/cv-project/data/IMG/center_2025_12_03_12_08_47_314.jpg,/Users/davidfeliperiveraguerra/dev/seneca/cv-project/data/IMG/left_2025_12_03_12_08_47_314.jpg,/Users/davidfeliperiveraguerra/dev/seneca/cv-project/data/IMG/right_2025_12_03_12_08_47_314.jpg,0,1,0,30.18984
/Users/davidfeliperiveraguerra/dev/seneca/cv-project/data/IMG/center_2025_12_03_12_08_47_381.jpg,/Users/davidfeliperiveraguerra/dev/seneca/cv-project/data/IMG/left_2025_12_03_12_08_47_381.jpg,/Users/davidfeliperiveraguerra/dev/seneca/cv-project/data/IMG/right_2025_12_03_12_08_47_381.jpg,-0.1,1,0,30.1872
/Users/davidfeliperiveraguerra/dev/seneca/cv-project/data/IMG/center_2025_12_03_12_08_47_447.jpg,/Users/davidfeliperiveraguerra/dev/seneca/cv-project/data/IMG/left_2025_12_03_12_08_47_447.jpg,/Users/davidfeliperiveraguerra/dev/seneca/cv-project/data/IMG/right_2025_12_03_12_08_47_447.jpg,0,1,0,30.19061
/Users/davidfeliperiveraguerra/dev/seneca/cv-project/data/IMG/center_2025_12_03_12_08_47_514.jpg,/Users/davidfeliperiveraguerra/dev/seneca/cv-project/data/IMG/left_2025_12_03_12_08_47_514.jpg,/Users/davidfeliperiveraguerra/dev/seneca/cv-project/data/IMG/right_2025_12_03_12_08_47_514.jpg,0,1,0,30.18967
/Users/davidfeliperiveraguerra/dev/seneca/cv-project/data/IMG/center_2025_12_03_12_08_47_581.jpg,/Users/davidfeliperiveraguerra/dev/seneca/cv-project/data/IMG/left_2025_12_03_12_08_47_581.jpg,/Users/davidfeliperiveraguerra/dev/seneca/cv-project/data/IMG/right_2025_12_03_12_08_47_581.jpg,0,1,0,30.18983
/Users/davidfeliperiveraguerra/dev/seneca/cv-project/data/IMG/center_2025_12_03_12_08_47_648.jpg,/Users/davidfeliperiveraguerra/dev/seneca/cv-project/data/IMG/left_2025_12_03_12_08_47_648.jpg,/Users/davidfeliperiveraguerra/dev/seneca/cv-project/data/IMG/right_2025_12_03_12_08_47_648.jpg,0,1,0,30.18988
/Users/davidfeliperiveraguerra/dev/seneca/cv-project/data/IMG/center_2025_12_03_12_08_47_721.jpg,/Users/davidfeliperiveraguerra/dev/seneca/cv-project/data/IMG/left_2025_12_03_12_08_47_721.jpg,/Users/davidfeliperiveraguerra/dev/seneca/cv-project/data/IMG/right_2025_12_03_12_08_47_721.jpg,0,1,0,30.18987
/Users/davidfeliperiveraguerra/dev/seneca/cv-project/data/IMG/center_2025_12_03_12_08_47_794.jpg,/Users/davidfeliperiveraguerra/dev/seneca/cv-project/data/IMG/left_2025_12_03_12_08_47_794.jpg,/Users/davidfeliperiveraguerra/dev/seneca/cv-project/data/IMG/right_2025_12_03_12_08_47_794.jpg,0,1,0,30.18989
/Users/davidfeliperiveraguerra/dev/seneca/cv-project/data/IMG/center_2025_12_03_12_08_47_867.jpg,/Users/davidfeliperiveraguerra/dev/seneca/cv-project/data/IMG/left_2025_12_03_12_08_47_867.jpg,/Users/davidfeliperiveraguerra/dev/seneca/cv-project/data/IMG/right_2025_12_03_12_08_47_867.jpg,-0.05,1,0,30.18935
/Users/davidfeliperiveraguerra/dev/seneca/cv-project/data/IMG/center_2025_12_03_12_08_47_940.jpg,/Users/davidfeliperiveraguerra/dev/seneca/cv-project/data/IMG/left_2025_12_03_12_08_47_940.jpg,/Users/davidfeliperiveraguerra/dev/seneca/cv-project/data/IMG/right_2025_12_03_12_08_47_940.jpg,0,1,0,30.18799
/Users/davidfeliperiveraguerra/dev/seneca/cv-project/data/IMG/center_2025_12_03_12_08_48_014.jpg,/Users/davidfeliperiveraguerra/dev/seneca/cv-project/data/IMG/left_2025_12_03_12_08_48_014.jpg,/Users/davidfeliperiveraguerra/dev/seneca/cv-project/data/IMG/right_2025_12_03_12_08_48_014.jpg,0,1,0,30.1898
/Users/davidfeliperiveraguerra/dev/seneca/cv-project/data/IMG/center_2025_12_03_12_08_48_081.jpg,/Users/davidfeliperiveraguerra/dev/seneca/cv-project/data/IMG/left_2025_12_03_12_08_48_081.jpg,/Users/davidfeliperiveraguerra/dev/seneca/cv-project/data/IMG/right_2025_12_03_12_08_48_081.jpg,0,1,0,30.1899
/Users/davidfeliperiveraguerra/dev/seneca/cv-project/data/IMG/center_2025_12_03_12_08_48_148.jpg,/Users/davidfeliperiveraguerra/dev/seneca/cv-project/data/IMG/left_2025_12_03_12_08_48_148.jpg,/Users/davidfeliperiveraguerra/dev/seneca/cv-project/data/IMG/right_2025_12_03_12_08_48_148.jpg,0,1,0,30.18989
/Users/davidfeliperiveraguerra/dev/seneca/cv-project/data/IMG/center_2025_12_03_12_08_48_214.jpg,/Users/davidfeliperiveraguerra/dev/seneca/cv-project/data/IMG/left_2025_12_03_12_08_48_214.jpg,/Users/davidfeliperiveraguerra/dev/seneca/cv-project/data/IMG/right_2025_12_03_12_08_48_214.jpg,0,1,0,30.1899
/Users/davidfeliperiveraguerra/dev/seneca/cv-project/data/IMG/center_2025_12_03_12_08_48_288.jpg,/Users/davidfeliperiveraguerra/dev/seneca/cv-project/data/IMG/left_2025_12_03_12_08_48_288.jpg,/Users/davidfeliperiveraguerra/dev/seneca/cv-project/data/IMG/right_2025_12_03_12_08_48_288.jpg,0,1,0,30.18991
/Users/davidfeliperiveraguerra/dev/seneca/cv-project/data/IMG/center_2025_12_03_12_08_48_354.jpg,/Users/davidfeliperiveraguerra/dev/seneca/cv-project/data/IMG/left_2025_12_03_12_08_48_354.jpg,/Users/davidfeliperiveraguerra/dev/seneca/cv-project/data/IMG/right_2025_12_03_12_08_48_354.jpg,0,1,0,30.18992
/Users/davidfeliperiveraguerra/dev/seneca/cv-project/data/IMG/center_2025_12_03_12_08_48_427.jpg,/Users/davidfeliperiveraguerra/dev/seneca/cv-project/data/IMG/left_2025_12_03_12_08_48_427.jpg,/Users/davidfeliperiveraguerra/dev/seneca/cv-project/data/IMG/right_2025_12_03_12_08_48_427.jpg,0,1,0,30.18993
/Users/davidfeliperiveraguerra/dev/seneca/cv-project/data/IMG/center_2025_12_03_12_08_48_494.jpg,/Users/davidfeliperiveraguerra/dev/seneca/cv-project/data/IMG/left_2025_12_03_12_08_48_494.jpg,/Users/davidfeliperiveraguerra/dev/seneca/cv-project/data/IMG/right_2025_12_03_12_08_48_494.jpg,0,1,0,30.18992
/Users/davidfeliperiveraguerra/dev/seneca/cv-project/data/IMG/center_2025_12_03_12_08_48_567.jpg,/Users/davidfeliperiveraguerra/dev/seneca/cv-project/data/IMG/left_2025_12_03_12_08_48_567.jpg,/Users/davidfeliperiveraguerra/dev/seneca/cv-project/data/IMG/right_2025_12_03_12_08_48_567.jpg,0,1,0,30.18991
/Users/davidfeliperiveraguerra/dev/seneca/cv-project/data/IMG/center_2025_12_03_12_08_48_634.jpg,/Users/davidfeliperiveraguerra/dev/seneca/cv-project/data/IMG/left_2025_12_03_12_08_48_634.jpg,/Users/davidfeliperiveraguerra/dev/seneca/cv-project/data/IMG/right_2025_12_03_12_08_48_634.jpg,0,1,0,30.18991
/Users/davidfeliperiveraguerra/dev/seneca/cv-project/data/IMG/center_2025_12_03_12_08_48_706.jpg,/Users/davidfeliperiveraguerra/dev/seneca/cv-project/data/IMG/left_2025_12_03_12_08_48_706.jpg,/Users/davidfeliperiveraguerra/dev/seneca/cv-project/data/IMG/right_2025_12_03_12_08_48_706.jpg,0,1,0,30.18993
/Users/davidfeliperiveraguerra/dev/seneca/cv-project/data/IMG/center_2025_12_03_12_08_48_777.jpg,/Users/davidfeliperiveraguerra/dev/seneca/cv-project/data/IMG/left_2025_12_03_12_08_48_777.jpg,/Users/davidfeliperiveraguerra/dev/seneca/cv-project/data/IMG/right_2025_12_03_12_08_48_777.jpg,-0.1,1,0,30.18734
/Users/davidfeliperiveraguerra/dev/seneca/cv-project/data/IMG/center_2025_12_03_12_08_48_850.jpg,/Users/davidfeliperiveraguerra/dev/seneca/cv-project/data/IMG/left_2025_12_03_12_08_48_850.jpg,/Users/davidfeliperiveraguerra/dev/seneca/cv-project/data/IMG/right_2025_12_03_12_08_48_850.jpg,0,1,0,30.18958
/Users/davidfeliperiveraguerra/dev/seneca/cv-project/data/IMG/center_2025_12_03_12_08_48_923.jpg,/Users/davidfeliperiveraguerra/dev/seneca/cv-project/data/IMG/left_2025_12_03_12_08_48_923.jpg,/Users/davidfeliperiveraguerra/dev/seneca/cv-project/data/IMG/right_2025_12_03_12_08_48_923.jpg,0,1,0,30.18988
/Users/davidfeliperiveraguerra/dev/seneca/cv-project/data/IMG/center_2025_12_03_12_08_48_994.jpg,/Users/davidfeliperiveraguerra/dev/seneca/cv-project/data/IMG/left_2025_12_03_12_08_48_994.jpg,/Users/davidfeliperiveraguerra/dev/seneca/cv-project/data/IMG/right_2025_12_03_12_08_48_994.jpg,0,1,0,30.1899
/Users/davidfeliperiveraguerra/dev/seneca/cv-project/data/IMG/center_2025_12_03_12_08_49_065.jpg,/Users/davidfeliperiveraguerra/dev/seneca/cv-project/data/IMG/left_2025_12_03_12_08_49_065.jpg,/Users/davidfeliperiveraguerra/dev/seneca/cv-project/data/IMG/right_2025_12_03_12_08_49_065.jpg,0,1,0,30.18993
/Users/davidfeliperiveraguerra/dev/seneca/cv-project/data/IMG/center_2025_12_03_12_08_49_138.jpg,/Users/davidfeliperiveraguerra/dev/seneca/cv-project/data/IMG/left_2025_12_03_12_08_49_138.jpg,/Users/davidfeliperiveraguerra/dev/seneca/cv-project/data/IMG/right_2025_12_03_12_08_49_138.jpg,0,1,0,30.18994
/Users/davidfeliperiveraguerra/dev/seneca/cv-project/data/IMG/center_2025_12_03_12_08_49_211.jpg,/Users/davidfeliperiveraguerra/dev/seneca/cv-project/data/IMG/left_2025_12_03_12_08_49_211.jpg,/Users/davidfeliperiveraguerra/dev/seneca/cv-project/data/IMG/right_2025_12_03_12_08_49_211.jpg,0,1,0,30.18993
/Users/davidfeliperiveraguerra/dev/seneca/cv-project/data/IMG/center_2025_12_03_12_08_49_277.jpg,/Users/davidfeliperiveraguerra/dev/seneca/cv-project/data/IMG/left_2025_12_03_12_08_49_277.jpg,/Users/davidfeliperiveraguerra/dev/seneca/cv-project/data/IMG/right_2025_12_03_12_08_49_277.jpg,0,1,0,30.18993
/Users/davidfeliperiveraguerra/dev/seneca/cv-project/data/IMG/center_2025_12_03_12_08_49_350.jpg,/Users/davidfeliperiveraguerra/dev/seneca/cv-project/data/IMG/left_2025_12_03_12_08_49_350.jpg,/Users/davidfeliperiveraguerra/dev/seneca/cv-project/data/IMG/right_2025_12_03_12_08_49_350.jpg,0,1,0,30.18994
/Users/davidfeliperiveraguerra/dev/seneca/cv-project/data/IMG/center_2025_12_03_12_08_49_423.jpg,/Users/davidfeliperiveraguerra/dev/seneca/cv-project/data/IMG/left_2025_12_03_12_08_49_423.jpg,/Users/davidfeliperiveraguerra/dev/seneca/cv-project/data/IMG/right_2025_12_03_12_08_49_423.jpg,0,1,0,30.18995
/Users/davidfeliperiveraguerra/dev/seneca/cv-project/data/IMG/center_2025_12_03_12_08_49_490.jpg,/Users/davidfeliperiveraguerra/dev/seneca/cv-project/data/IMG/left_2025_12_03_12_08_49_490.jpg,/Users/davidfeliperiveraguerra/dev/seneca/cv-project/data/IMG/right_2025_12_03_12_08_49_490.jpg,0,1,0,30.18994
/Users/davidfeliperiveraguerra/dev/seneca/cv-project/data/IMG/center_2025_12_03_12_08_49_563.jpg,/Users/davidfeliperiveraguerra/dev/seneca/cv-project/data/IMG/left_2025_12_03_12_08_49_563.jpg,/Users/davidfeliperiveraguerra/dev/seneca/cv-project/data/IMG/right_2025_12_03_12_08_49_563.jpg,0,1,0,30.18994
/Users/davidfeliperiveraguerra/dev/seneca/cv-project/data/IMG/center_2025_12_03_12_08_49_634.jpg,/Users/davidfeliperiveraguerra/dev/seneca/cv-project/data/IMG/left_2025_12_03_12_08_49_634.jpg,/Users/davidfeliperiveraguerra/dev/seneca/cv-project/data/IMG/right_2025_12_03_12_08_49_634.jpg,0,1,0,30.18993
/Users/davidfeliperiveraguerra/dev/seneca/cv-project/data/IMG/center_2025_12_03_12_08_49_701.jpg,/Users/davidfeliperiveraguerra/dev/seneca/cv-project/data/IMG/left_2025_12_03_12_08_49_701.jpg,/Users/davidfeliperiveraguerra/dev/seneca/cv-project/data/IMG/right_2025_12_03_12_08_49_701.jpg,0,1,0,30.18995
/Users/davidfeliperiveraguerra/dev/seneca/cv-project/data/IMG/center_2025_12_03_12_08_49_768.jpg,/Users/davidfeliperiveraguerra/dev/seneca/cv-project/data/IMG/left_2025_12_03_12_08_49_768.jpg,/Users/davidfeliperiveraguerra/dev/seneca/cv-project/data/IMG/right_2025_12_03_12_08_49_768.jpg,0,1,0,30.18996
/Users/davidfeliperiveraguerra/dev/seneca/cv-project/data/IMG/center_2025_12_03_12_08_49_834.jpg,/Users/davidfeliperiveraguerra/dev/seneca/cv-project/data/IMG/left_2025_12_03_12_08_49_834.jpg,/Users/davidfeliperiveraguerra/dev/seneca/cv-project/data/IMG/right_2025_12_03_12_08_49_834.jpg,0,1,0,30.18993
/Users/davidfeliperiveraguerra/dev/seneca/cv-project/data/IMG/center_2025_12_03_12_08_49_901.jpg,/Users/davidfeliperiveraguerra/dev/seneca/cv-project/data/IMG/left_2025_12_03_12_08_49_901.jpg,/Users/davidfeliperiveraguerra/dev/seneca/cv-project/data/IMG/right_2025_12_03_12_08_49_901.jpg,0,1,0,30.18995
/Users/davidfeliperiveraguerra/dev/seneca/cv-project/data/IMG/center_2025_12_03_12_08_49_968.jpg,/Users/davidfeliperiveraguerra/dev/seneca/cv-project/data/IMG/left_2025_12_03_12_08_49_968.jpg,/Users/davidfeliperiveraguerra/dev/seneca/cv-project/data/IMG/right_2025_12_03_12_08_49_968.jpg,0,1,0,30.18994
/Users/davidfeliperiveraguerra/dev/seneca/cv-project/data/IMG/center_2025_12_03_12_08_50_041.jpg,/Users/davidfeliperiveraguerra/dev/seneca/cv-project/data/IMG/left_2025_12_03_12_08_50_041.jpg,/Users/davidfeliperiveraguerra/dev/seneca/cv-project/data/IMG/right_2025_12_03_12_08_50_041.jpg,0,1,0,30.18995
/Users/davidfeliperiveraguerra/dev/seneca/cv-project/data/IMG/center_2025_12_03_12_08_50_115.jpg,/Users/davidfeliperiveraguerra/dev/seneca/cv-project/data/IMG/left_2025_12_03_12_08_50_115.jpg,/Users/davidfeliperiveraguerra/dev/seneca/cv-project/data/IMG/right_2025_12_03_12_08_50_115.jpg,0,1,0,30.18993
/Users/davidfeliperiveraguerra/dev/seneca/cv-project/data/IMG/center_2025_12_03_12_08_50_188.jpg,/Users/davidfeliperiveraguerra/dev/seneca/cv-project/data/IMG/left_2025_12_03_12_08_50_188.jpg,/Users/davidfeliperiveraguerra/dev/seneca/cv-project/data/IMG/right_2025_12_03_12_08_50_188.jpg,0.1,1,0,30.18723
/Users/davidfeliperiveraguerra/dev/seneca/cv-project/data/IMG/center_2025_12_03_12_08_50_255.jpg,/Users/davidfeliperiveraguerra/dev/seneca/cv-project/data/IMG/left_2025_12_03_12_08_50_255.jpg,/Users/davidfeliperiveraguerra/dev/seneca/cv-project/data/IMG/right_2025_12_03_12_08_50_255.jpg,0.25,1,0,30.17424
/Users/davidfeliperiveraguerra/dev/seneca/cv-project/data/IMG/center_2025_12_03_12_08_50_329.jpg,/Users/davidfeliperiveraguerra/dev/seneca/cv-project/data/IMG/left_2025_12_03_12_08_50_329.jpg,/Users/davidfeliperiveraguerra/dev/seneca/cv-project/data/IMG/right_2025_12_03_12_08_50_329.jpg,0,1,0,30.1898
/Users/davidfeliperiveraguerra/dev/seneca/cv-project/data/IMG/center_2025_12_03_12_08_50_402.jpg,/Users/davidfeliperiveraguerra/dev/seneca/cv-project/data/IMG/left_2025_12_03_12_08_50_402.jpg,/Users/davidfeliperiveraguerra/dev/seneca/cv-project/data/IMG/right_2025_12_03_12_08_50_402.jpg,0,1,0,30.18912
/Users/davidfeliperiveraguerra/dev/seneca/cv-project/data/IMG/center_2025_12_03_12_08_50_475.jpg,/Users/davidfeliperiveraguerra/dev/seneca/cv-project/data/IMG/left_2025_12_03_12_08_50_475.jpg,/Users/davidfeliperiveraguerra/dev/seneca/cv-project/data/IMG/right_2025_12_03_12_08_50_475.jpg,0,1,0,30.18971
/Users/davidfeliperiveraguerra/dev/seneca/cv-project/data/IMG/center_2025_12_03_12_08_50_542.jpg,/Users/davidfeliperiveraguerra/dev/seneca/cv-project/data/IMG/left_2025_12_03_12_08_50_542.jpg,/Users/davidfeliperiveraguerra/dev/seneca/cv-project/data/IMG/right_2025_12_03_12_08_50_542.jpg,0,1,0,30.18983
/Users/davidfeliperiveraguerra/dev/seneca/cv-project/data/IMG/center_2025_12_03_12_08_50_610.jpg,/Users/davidfeliperiveraguerra/dev/seneca/cv-project/data/IMG/left_2025_12_03_12_08_50_610.jpg,/Users/davidfeliperiveraguerra/dev/seneca/cv-project/data/IMG/right_2025_12_03_12_08_50_610.jpg,0,1,0,30.18985
/Users/davidfeliperiveraguerra/dev/seneca/cv-project/data/IMG/center_2025_12_03_12_08_50_680.jpg,/Users/davidfeliperiveraguerra/dev/seneca/cv-project/data/IMG/left_2025_12_03_12_08_50_680.jpg,/Users/davidfeliperiveraguerra/dev/seneca/cv-project/data/IMG/right_2025_12_03_12_08_50_680.jpg,0,1,0,30.18985
/Users/davidfeliperiveraguerra/dev/seneca/cv-project/data/IMG/center_2025_12_03_12_08_50_750.jpg,/Users/davidfeliperiveraguerra/dev/seneca/cv-project/data/IMG/left_2025_12_03_12_08_50_750.jpg,/Users/davidfeliperiveraguerra/dev/seneca/cv-project/data/IMG/right_2025_12_03_12_08_50_750.jpg,-0.2,1,0,30.17915
/Users/davidfeliperiveraguerra/dev/seneca/cv-project/data/IMG/center_2025_12_03_12_08_50_819.jpg,/Users/davidfeliperiveraguerra/dev/seneca/cv-project/data/IMG/left_2025_12_03_12_08_50_819.jpg,/Users/davidfeliperiveraguerra/dev/seneca/cv-project/data/IMG/right_2025_12_03_12_08_50_819.jpg,0,1,0,30.18385
/Users/davidfeliperiveraguerra/dev/seneca/cv-project/data/IMG/center_2025_12_03_12_08_50_889.jpg,/Users/davidfeliperiveraguerra/dev/seneca/cv-project/data/IMG/left_2025_12_03_12_08_50_889.jpg,/Users/davidfeliperiveraguerra/dev/seneca/cv-project/data/IMG/right_2025_12_03_12_08_50_889.jpg,0,1,0,30.18932
/Users/davidfeliperiveraguerra/dev/seneca/cv-project/data/IMG/center_2025_12_03_12_08_50_958.jpg,/Users/davidfeliperiveraguerra/dev/seneca/cv-project/data/IMG/left_2025_12_03_12_08_50_958.jpg,/Users/davidfeliperiveraguerra/dev/seneca/cv-project/data/IMG/right_2025_12_03_12_08_50_958.jpg,0,1,0,30.18976
/Users/davidfeliperiveraguerra/dev/seneca/cv-project/data/IMG/center_2025_12_03_12_08_51_028.jpg,/Users/davidfeliperiveraguerra/dev/seneca/cv-project/data/IMG/left_2025_12_03_12_08_51_028.jpg,/Users/davidfeliperiveraguerra/dev/seneca/cv-project/data/IMG/right_2025_12_03_12_08_51_028.jpg,0,1,0,30.18987
/Users/davidfeliperiveraguerra/dev/seneca/cv-project/data/IMG/center_2025_12_03_12_08_51_099.jpg,/Users/davidfeliperiveraguerra/dev/seneca/cv-project/data/IMG/left_2025_12_03_12_08_51_099.jpg,/Users/davidfeliperiveraguerra/dev/seneca/cv-project/data/IMG/right_2025_12_03_12_08_51_099.jpg,0,1,0,30.1899
/Users/davidfeliperiveraguerra/dev/seneca/cv-project/data/IMG/center_2025_12_03_12_08_51_170.jpg,/Users/davidfeliperiveraguerra/dev/seneca/cv-project/data/IMG/left_2025_12_03_12_08_51_170.jpg,/Users/davidfeliperiveraguerra/dev/seneca/cv-project/data/IMG/right_2025_12_03_12_08_51_170.jpg,-0.15,1,0,30.18443
/Users/davidfeliperiveraguerra/dev/seneca/cv-project/data/IMG/center_2025_12_03_12_08_51_241.jpg,/Users/davidfeliperiveraguerra/dev/seneca/cv-project/data/IMG/left_2025_12_03_12_08_51_241.jpg,/Users/davidfeliperiveraguerra/dev/seneca/cv-project/data/IMG/right_2025_12_03_12_08_51_241.jpg,0,1,0,30.18579
/Users/davidfeliperiveraguerra/dev/seneca/cv-project/data/IMG/center_2025_12_03_12_08_51_313.jpg,/Users/davidfeliperiveraguerra/dev/seneca/cv-project/data/IMG/left_2025_12_03_12_08_51_313.jpg,/Users/davidfeliperiveraguerra/dev/seneca/cv-project/data/IMG/right_2025_12_03_12_08_51_313.jpg,0,1,0,30.18962
/Users/davidfeliperiveraguerra/dev/seneca/cv-project/data/IMG/center_2025_12_03_12_08_51_385.jpg,/Users/davidfeliperiveraguerra/dev/seneca/cv-project/data/IMG/left_2025_12_03_12_08_51_385.jpg,/Users/davidfeliperiveraguerra/dev/seneca/cv-project/data/IMG/right_2025_12_03_12_08_51_385.jpg,0,1,0,30.1899
/Users/davidfeliperiveraguerra/dev/seneca/cv-project/data/IMG/center_2025_12_03_12_08_51_457.jpg,/Users/davidfeliperiveraguerra/dev/seneca/cv-project/data/IMG/left_2025_12_03_12_08_51_457.jpg,/Users/davidfeliperiveraguerra/dev/seneca/cv-project/data/IMG/right_2025_12_03_12_08_51_457.jpg,0,1,0,30.18994
/Users/davidfeliperiveraguerra/dev/seneca/cv-project/data/IMG/center_2025_12_03_12_08_51_524.jpg,/Users/davidfeliperiveraguerra/dev/seneca/cv-project/data/IMG/left_2025_12_03_12_08_51_524.jpg,/Users/davidfeliperiveraguerra/dev/seneca/cv-project/data/IMG/right_2025_12_03_12_08_51_524.jpg,-0.2,1,0,30.18038
/Users/davidfeliperiveraguerra/dev/seneca/cv-project/data/IMG/center_2025_12_03_12_08_51_591.jpg,/Users/davidfeliperiveraguerra/dev/seneca/cv-project/data/IMG/left_2025_12_03_12_08_51_591.jpg,/Users/davidfeliperiveraguerra/dev/seneca/cv-project/data/IMG/right_2025_12_03_12_08_51_591.jpg,-0.35,1,0,30.16402
/Users/davidfeliperiveraguerra/dev/seneca/cv-project/data/IMG/center_2025_12_03_12_08_51_658.jpg,/Users/davidfeliperiveraguerra/dev/seneca/cv-project/data/IMG/left_2025_12_03_12_08_51_658.jpg,/Users/davidfeliperiveraguerra/dev/seneca/cv-project/data/IMG/right_2025_12_03_12_08_51_658.jpg,0,1,0,30.18797
/Users/davidfeliperiveraguerra/dev/seneca/cv-project/data/IMG/center_2025_12_03_12_08_51_726.jpg,/Users/davidfeliperiveraguerra/dev/seneca/cv-project/data/IMG/left_2025_12_03_12_08_51_726.jpg,/Users/davidfeliperiveraguerra/dev/seneca/cv-project/data/IMG/right_2025_12_03_12_08_51_726.jpg,0,1,0,30.1897
/Users/davidfeliperiveraguerra/dev/seneca/cv-project/data/IMG/center_2025_12_03_12_08_51_800.jpg,/Users/davidfeliperiveraguerra/dev/seneca/cv-project/data/IMG/left_2025_12_03_12_08_51_800.jpg,/Users/davidfeliperiveraguerra/dev/seneca/cv-project/data/IMG/right_2025_12_03_12_08_51_800.jpg,0,1,0,30.18997
/Users/davidfeliperiveraguerra/dev/seneca/cv-project/data/IMG/center_2025_12_03_12_08_51_873.jpg,/Users/davidfeliperiveraguerra/dev/seneca/cv-project/data/IMG/left_2025_12_03_12_08_51_873.jpg,/Users/davidfeliperiveraguerra/dev/seneca/cv-project/data/IMG/right_2025_12_03_12_08_51_873.jpg,0,1,0,30.19005
/Users/davidfeliperiveraguerra/dev/seneca/cv-project/data/IMG/center_2025_12_03_12_08_51_940.jpg,/Users/davidfeliperiveraguerra/dev/seneca/cv-project/data/IMG/left_2025_12_03_12_08_51_940.jpg,/Users/davidfeliperiveraguerra/dev/seneca/cv-project/data/IMG/right_2025_12_03_12_08_51_940.jpg,0,1,0,30.19005
/Users/davidfeliperiveraguerra/dev/seneca/cv-project/data/IMG/center_2025_12_03_12_08_52_016.jpg,/Users/davidfeliperiveraguerra/dev/seneca/cv-project/data/IMG/left_2025_12_03_12_08_52_016.jpg,/Users/davidfeliperiveraguerra/dev/seneca/cv-project/data/IMG/right_2025_12_03_12_08_52_016.jpg,0,1,0,30.19008
/Users/davidfeliperiveraguerra/dev/seneca/cv-project/data/IMG/center_2025_12_03_12_08_52_090.jpg,/Users/davidfeliperiveraguerra/dev/seneca/cv-project/data/IMG/left_2025_12_03_12_08_52_090.jpg,/Users/davidfeliperiveraguerra/dev/seneca/cv-project/data/IMG/right_2025_12_03_12_08_52_090.jpg,-0.2,1,0,30.17999
/Users/davidfeliperiveraguerra/dev/seneca/cv-project/data/IMG/center_2025_12_03_12_08_52_157.jpg,/Users/davidfeliperiveraguerra/dev/seneca/cv-project/data/IMG/left_2025_12_03_12_08_52_157.jpg,/Users/davidfeliperiveraguerra/dev/seneca/cv-project/data/IMG/right_2025_12_03_12_08_52_157.jpg,0,1,0,30.18948
/Users/davidfeliperiveraguerra/dev/seneca/cv-project/data/IMG/center_2025_12_03_12_08_52_224.jpg,/Users/davidfeliperiveraguerra/dev/seneca/cv-project/data/IMG/left_2025_12_03_12_08_52_224.jpg,/Users/davidfeliperiveraguerra/dev/seneca/cv-project/data/IMG/right_2025_12_03_12_08_52_224.jpg,0,1,0,30.19004
/Users/davidfeliperiveraguerra/dev/seneca/cv-project/data/IMG/center_2025_12_03_12_08_52_299.jpg,/Users/davidfeliperiveraguerra/dev/seneca/cv-project/data/IMG/left_2025_12_03_12_08_52_299.jpg,/Users/davidfeliperiveraguerra/dev/seneca/cv-project/data/IMG/right_2025_12_03_12_08_52_299.jpg,0,1,0,30.19007
/Users/davidfeliperiveraguerra/dev/seneca/cv-project/data/IMG/center_2025_12_03_12_08_52_366.jpg,/Users/davidfeliperiveraguerra/dev/seneca/cv-project/data/IMG/left_2025_12_03_12_08_52_366.jpg,/Users/davidfeliperiveraguerra/dev/seneca/cv-project/data/IMG/right_2025_12_03_12_08_52_366.jpg,0,1,0,30.1901
/Users/davidfeliperiveraguerra/dev/seneca/cv-project/data/IMG/center_2025_12_03_12_08_52_441.jpg,/Users/davidfeliperiveraguerra/dev/seneca/cv-project/data/IMG/left_2025_12_03_12_08_52_441.jpg,/Users/davidfeliperiveraguerra/dev/seneca/cv-project/data/IMG/right_2025_12_03_12_08_52_441.jpg,0,1,0,30.19009
/Users/davidfeliperiveraguerra/dev/seneca/cv-project/data/IMG/center_2025_12_03_12_08_52_516.jpg,/Users/davidfeliperiveraguerra/dev/seneca/cv-project/data/IMG/left_2025_12_03_12_08_52_516.jpg,/Users/davidfeliperiveraguerra/dev/seneca/cv-project/data/IMG/right_2025_12_03_12_08_52_516.jpg,0,1,0,30.19011
/Users/davidfeliperiveraguerra/dev/seneca/cv-project/data/IMG/center_2025_12_03_12_08_52_591.jpg,/Users/davidfeliperiveraguerra/dev/seneca/cv-project/data/IMG/left_2025_12_03_12_08_52_591.jpg,/Users/davidfeliperiveraguerra/dev/seneca/cv-project/data/IMG/right_2025_12_03_12_08_52_591.jpg,0,1,0,30.1901
/Users/davidfeliperiveraguerra/dev/seneca/cv-project/data/IMG/center_2025_12_03_12_08_52_658.jpg,/Users/davidfeliperiveraguerra/dev/seneca/cv-project/data/IMG/left_2025_12_03_12_08_52_658.jpg,/Users/davidfeliperiveraguerra/dev/seneca/cv-project/data/IMG/right_2025_12_03_12_08_52_658.jpg,0,1,0,30.19011
/Users/davidfeliperiveraguerra/dev/seneca/cv-project/data/IMG/center_2025_12_03_12_08_52_725.jpg,/Users/davidfeliperiveraguerra/dev/seneca/cv-project/data/IMG/left_2025_12_03_12_08_52_725.jpg,/Users/davidfeliperiveraguerra/dev/seneca/cv-project/data/IMG/right_2025_12_03_12_08_52_725.jpg,0,1,0,30.19011
/Users/davidfeliperiveraguerra/dev/seneca/cv-project/data/IMG/center_2025_12_03_12_08_52_800.jpg,/Users/davidfeliperiveraguerra/dev/seneca/cv-project/data/IMG/left_2025_12_03_12_08_52_800.jpg,/Users/davidfeliperiveraguerra/dev/seneca/cv-project/data/IMG/right_2025_12_03_12_08_52_800.jpg,0,1,0,30.19009
/Users/davidfeliperiveraguerra/dev/seneca/cv-project/data/IMG/center_2025_12_03_12_08_52_874.jpg,/Users/davidfeliperiveraguerra/dev/seneca/cv-project/data/IMG/left_2025_12_03_12_08_52_874.jpg,/Users/davidfeliperiveraguerra/dev/seneca/cv-project/data/IMG/right_2025_12_03_12_08_52_874.jpg,0,1,0,30.19009
/Users/davidfeliperiveraguerra/dev/seneca/cv-project/data/IMG/center_2025_12_03_12_08_52_950.jpg,/Users/davidfeliperiveraguerra/dev/seneca/cv-project/data/IMG/left_2025_12_03_12_08_52_950.jpg,/Users/davidfeliperiveraguerra/dev/seneca/cv-project/data/IMG/right_2025_12_03_12_08_52_950.jpg,0,1,0,30.19011
/Users/davidfeliperiveraguerra/dev/seneca/cv-project/data/IMG/center_2025_12_03_12_08_53_017.jpg,/Users/davidfeliperiveraguerra/dev/seneca/cv-project/data/IMG/left_2025_12_03_12_08_53_017.jpg,/Users/davidfeliperiveraguerra/dev/seneca/cv-project/data/IMG/right_2025_12_03_12_08_53_017.jpg,0,1,0,30.19009
/Users/davidfeliperiveraguerra/dev/seneca/cv-project/data/IMG/center_2025_12_03_12_08_53_091.jpg,/Users/davidfeliperiveraguerra/dev/seneca/cv-project/data/IMG/left_2025_12_03_12_08_53_091.jpg,/Users/davidfeliperiveraguerra/dev/seneca/cv-project/data/IMG/right_2025_12_03_12_08_53_091.jpg,0,1,0,30.19011
/Users/davidfeliperiveraguerra/dev/seneca/cv-project/data/IMG/center_2025_12_03_12_08_53_158.jpg,/Users/davidfeliperiveraguerra/dev/seneca/cv-project/data/IMG/left_2025_12_03_12_08_53_158.jpg,/Users/davidfeliperiveraguerra/dev/seneca/cv-project/data/IMG/right_2025_12_03_12_08_53_158.jpg,0,1,0,30.19011
/Users/davidfeliperiveraguerra/dev/seneca/cv-project/data/IMG/center_2025_12_03_12_08_53_233.jpg,/Users/davidfeliperiveraguerra/dev/seneca/cv-project/data/IMG/left_2025_12_03_12_08_53_233.jpg,/Users/davidfeliperiveraguerra/dev/seneca/cv-project/data/IMG/right_2025_12_03_12_08_53_233.jpg,0,1,0,30.22755
/Users/davidfeliperiveraguerra/dev/seneca/cv-project/data/IMG/center_2025_12_03_12_08_53_308.jpg,/Users/davidfeliperiveraguerra/dev/seneca/cv-project/data/IMG/left_2025_12_03_12_08_53_308.jpg,/Users/davidfeliperiveraguerra/dev/seneca/cv-project/data/IMG/right_2025_12_03_12_08_53_308.jpg,0,1,0,29.88793
/Users/davidfeliperiveraguerra/dev/seneca/cv-project/data/IMG/center_2025_12_03_12_08_53_383.jpg,/Users/davidfeliperiveraguerra/dev/seneca/cv-project/data/IMG/left_2025_12_03_12_08_53_383.jpg,/Users/davidfeliperiveraguerra/dev/seneca/cv-project/data/IMG/right_2025_12_03_12_08_53_383.jpg,0,1,0,30.01603
/Users/davidfeliperiveraguerra/dev/seneca/cv-project/data/IMG/center_2025_12_03_12_08_53_450.jpg,/Users/davidfeliperiveraguerra/dev/seneca/cv-project/data/IMG/left_2025_12_03_12_08_53_450.jpg,/Users/davidfeliperiveraguerra/dev/seneca/cv-project/data/IMG/right_2025_12_03_12_08_53_450.jpg,0,1,0,30.41246
/Users/davidfeliperiveraguerra/dev/seneca/cv-project/data/IMG/center_2025_12_03_12_08_53_525.jpg,/Users/davidfeliperiveraguerra/dev/seneca/cv-project/data/IMG/left_2025_12_03_12_08_53_525.jpg,/Users/davidfeliperiveraguerra/dev/seneca/cv-project/data/IMG/right_2025_12_03_12_08_53_525.jpg,0,1,0,30.1112
/Users/davidfeliperiveraguerra/dev/seneca/cv-project/data/IMG/center_2025_12_03_12_08_53_602.jpg,/Users/davidfeliperiveraguerra/dev/seneca/cv-project/data/IMG/left_2025_12_03_12_08_53_602.jpg,/Users/davidfeliperiveraguerra/dev/seneca/cv-project/data/IMG/right_2025_12_03_12_08_53_602.jpg,0,1,0,30.18956
/Users/davidfeliperiveraguerra/dev/seneca/cv-project/data/IMG/center_2025_12_03_12_08_53_674.jpg,/Users/davidfeliperiveraguerra/dev/seneca/cv-project/data/IMG/left_2025_12_03_12_08_53_674.jpg,/Users/davidfeliperiveraguerra/dev/seneca/cv-project/data/IMG/right_2025_12_03_12_08_53_674.jpg,0,1,0,30.19016
/Users/davidfeliperiveraguerra/dev/seneca/cv-project/data/IMG/center_2025_12_03_12_08_53_750.jpg,/Users/davidfeliperiveraguerra/dev/seneca/cv-project/data/IMG/left_2025_12_03_12_08_53_750.jpg,/Users/davidfeliperiveraguerra/dev/seneca/cv-project/data/IMG/right_2025_12_03_12_08_53_750.jpg,0,1,0,30.19078
/Users/davidfeliperiveraguerra/dev/seneca/cv-project/data/IMG/center_2025_12_03_12_08_53_817.jpg,/Users/davidfeliperiveraguerra/dev/seneca/cv-project/data/IMG/left_2025_12_03_12_08_53_817.jpg,/Users/davidfeliperiveraguerra/dev/seneca/cv-project/data/IMG/right_2025_12_03_12_08_53_817.jpg,0,1,0,30.19108
/Users/davidfeliperiveraguerra/dev/seneca/cv-project/data/IMG/center_2025_12_03_12_08_53_891.jpg,/Users/davidfeliperiveraguerra/dev/seneca/cv-project/data/IMG/left_2025_12_03_12_08_53_891.jpg,/Users/davidfeliperiveraguerra/dev/seneca/cv-project/data/IMG/right_2025_12_03_12_08_53_891.jpg,0,1,0,30.19049
/Users/davidfeliperiveraguerra/dev/seneca/cv-project/data/IMG/center_2025_12_03_12_08_53_958.jpg,/Users/davidfeliperiveraguerra/dev/seneca/cv-project/data/IMG/left_2025_12_03_12_08_53_958.jpg,/Users/davidfeliperiveraguerra/dev/seneca/cv-project/data/IMG/right_2025_12_03_12_08_53_958.jpg,0,1,0,30.19043
/Users/davidfeliperiveraguerra/dev/seneca/cv-project/data/IMG/center_2025_12_03_12_08_54_034.jpg,/Users/davidfeliperiveraguerra/dev/seneca/cv-project/data/IMG/left_2025_12_03_12_08_54_034.jpg,/Users/davidfeliperiveraguerra/dev/seneca/cv-project/data/IMG/right_2025_12_03_12_08_54_034.jpg,-0.15,1,0,30.18476
/Users/davidfeliperiveraguerra/dev/seneca/cv-project/data/IMG/center_2025_12_03_12_08_54_108.jpg,/Users/davidfeliperiveraguerra/dev/seneca/cv-project/data/IMG/left_2025_12_03_12_08_54_108.jpg,/Users/davidfeliperiveraguerra/dev/seneca/cv-project/data/IMG/right_2025_12_03_12_08_54_108.jpg,0,1,0,30.19088
/Users/davidfeliperiveraguerra/dev/seneca/cv-project/data/IMG/center_2025_12_03_12_08_54_174.jpg,/Users/davidfeliperiveraguerra/dev/seneca/cv-project/data/IMG/left_2025_12_03_12_08_54_174.jpg,/Users/davidfeliperiveraguerra/dev/seneca/cv-project/data/IMG/right_2025_12_03_12_08_54_174.jpg,0,1,0,30.19005
/Users/davidfeliperiveraguerra/dev/seneca/cv-project/data/IMG/center_2025_12_03_12_08_54_243.jpg,/Users/davidfeliperiveraguerra/dev/seneca/cv-project/data/IMG/left_2025_12_03_12_08_54_243.jpg,/Users/davidfeliperiveraguerra/dev/seneca/cv-project/data/IMG/right_2025_12_03_12_08_54_243.jpg,0,1,0,30.19038
/Users/davidfeliperiveraguerra/dev/seneca/cv-project/data/IMG/center_2025_12_03_12_08_54_313.jpg,/Users/davidfeliperiveraguerra/dev/seneca/cv-project/data/IMG/left_2025_12_03_12_08_54_313.jpg,/Users/davidfeliperiveraguerra/dev/seneca/cv-project/data/IMG/right_2025_12_03_12_08_54_313.jpg,0,1,0,30.19043
/Users/davidfeliperiveraguerra/dev/seneca/cv-project/data/IMG/center_2025_12_03_12_08_54_387.jpg,/Users/davidfeliperiveraguerra/dev/seneca/cv-project/data/IMG/left_2025_12_03_12_08_54_387.jpg,/Users/davidfeliperiveraguerra/dev/seneca/cv-project/data/IMG/right_2025_12_03_12_08_54_387.jpg,0,1,0,30.19044
/Users/davidfeliperiveraguerra/dev/seneca/cv-project/data/IMG/center_2025_12_03_12_08_54_461.jpg,/Users/davidfeliperiveraguerra/dev/seneca/cv-project/data/IMG/left_2025_12_03_12_08_54_461.jpg,/Users/davidfeliperiveraguerra/dev/seneca/cv-project/data/IMG/right_2025_12_03_12_08_54_461.jpg,0,1,0,30.19046
/Users/davidfeliperiveraguerra/dev/seneca/cv-project/data/IMG/center_2025_12_03_12_08_54_535.jpg,/Users/davidfeliperiveraguerra/dev/seneca/cv-project/data/IMG/left_2025_12_03_12_08_54_535.jpg,/Users/davidfeliperiveraguerra/dev/seneca/cv-project/data/IMG/right_2025_12_03_12_08_54_535.jpg,0,1,0,30.19038
/Users/davidfeliperiveraguerra/dev/seneca/cv-project/data/IMG/center_2025_12_03_12_08_54_609.jpg,/Users/davidfeliperiveraguerra/dev/seneca/cv-project/data/IMG/left_2025_12_03_12_08_54_609.jpg,/Users/davidfeliperiveraguerra/dev/seneca/cv-project/data/IMG/right_2025_12_03_12_08_54_609.jpg,-0.1,1,0,30.18798
/Users/davidfeliperiveraguerra/dev/seneca/cv-project/data/IMG/center_2025_12_03_12_08_54_684.jpg,/Users/davidfeliperiveraguerra/dev/seneca/cv-project/data/IMG/left_2025_12_03_12_08_54_684.jpg,/Users/davidfeliperiveraguerra/dev/seneca/cv-project/data/IMG/right_2025_12_03_12_08_54_684.jpg,-0.3,1,0,30.17039
/Users/davidfeliperiveraguerra/dev/seneca/cv-project/data/IMG/center_2025_12_03_12_08_54_755.jpg,/Users/davidfeliperiveraguerra/dev/seneca/cv-project/data/IMG/left_2025_12_03_12_08_54_755.jpg,/Users/davidfeliperiveraguerra/dev/seneca/cv-project/data/IMG/right_2025_12_03_12_08_54_755.jpg,0,1,0,30.1888
/Users/davidfeliperiveraguerra/dev/seneca/cv-project/data/IMG/center_2025_12_03_12_08_54_826.jpg,/Users/davidfeliperiveraguerra/dev/seneca/cv-project/data/IMG/left_2025_12_03_12_08_54_826.jpg,/Users/davidfeliperiveraguerra/dev/seneca/cv-project/data/IMG/right_2025_12_03_12_08_54_826.jpg,0,1,0,30.19024
/Users/davidfeliperiveraguerra/dev/seneca/cv-project/data/IMG/center_2025_12_03_12_08_54_898.jpg,/Users/davidfeliperiveraguerra/dev/seneca/cv-project/data/IMG/left_2025_12_03_12_08_54_898.jpg,/Users/davidfeliperiveraguerra/dev/seneca/cv-project/data/IMG/right_2025_12_03_12_08_54_898.jpg,0,1,0,30.19043
/Users/davidfeliperiveraguerra/dev/seneca/cv-project/data/IMG/center_2025_12_03_12_08_54_965.jpg,/Users/davidfeliperiveraguerra/dev/seneca/cv-project/data/IMG/left_2025_12_03_12_08_54_965.jpg,/Users/davidfeliperiveraguerra/dev/seneca/cv-project/data/IMG/right_2025_12_03_12_08_54_965.jpg,0,1,0,30.19053
/Users/davidfeliperiveraguerra/dev/seneca/cv-project/data/IMG/center_2025_12_03_12_08_55_032.jpg,/Users/davidfeliperiveraguerra/dev/seneca/cv-project/data/IMG/left_2025_12_03_12_08_55_032.jpg,/Users/davidfeliperiveraguerra/dev/seneca/cv-project/data/IMG/right_2025_12_03_12_08_55_032.jpg,0,1,0,30.19051
/Users/davidfeliperiveraguerra/dev/seneca/cv-project/data/IMG/center_2025_12_03_12_08_55_106.jpg,/Users/davidfeliperiveraguerra/dev/seneca/cv-project/data/IMG/left_2025_12_03_12_08_55_106.jpg,/Users/davidfeliperiveraguerra/dev/seneca/cv-project/data/IMG/right_2025_12_03_12_08_55_106.jpg,0,1,0,30.19097
/Users/davidfeliperiveraguerra/dev/seneca/cv-project/data/IMG/center_2025_12_03_12_08_55_173.jpg,/Users/davidfeliperiveraguerra/dev/seneca/cv-project/data/IMG/left_2025_12_03_12_08_55_173.jpg,/Users/davidfeliperiveraguerra/dev/seneca/cv-project/data/IMG/right_2025_12_03_12_08_55_173.jpg,0,1,0,30.19028
/Users/davidfeliperiveraguerra/dev/seneca/cv-project/data/IMG/center_2025_12_03_12_08_55_246.jpg,/Users/davidfeliperiveraguerra/dev/seneca/cv-project/data/IMG/left_2025_12_03_12_08_55_246.jpg,/Users/davidfeliperiveraguerra/dev/seneca/cv-project/data/IMG/right_2025_12_03_12_08_55_246.jpg,0,1,0,30.19043
/Users/davidfeliperiveraguerra/dev/seneca/cv-project/data/IMG/center_2025_12_03_12_08_55_313.jpg,/Users/davidfeliperiveraguerra/dev/seneca/cv-project/data/IMG/left_2025_12_03_12_08_55_313.jpg,/Users/davidfeliperiveraguerra/dev/seneca/cv-project/data/IMG/right_2025_12_03_12_08_55_313.jpg,0,1,0,30.19094
/Users/davidfeliperiveraguerra/dev/seneca/cv-project/data/IMG/center_2025_12_03_12_08_55_387.jpg,/Users/davidfeliperiveraguerra/dev/seneca/cv-project/data/IMG/left_2025_12_03_12_08_55_387.jpg,/Users/davidfeliperiveraguerra/dev/seneca/cv-project/data/IMG/right_2025_12_03_12_08_55_387.jpg,0,1,0,30.19024
/Users/davidfeliperiveraguerra/dev/seneca/cv-project/data/IMG/center_2025_12_03_12_08_55_459.jpg,/Users/davidfeliperiveraguerra/dev/seneca/cv-project/data/IMG/left_2025_12_03_12_08_55_459.jpg,/Users/davidfeliperiveraguerra/dev/seneca/cv-project/data/IMG/right_2025_12_03_12_08_55_459.jpg,-0.1,1,0,30.18791
/Users/davidfeliperiveraguerra/dev/seneca/cv-project/data/IMG/center_2025_12_03_12_08_55_534.jpg,/Users/davidfeliperiveraguerra/dev/seneca/cv-project/data/IMG/left_2025_12_03_12_08_55_534.jpg,/Users/davidfeliperiveraguerra/dev/seneca/cv-project/data/IMG/right_2025_12_03_12_08_55_534.jpg,-0.3,1,0,30.16985
/Users/davidfeliperiveraguerra/dev/seneca/cv-project/data/IMG/center_2025_12_03_12_08_55_608.jpg,/Users/davidfeliperiveraguerra/dev/seneca/cv-project/data/IMG/left_2025_12_03_12_08_55_608.jpg,/Users/davidfeliperiveraguerra/dev/seneca/cv-project/data/IMG/right_2025_12_03_12_08_55_608.jpg,0,1,0,30.17938
/Users/davidfeliperiveraguerra/dev/seneca/cv-project/data/IMG/center_2025_12_03_12_08_55_676.jpg,/Users/davidfeliperiveraguerra/dev/seneca/cv-project/data/IMG/left_2025_12_03_12_08_55_676.jpg,/Users/davidfeliperiveraguerra/dev/seneca/cv-project/data/IMG/right_2025_12_03_12_08_55_676.jpg,0,1,0,30.18923
/Users/davidfeliperiveraguerra/dev/seneca/cv-project/data/IMG/center_2025_12_03_12_08_55_751.jpg,/Users/davidfeliperiveraguerra/dev/seneca/cv-project/data/IMG/left_2025_12_03_12_08_55_751.jpg,/Users/davidfeliperiveraguerra/dev/seneca/cv-project/data/IMG/right_2025_12_03_12_08_55_751.jpg,0,1,0,30.19033
/Users/davidfeliperiveraguerra/dev/seneca/cv-project/data/IMG/center_2025_12_03_12_08_55_818.jpg,/Users/davidfeliperiveraguerra/dev/seneca/cv-project/data/IMG/left_2025_12_03_12_08_55_818.jpg,/Users/davidfeliperiveraguerra/dev/seneca/cv-project/data/IMG/right_2025_12_03_12_08_55_818.jpg,0,1,0,30.19025
/Users/davidfeliperiveraguerra/dev/seneca/cv-project/data/IMG/center_2025_12_03_12_08_55_888.jpg,/Users/davidfeliperiveraguerra/dev/seneca/cv-project/data/IMG/left_2025_12_03_12_08_55_888.jpg,/Users/davidfeliperiveraguerra/dev/seneca/cv-project/data/IMG/right_2025_12_03_12_08_55_888.jpg,0,1,0,30.19125
/Users/davidfeliperiveraguerra/dev/seneca/cv-project/data/IMG/center_2025_12_03_12_08_55_961.jpg,/Users/davidfeliperiveraguerra/dev/seneca/cv-project/data/IMG/left_2025_12_03_12_08_55_961.jpg,/Users/davidfeliperiveraguerra/dev/seneca/cv-project/data/IMG/right_2025_12_03_12_08_55_961.jpg,0,1,0,30.18999
/Users/davidfeliperiveraguerra/dev/seneca/cv-project/data/IMG/center_2025_12_03_12_08_56_028.jpg,/Users/davidfeliperiveraguerra/dev/seneca/cv-project/data/IMG/left_2025_12_03_12_08_56_028.jpg,/Users/davidfeliperiveraguerra/dev/seneca/cv-project/data/IMG/right_2025_12_03_12_08_56_028.jpg,0,1,0,30.19063
/Users/davidfeliperiveraguerra/dev/seneca/cv-project/data/IMG/center_2025_12_03_12_08_56_101.jpg,/Users/davidfeliperiveraguerra/dev/seneca/cv-project/data/IMG/left_2025_12_03_12_08_56_101.jpg,/Users/davidfeliperiveraguerra/dev/seneca/cv-project/data/IMG/right_2025_12_03_12_08_56_101.jpg,0,1,0,30.1902
/Users/davidfeliperiveraguerra/dev/seneca/cv-project/data/IMG/center_2025_12_03_12_08_56_172.jpg,/Users/davidfeliperiveraguerra/dev/seneca/cv-project/data/IMG/left_2025_12_03_12_08_56_172.jpg,/Users/davidfeliperiveraguerra/dev/seneca/cv-project/data/IMG/right_2025_12_03_12_08_56_172.jpg,0,1,0,30.19016
/Users/davidfeliperiveraguerra/dev/seneca/cv-project/data/IMG/center_2025_12_03_12_08_56_241.jpg,/Users/davidfeliperiveraguerra/dev/seneca/cv-project/data/IMG/left_2025_12_03_12_08_56_241.jpg,/Users/davidfeliperiveraguerra/dev/seneca/cv-project/data/IMG/right_2025_12_03_12_08_56_241.jpg,0,1,0,30.19029
/Users/davidfeliperiveraguerra/dev/seneca/cv-project/data/IMG/center_2025_12_03_12_08_56_308.jpg,/Users/davidfeliperiveraguerra/dev/seneca/cv-project/data/IMG/left_2025_12_03_12_08_56_308.jpg,/Users/davidfeliperiveraguerra/dev/seneca/cv-project/data/IMG/right_2025_12_03_12_08_56_308.jpg,0,1,0,30.19033
/Users/davidfeliperiveraguerra/dev/seneca/cv-project/data/IMG/center_2025_12_03_12_08_56_380.jpg,/Users/davidfeliperiveraguerra/dev/seneca/cv-project/data/IMG/left_2025_12_03_12_08_56_380.jpg,/Users/davidfeliperiveraguerra/dev/seneca/cv-project/data/IMG/right_2025_12_03_12_08_56_380.jpg,0,1,0,30.1903
/Users/davidfeliperiveraguerra/dev/seneca/cv-project/data/IMG/center_2025_12_03_12_08_56_451.jpg,/Users/davidfeliperiveraguerra/dev/seneca/cv-project/data/IMG/left_2025_12_03_12_08_56_451.jpg,/Users/davidfeliperiveraguerra/dev/seneca/cv-project/data/IMG/right_2025_12_03_12_08_56_451.jpg,-0.05,1,0,30.1897
/Users/davidfeliperiveraguerra/dev/seneca/cv-project/data/IMG/center_2025_12_03_12_08_56_522.jpg,/Users/davidfeliperiveraguerra/dev/seneca/cv-project/data/IMG/left_2025_12_03_12_08_56_522.jpg,/Users/davidfeliperiveraguerra/dev/seneca/cv-project/data/IMG/right_2025_12_03_12_08_56_522.jpg,-0.25,1,0,30.17471
/Users/davidfeliperiveraguerra/dev/seneca/cv-project/data/IMG/center_2025_12_03_12_08_56_594.jpg,/Users/davidfeliperiveraguerra/dev/seneca/cv-project/data/IMG/left_2025_12_03_12_08_56_594.jpg,/Users/davidfeliperiveraguerra/dev/seneca/cv-project/data/IMG/right_2025_12_03_12_08_56_594.jpg,-0.4,1,0,30.15747
/Users/davidfeliperiveraguerra/dev/seneca/cv-project/data/IMG/center_2025_12_03_12_08_56_668.jpg,/Users/davidfeliperiveraguerra/dev/seneca/cv-project/data/IMG/left_2025_12_03_12_08_56_668.jpg,/Users/davidfeliperiveraguerra/dev/seneca/cv-project/data/IMG/right_2025_12_03_12_08_56_668.jpg,0,1,0,30.18943
/Users/davidfeliperiveraguerra/dev/seneca/cv-project/data/IMG/center_2025_12_03_12_08_56_739.jpg,/Users/davidfeliperiveraguerra/dev/seneca/cv-project/data/IMG/left_2025_12_03_12_08_56_739.jpg,/Users/davidfeliperiveraguerra/dev/seneca/cv-project/data/IMG/right_2025_12_03_12_08_56_739.jpg,0,1,0,30.18975
/Users/davidfeliperiveraguerra/dev/seneca/cv-project/data/IMG/center_2025_12_03_12_08_56_813.jpg,/Users/davidfeliperiveraguerra/dev/seneca/cv-project/data/IMG/left_2025_12_03_12_08_56_813.jpg,/Users/davidfeliperiveraguerra/dev/seneca/cv-project/data/IMG/right_2025_12_03_12_08_56_813.jpg,0,1,0,30.19019
/Users/davidfeliperiveraguerra/dev/seneca/cv-project/data/IMG/center_2025_12_03_12_08_56_886.jpg,/Users/davidfeliperiveraguerra/dev/seneca/cv-project/data/IMG/left_2025_12_03_12_08_56_886.jpg,/Users/davidfeliperiveraguerra/dev/seneca/cv-project/data/IMG/right_2025_12_03_12_08_56_886.jpg,-0.05,1,0,30.19005
/Users/davidfeliperiveraguerra/dev/seneca/cv-project/data/IMG/center_2025_12_03_12_08_56_958.jpg,/Users/davidfeliperiveraguerra/dev/seneca/cv-project/data/IMG/left_2025_12_03_12_08_56_958.jpg,/Users/davidfeliperiveraguerra/dev/seneca/cv-project/data/IMG/right_2025_12_03_12_08_56_958.jpg,-0.2,1,0,30.18084
/Users/davidfeliperiveraguerra/dev/seneca/cv-project/data/IMG/center_2025_12_03_12_08_57_032.jpg,/Users/davidfeliperiveraguerra/dev/seneca/cv-project/data/IMG/left_2025_12_03_12_08_57_032.jpg,/Users/davidfeliperiveraguerra/dev/seneca/cv-project/data/IMG/right_2025_12_03_12_08_57_032.jpg,-0.4,1,0,30.15833
/Users/davidfeliperiveraguerra/dev/seneca/cv-project/data/IMG/center_2025_12_03_12_08_57_105.jpg,/Users/davidfeliperiveraguerra/dev/seneca/cv-project/data/IMG/left_2025_12_03_12_08_57_105.jpg,/Users/davidfeliperiveraguerra/dev/seneca/cv-project/data/IMG/right_2025_12_03_12_08_57_105.jpg,-0.6000001,1,0,30.13337
/Users/davidfeliperiveraguerra/dev/seneca/cv-project/data/IMG/center_2025_12_03_12_08_57_171.jpg,/Users/davidfeliperiveraguerra/dev/seneca/cv-project/data/IMG/left_2025_12_03_12_08_57_171.jpg,/Users/davidfeliperiveraguerra/dev/seneca/cv-project/data/IMG/right_2025_12_03_12_08_57_171.jpg,0,1,0,30.1828
/Users/davidfeliperiveraguerra/dev/seneca/cv-project/data/IMG/center_2025_12_03_12_08_57_239.jpg,/Users/davidfeliperiveraguerra/dev/seneca/cv-project/data/IMG/left_2025_12_03_12_08_57_239.jpg,/Users/davidfeliperiveraguerra/dev/seneca/cv-project/data/IMG/right_2025_12_03_12_08_57_239.jpg,0,1,0,30.18809
/Users/davidfeliperiveraguerra/dev/seneca/cv-project/data/IMG/center_2025_12_03_12_08_57_310.jpg,/Users/davidfeliperiveraguerra/dev/seneca/cv-project/data/IMG/left_2025_12_03_12_08_57_310.jpg,/Users/davidfeliperiveraguerra/dev/seneca/cv-project/data/IMG/right_2025_12_03_12_08_57_310.jpg,0,1,0,30.19017
/Users/davidfeliperiveraguerra/dev/seneca/cv-project/data/IMG/center_2025_12_03_12_08_57_385.jpg,/Users/davidfeliperiveraguerra/dev/seneca/cv-project/data/IMG/left_2025_12_03_12_08_57_385.jpg,/Users/davidfeliperiveraguerra/dev/seneca/cv-project/data/IMG/right_2025_12_03_12_08_57_385.jpg,0,1,0,30.19025
/Users/davidfeliperiveraguerra/dev/seneca/cv-project/data/IMG/center_2025_12_03_12_08_57_452.jpg,/Users/davidfeliperiveraguerra/dev/seneca/cv-project/data/IMG/left_2025_12_03_12_08_57_452.jpg,/Users/davidfeliperiveraguerra/dev/seneca/cv-project/data/IMG/right_2025_12_03_12_08_57_452.jpg,-0.15,1,0,30.18528
/Users/davidfeliperiveraguerra/dev/seneca/cv-project/data/IMG/center_2025_12_03_12_08_57_520.jpg,/Users/davidfeliperiveraguerra/dev/seneca/cv-project/data/IMG/left_2025_12_03_12_08_57_520.jpg,/Users/davidfeliperiveraguerra/dev/seneca/cv-project/data/IMG/right_2025_12_03_12_08_57_520.jpg,-0.3,1,0,30.17093
/Users/davidfeliperiveraguerra/dev/seneca/cv-project/data/IMG/center_2025_12_03_12_08_57_592.jpg,/Users/davidfeliperiveraguerra/dev/seneca/cv-project/data/IMG/left_2025_12_03_12_08_57_592.jpg,/Users/davidfeliperiveraguerra/dev/seneca/cv-project/data/IMG/right_2025_12_03_12_08_57_592.jpg,-0.5000001,1,0,30.14615
/Users/davidfeliperiveraguerra/dev/seneca/cv-project/data/IMG/center_2025_12_03_12_08_57_662.jpg,/Users/davidfeliperiveraguerra/dev/seneca/cv-project/data/IMG/left_2025_12_03_12_08_57_662.jpg,/Users/davidfeliperiveraguerra/dev/seneca/cv-project/data/IMG/right_2025_12_03_12_08_57_662.jpg,-0.7,1,0,30.12216
/Users/davidfeliperiveraguerra/dev/seneca/cv-project/data/IMG/center_2025_12_03_12_08_57_730.jpg,/Users/davidfeliperiveraguerra/dev/seneca/cv-project/data/IMG/left_2025_12_03_12_08_57_730.jpg,/Users/davidfeliperiveraguerra/dev/seneca/cv-project/data/IMG/right_2025_12_03_12_08_57_730.jpg,0,1,0,30.16366
/Users/davidfeliperiveraguerra/dev/seneca/cv-project/data/IMG/center_2025_12_03_12_08_57_802.jpg,/Users/davidfeliperiveraguerra/dev/seneca/cv-project/data/IMG/left_2025_12_03_12_08_57_802.jpg,/Users/davidfeliperiveraguerra/dev/seneca/cv-project/data/IMG/right_2025_12_03_12_08_57_802.jpg,0,1,0,30.1792
/Users/davidfeliperiveraguerra/dev/seneca/cv-project/data/IMG/center_2025_12_03_12_08_57_876.jpg,/Users/davidfeliperiveraguerra/dev/seneca/cv-project/data/IMG/left_2025_12_03_12_08_57_876.jpg,/Users/davidfeliperiveraguerra/dev/seneca/cv-project/data/IMG/right_2025_12_03_12_08_57_876.jpg,0,1,0,30.18829
/Users/davidfeliperiveraguerra/dev/seneca/cv-project/data/IMG/center_2025_12_03_12_08_57_943.jpg,/Users/davidfeliperiveraguerra/dev/seneca/cv-project/data/IMG/left_2025_12_03_12_08_57_943.jpg,/Users/davidfeliperiveraguerra/dev/seneca/cv-project/data/IMG/right_2025_12_03_12_08_57_943.jpg,0,1,0,30.18998
/Users/davidfeliperiveraguerra/dev/seneca/cv-project/data/IMG/center_2025_12_03_12_08_58_010.jpg,/Users/davidfeliperiveraguerra/dev/seneca/cv-project/data/IMG/left_2025_12_03_12_08_58_010.jpg,/Users/davidfeliperiveraguerra/dev/seneca/cv-project/data/IMG/right_2025_12_03_12_08_58_010.jpg,0,1,0,30.19022
/Users/davidfeliperiveraguerra/dev/seneca/cv-project/data/IMG/center_2025_12_03_12_08_58_085.jpg,/Users/davidfeliperiveraguerra/dev/seneca/cv-project/data/IMG/left_2025_12_03_12_08_58_085.jpg,/Users/davidfeliperiveraguerra/dev/seneca/cv-project/data/IMG/right_2025_12_03_12_08_58_085.jpg,0,1,0,30.19029
/Users/davidfeliperiveraguerra/dev/seneca/cv-project/data/IMG/center_2025_12_03_12_08_58_160.jpg,/Users/davidfeliperiveraguerra/dev/seneca/cv-project/data/IMG/left_2025_12_03_12_08_58_160.jpg,/Users/davidfeliperiveraguerra/dev/seneca/cv-project/data/IMG/right_2025_12_03_12_08_58_160.jpg,-0.15,1,0,30.18542
/Users/davidfeliperiveraguerra/dev/seneca/cv-project/data/IMG/center_2025_12_03_12_08_58_227.jpg,/Users/davidfeliperiveraguerra/dev/seneca/cv-project/data/IMG/left_2025_12_03_12_08_58_227.jpg,/Users/davidfeliperiveraguerra/dev/seneca/cv-project/data/IMG/right_2025_12_03_12_08_58_227.jpg,-0.35,1,0,30.16417
/Users/davidfeliperiveraguerra/dev/seneca/cv-project/data/IMG/center_2025_12_03_12_08_58_294.jpg,/Users/davidfeliperiveraguerra/dev/seneca/cv-project/data/IMG/left_2025_12_03_12_08_58_294.jpg,/Users/davidfeliperiveraguerra/dev/seneca/cv-project/data/IMG/right_2025_12_03_12_08_58_294.jpg,-0.5000001,1,0,30.14581
/Users/davidfeliperiveraguerra/dev/seneca/cv-project/data/IMG/center_2025_12_03_12_08_58_362.jpg,/Users/davidfeliperiveraguerra/dev/seneca/cv-project/data/IMG/left_2025_12_03_12_08_58_362.jpg,/Users/davidfeliperiveraguerra/dev/seneca/cv-project/data/IMG/right_2025_12_03_12_08_58_362.jpg,0,1,0,30.17296
/Users/davidfeliperiveraguerra/dev/seneca/cv-project/data/IMG/center_2025_12_03_12_08_58_429.jpg,/Users/davidfeliperiveraguerra/dev/seneca/cv-project/data/IMG/left_2025_12_03_12_08_58_429.jpg,/Users/davidfeliperiveraguerra/dev/seneca/cv-project/data/IMG/right_2025_12_03_12_08_58_429.jpg,0,1,0,30.18715
/Users/davidfeliperiveraguerra/dev/seneca/cv-project/data/IMG/center_2025_12_03_12_08_58_502.jpg,/Users/davidfeliperiveraguerra/dev/seneca/cv-project/data/IMG/left_2025_12_03_12_08_58_502.jpg,/Users/davidfeliperiveraguerra/dev/seneca/cv-project/data/IMG/right_2025_12_03_12_08_58_502.jpg,0,1,0,30.18958
/Users/davidfeliperiveraguerra/dev/seneca/cv-project/data/IMG/center_2025_12_03_12_08_58_569.jpg,/Users/davidfeliperiveraguerra/dev/seneca/cv-project/data/IMG/left_2025_12_03_12_08_58_569.jpg,/Users/davidfeliperiveraguerra/dev/seneca/cv-project/data/IMG/right_2025_12_03_12_08_58_569.jpg,-0.05,1,0,30.19101
/Users/davidfeliperiveraguerra/dev/seneca/cv-project/data/IMG/center_2025_12_03_12_08_58_636.jpg,/Users/davidfeliperiveraguerra/dev/seneca/cv-project/data/IMG/left_2025_12_03_12_08_58_636.jpg,/Users/davidfeliperiveraguerra/dev/seneca/cv-project/data/IMG/right_2025_12_03_12_08_58_636.jpg,-0.2,1,0,30.1817
/Users/davidfeliperiveraguerra/dev/seneca/cv-project/data/IMG/center_2025_12_03_12_08_58_711.jpg,/Users/davidfeliperiveraguerra/dev/seneca/cv-project/data/IMG/left_2025_12_03_12_08_58_711.jpg,/Users/davidfeliperiveraguerra/dev/seneca/cv-project/data/IMG/right_2025_12_03_12_08_58_711.jpg,-0.4,1,0,30.15967
/Users/davidfeliperiveraguerra/dev/seneca/cv-project/data/IMG/center_2025_12_03_12_08_58_778.jpg,/Users/davidfeliperiveraguerra/dev/seneca/cv-project/data/IMG/left_2025_12_03_12_08_58_778.jpg,/Users/davidfeliperiveraguerra/dev/seneca/cv-project/data/IMG/right_2025_12_03_12_08_58_778.jpg,-0.5500001,1,0,30.14149
/Users/davidfeliperiveraguerra/dev/seneca/cv-project/data/IMG/center_2025_12_03_12_08_58_853.jpg,/Users/davidfeliperiveraguerra/dev/seneca/cv-project/data/IMG/left_2025_12_03_12_08_58_853.jpg,/Users/davidfeliperiveraguerra/dev/seneca/cv-project/data/IMG/right_2025_12_03_12_08_58_853.jpg,-0.7500002,1,0,30.11518
/Users/davidfeliperiveraguerra/dev/seneca/cv-project/data/IMG/center_2025_12_03_12_08_58_927.jpg,/Users/davidfeliperiveraguerra/dev/seneca/cv-project/data/IMG/left_2025_12_03_12_08_58_927.jpg,/Users/davidfeliperiveraguerra/dev/seneca/cv-project/data/IMG/right_2025_12_03_12_08_58_927.jpg,0,1,0,30.18127
/Users/davidfeliperiveraguerra/dev/seneca/cv-project/data/IMG/center_2025_12_03_12_08_58_994.jpg,/Users/davidfeliperiveraguerra/dev/seneca/cv-project/data/IMG/left_2025_12_03_12_08_58_994.jpg,/Users/davidfeliperiveraguerra/dev/seneca/cv-project/data/IMG/right_2025_12_03_12_08_58_994.jpg,0,1,0,30.18843
/Users/davidfeliperiveraguerra/dev/seneca/cv-project/data/IMG/center_2025_12_03_12_08_59_069.jpg,/Users/davidfeliperiveraguerra/dev/seneca/cv-project/data/IMG/left_2025_12_03_12_08_59_069.jpg,/Users/davidfeliperiveraguerra/dev/seneca/cv-project/data/IMG/right_2025_12_03_12_08_59_069.jpg,0,1,0,30.18933
/Users/davidfeliperiveraguerra/dev/seneca/cv-project/data/IMG/center_2025_12_03_12_08_59_144.jpg,/Users/davidfeliperiveraguerra/dev/seneca/cv-project/data/IMG/left_2025_12_03_12_08_59_144.jpg,/Users/davidfeliperiveraguerra/dev/seneca/cv-project/data/IMG/right_2025_12_03_12_08_59_144.jpg,-0.2,1,0,30.18258
/Users/davidfeliperiveraguerra/dev/seneca/cv-project/data/IMG/center_2025_12_03_12_08_59_219.jpg,/Users/davidfeliperiveraguerra/dev/seneca/cv-project/data/IMG/left_2025_12_03_12_08_59_219.jpg,/Users/davidfeliperiveraguerra/dev/seneca/cv-project/data/IMG/right_2025_12_03_12_08_59_219.jpg,-0.35,1,0,30.16699
/Users/davidfeliperiveraguerra/dev/seneca/cv-project/data/IMG/center_2025_12_03_12_08_59_286.jpg,/Users/davidfeliperiveraguerra/dev/seneca/cv-project/data/IMG/left_2025_12_03_12_08_59_286.jpg,/Users/davidfeliperiveraguerra/dev/seneca/cv-project/data/IMG/right_2025_12_03_12_08_59_286.jpg,0,1,0,30.18644
/Users/davidfeliperiveraguerra/dev/seneca/cv-project/data/IMG/center_2025_12_03_12_08_59_352.jpg,/Users/davidfeliperiveraguerra/dev/seneca/cv-project/data/IMG/left_2025_12_03_12_08_59_352.jpg,/Users/davidfeliperiveraguerra/dev/seneca/cv-project/data/IMG/right_2025_12_03_12_08_59_352.jpg,0,1,0,30.1874
/Users/davidfeliperiveraguerra/dev/seneca/cv-project/data/IMG/center_2025_12_03_12_08_59_427.jpg,/Users/davidfeliperiveraguerra/dev/seneca/cv-project/data/IMG/left_2025_12_03_12_08_59_427.jpg,/Users/davidfeliperiveraguerra/dev/seneca/cv-project/data/IMG/right_2025_12_03_12_08_59_427.jpg,0,1,0,30.18983
/Users/davidfeliperiveraguerra/dev/seneca/cv-project/data/IMG/center_2025_12_03_12_08_59_494.jpg,/Users/davidfeliperiveraguerra/dev/seneca/cv-project/data/IMG/left_2025_12_03_12_08_59_494.jpg,/Users/davidfeliperiveraguerra/dev/seneca/cv-project/data/IMG/right_2025_12_03_12_08_59_494.jpg,-0.15,1,0,30.18567
/Users/davidfeliperiveraguerra/dev/seneca/cv-project/data/IMG/center_2025_12_03_12_08_59_569.jpg,/Users/davidfeliperiveraguerra/dev/seneca/cv-project/data/IMG/left_2025_12_03_12_08_59_569.jpg,/Users/davidfeliperiveraguerra/dev/seneca/cv-project/data/IMG/right_2025_12_03_12_08_59_569.jpg,-0.35,1,0,30.16592
/Users/davidfeliperiveraguerra/dev/seneca/cv-project/data/IMG/center_2025_12_03_12_08_59_644.jpg,/Users/davidfeliperiveraguerra/dev/seneca/cv-project/data/IMG/left_2025_12_03_12_08_59_644.jpg,/Users/davidfeliperiveraguerra/dev/seneca/cv-project/data/IMG/right_2025_12_03_12_08_59_644.jpg,-0.5500001,1,0,30.14178
/Users/davidfeliperiveraguerra/dev/seneca/cv-project/data/IMG/center_2025_12_03_12_08_59_711.jpg,/Users/davidfeliperiveraguerra/dev/seneca/cv-project/data/IMG/left_2025_12_03_12_08_59_711.jpg,/Users/davidfeliperiveraguerra/dev/seneca/cv-project/data/IMG/right_2025_12_03_12_08_59_711.jpg,-0.7,1,0,30.11769
/Users/davidfeliperiveraguerra/dev/seneca/cv-project/data/IMG/center_2025_12_03_12_08_59_778.jpg,/Users/davidfeliperiveraguerra/dev/seneca/cv-project/data/IMG/left_2025_12_03_12_08_59_778.jpg,/Users/davidfeliperiveraguerra/dev/seneca/cv-project/data/IMG/right_2025_12_03_12_08_59_778.jpg,0,1,0,30.16871
/Users/davidfeliperiveraguerra/dev/seneca/cv-project/data/IMG/center_2025_12_03_12_08_59_853.jpg,/Users/davidfeliperiveraguerra/dev/seneca/cv-project/data/IMG/left_2025_12_03_12_08_59_853.jpg,/Users/davidfeliperiveraguerra/dev/seneca/cv-project/data/IMG/right_2025_12_03_12_08_59_853.jpg,0,1,0,30.18367
/Users/davidfeliperiveraguerra/dev/seneca/cv-project/data/IMG/center_2025_12_03_12_08_59_919.jpg,/Users/davidfeliperiveraguerra/dev/seneca/cv-project/data/IMG/left_2025_12_03_12_08_59_919.jpg,/Users/davidfeliperiveraguerra/dev/seneca/cv-project/data/IMG/right_2025_12_03_12_08_59_919.jpg,0,1,0,30.18882
/Users/davidfeliperiveraguerra/dev/seneca/cv-project/data/IMG/center_2025_12_03_12_08_59_992.jpg,/Users/davidfeliperiveraguerra/dev/seneca/cv-project/data/IMG/left_2025_12_03_12_08_59_992.jpg,/Users/davidfeliperiveraguerra/dev/seneca/cv-project/data/IMG/right_2025_12_03_12_08_59_992.jpg,0,1,0,30.19021
/Users/davidfeliperiveraguerra/dev/seneca/cv-project/data/IMG/center_2025_12_03_12_09_00_063.jpg,/Users/davidfeliperiveraguerra/dev/seneca/cv-project/data/IMG/left_2025_12_03_12_09_00_063.jpg,/Users/davidfeliperiveraguerra/dev/seneca/cv-project/data/IMG/right_2025_12_03_12_09_00_063.jpg,0,1,0,30.18988
/Users/davidfeliperiveraguerra/dev/seneca/cv-project/data/IMG/center_2025_12_03_12_09_00_137.jpg,/Users/davidfeliperiveraguerra/dev/seneca/cv-project/data/IMG/left_2025_12_03_12_09_00_137.jpg,/Users/davidfeliperiveraguerra/dev/seneca/cv-project/data/IMG/right_2025_12_03_12_09_00_137.jpg,-0.1,1,0,30.18852
/Users/davidfeliperiveraguerra/dev/seneca/cv-project/data/IMG/center_2025_12_03_12_09_00_211.jpg,/Users/davidfeliperiveraguerra/dev/seneca/cv-project/data/IMG/left_2025_12_03_12_09_00_211.jpg,/Users/davidfeliperiveraguerra/dev/seneca/cv-project/data/IMG/right_2025_12_03_12_09_00_211.jpg,-0.3,1,0,30.1701
/Users/davidfeliperiveraguerra/dev/seneca/cv-project/data/IMG/center_2025_12_03_12_09_00_277.jpg,/Users/davidfeliperiveraguerra/dev/seneca/cv-project/data/IMG/left_2025_12_03_12_09_00_277.jpg,/Users/davidfeliperiveraguerra/dev/seneca/cv-project/data/IMG/right_2025_12_03_12_09_00_277.jpg,-0.45,1,0,30.15258
/Users/davidfeliperiveraguerra/dev/seneca/cv-project/data/IMG/center_2025_12_03_12_09_00_348.jpg,/Users/davidfeliperiveraguerra/dev/seneca/cv-project/data/IMG/left_2025_12_03_12_09_00_348.jpg,/Users/davidfeliperiveraguerra/dev/seneca/cv-project/data/IMG/right_2025_12_03_12_09_00_348.jpg,0,1,0,30.18845
/Users/davidfeliperiveraguerra/dev/seneca/cv-project/data/IMG/center_2025_12_03_12_09_00_416.jpg,/Users/davidfeliperiveraguerra/dev/seneca/cv-project/data/IMG/left_2025_12_03_12_09_00_416.jpg,/Users/davidfeliperiveraguerra/dev/seneca/cv-project/data/IMG/right_2025_12_03_12_09_00_416.jpg,0,1,0,30.18911
/Users/davidfeliperiveraguerra/dev/seneca/cv-project/data/IMG/center_2025_12_03_12_09_00_490.jpg,/Users/davidfeliperiveraguerra/dev/seneca/cv-project/data/IMG/left_2025_12_03_12_09_00_490.jpg,/Users/davidfeliperiveraguerra/dev/seneca/cv-project/data/IMG/right_2025_12_03_12_09_00_490.jpg,-0.15,1,0,30.187
/Users/davidfeliperiveraguerra/dev/seneca/cv-project/data/IMG/center_2025_12_03_12_09_00_560.jpg,/Users/davidfeliperiveraguerra/dev/seneca/cv-project/data/IMG/left_2025_12_03_12_09_00_560.jpg,/Users/davidfeliperiveraguerra/dev/seneca/cv-project/data/IMG/right_2025_12_03_12_09_00_560.jpg,-0.3,1,0,30.17284
/Users/davidfeliperiveraguerra/dev/seneca/cv-project/data/IMG/center_2025_12_03_12_09_00_630.jpg,/Users/davidfeliperiveraguerra/dev/seneca/cv-project/data/IMG/left_2025_12_03_12_09_00_630.jpg,/Users/davidfeliperiveraguerra/dev/seneca/cv-project/data/IMG/right_2025_12_03_12_09_00_630.jpg,-0.5000001,1,0,30.14787
/Users/davidfeliperiveraguerra/dev/seneca/cv-project/data/IMG/center_2025_12_03_12_09_00_702.jpg,/Users/davidfeliperiveraguerra/dev/seneca/cv-project/data/IMG/left_2025_12_03_12_09_00_702.jpg,/Users/davidfeliperiveraguerra/dev/seneca/cv-project/data/IMG/right_2025_12_03_12_09_00_702.jpg,0,1,0,30.18266
/Users/davidfeliperiveraguerra/dev/seneca/cv-project/data/IMG/center_2025_12_03_12_09_00_776.jpg,/Users/davidfeliperiveraguerra/dev/seneca/cv-project/data/IMG/left_2025_12_03_12_09_00_776.jpg,/Users/davidfeliperiveraguerra/dev/seneca/cv-project/data/IMG/right_2025_12_03_12_09_00_776.jpg,0,1,0,30.18956
/Users/davidfeliperiveraguerra/dev/seneca/cv-project/data/IMG/center_2025_12_03_12_09_00_849.jpg,/Users/davidfeliperiveraguerra/dev/seneca/cv-project/data/IMG/left_2025_12_03_12_09_00_849.jpg,/Users/davidfeliperiveraguerra/dev/seneca/cv-project/data/IMG/right_2025_12_03_12_09_00_849.jpg,0,1,0,30.19004
/Users/davidfeliperiveraguerra/dev/seneca/cv-project/data/IMG/center_2025_12_03_12_09_00_920.jpg,/Users/davidfeliperiveraguerra/dev/seneca/cv-project/data/IMG/left_2025_12_03_12_09_00_920.jpg,/Users/davidfeliperiveraguerra/dev/seneca/cv-project/data/IMG/right_2025_12_03_12_09_00_920.jpg,0,1,0,30.19044
/Users/davidfeliperiveraguerra/dev/seneca/cv-project/data/IMG/center_2025_12_03_12_09_00_991.jpg,/Users/davidfeliperiveraguerra/dev/seneca/cv-project/data/IMG/left_2025_12_03_12_09_00_991.jpg,/Users/davidfeliperiveraguerra/dev/seneca/cv-project/data/IMG/right_2025_12_03_12_09_00_991.jpg,0,1,0,30.19103
/Users/davidfeliperiveraguerra/dev/seneca/cv-project/data/IMG/center_2025_12_03_12_09_01_065.jpg,/Users/davidfeliperiveraguerra/dev/seneca/cv-project/data/IMG/left_2025_12_03_12_09_01_065.jpg,/Users/davidfeliperiveraguerra/dev/seneca/cv-project/data/IMG/right_2025_12_03_12_09_01_065.jpg,0,1,0,30.19038
/Users/davidfeliperiveraguerra/dev/seneca/cv-project/data/IMG/center_2025_12_03_12_09_01_136.jpg,/Users/davidfeliperiveraguerra/dev/seneca/cv-project/data/IMG/left_2025_12_03_12_09_01_136.jpg,/Users/davidfeliperiveraguerra/dev/seneca/cv-project/data/IMG/right_2025_12_03_12_09_01_136.jpg,0,1,0,30.19046
/Users/davidfeliperiveraguerra/dev/seneca/cv-project/data/IMG/center_2025_12_03_12_09_01_207.jpg,/Users/davidfeliperiveraguerra/dev/seneca/cv-project/data/IMG/left_2025_12_03_12_09_01_207.jpg,/Users/davidfeliperiveraguerra/dev/seneca/cv-project/data/IMG/right_2025_12_03_12_09_01_207.jpg,0,1,0,30.19061
/Users/davidfeliperiveraguerra/dev/seneca/cv-project/data/IMG/center_2025_12_03_12_09_01_279.jpg,/Users/davidfeliperiveraguerra/dev/seneca/cv-project/data/IMG/left_2025_12_03_12_09_01_279.jpg,/Users/davidfeliperiveraguerra/dev/seneca/cv-project/data/IMG/right_2025_12_03_12_09_01_279.jpg,0,1,0,30.19025
/Users/davidfeliperiveraguerra/dev/seneca/cv-project/data/IMG/center_2025_12_03_12_09_01_348.jpg,/Users/davidfeliperiveraguerra/dev/seneca/cv-project/data/IMG/left_2025_12_03_12_09_01_348.jpg,/Users/davidfeliperiveraguerra/dev/seneca/cv-project/data/IMG/right_2025_12_03_12_09_01_348.jpg,0,1,0,30.1904
/Users/davidfeliperiveraguerra/dev/seneca/cv-project/data/IMG/center_2025_12_03_12_09_01_417.jpg,/Users/davidfeliperiveraguerra/dev/seneca/cv-project/data/IMG/left_2025_12_03_12_09_01_417.jpg,/Users/davidfeliperiveraguerra/dev/seneca/cv-project/data/IMG/right_2025_12_03_12_09_01_417.jpg,0,1,0,30.19048
/Users/davidfeliperiveraguerra/dev/seneca/cv-project/data/IMG/center_2025_12_03_12_09_01_487.jpg,/Users/davidfeliperiveraguerra/dev/seneca/cv-project/data/IMG/left_2025_12_03_12_09_01_487.jpg,/Users/davidfeliperiveraguerra/dev/seneca/cv-project/data/IMG/right_2025_12_03_12_09_01_487.jpg,0,1,0,30.19016
/Users/davidfeliperiveraguerra/dev/seneca/cv-project/data/IMG/center_2025_12_03_12_09_01_560.jpg,/Users/davidfeliperiveraguerra/dev/seneca/cv-project/data/IMG/left_2025_12_03_12_09_01_560.jpg,/Users/davidfeliperiveraguerra/dev/seneca/cv-project/data/IMG/right_2025_12_03_12_09_01_560.jpg,0,1,0,30.19027
/Users/davidfeliperiveraguerra/dev/seneca/cv-project/data/IMG/center_2025_12_03_12_09_01_630.jpg,/Users/davidfeliperiveraguerra/dev/seneca/cv-project/data/IMG/left_2025_12_03_12_09_01_630.jpg,/Users/davidfeliperiveraguerra/dev/seneca/cv-project/data/IMG/right_2025_12_03_12_09_01_630.jpg,0,1,0,30.19073
/Users/davidfeliperiveraguerra/dev/seneca/cv-project/data/IMG/center_2025_12_03_12_09_01_703.jpg,/Users/davidfeliperiveraguerra/dev/seneca/cv-project/data/IMG/left_2025_12_03_12_09_01_703.jpg,/Users/davidfeliperiveraguerra/dev/seneca/cv-project/data/IMG/right_2025_12_03_12_09_01_703.jpg,0,1,0,30.19011
/Users/davidfeliperiveraguerra/dev/seneca/cv-project/data/IMG/center_2025_12_03_12_09_01_776.jpg,/Users/davidfeliperiveraguerra/dev/seneca/cv-project/data/IMG/left_2025_12_03_12_09_01_776.jpg,/Users/davidfeliperiveraguerra/dev/seneca/cv-project/data/IMG/right_2025_12_03_12_09_01_776.jpg,-0.15,1,0,30.1844
/Users/davidfeliperiveraguerra/dev/seneca/cv-project/data/IMG/center_2025_12_03_12_09_01_844.jpg,/Users/davidfeliperiveraguerra/dev/seneca/cv-project/data/IMG/left_2025_12_03_12_09_01_844.jpg,/Users/davidfeliperiveraguerra/dev/seneca/cv-project/data/IMG/right_2025_12_03_12_09_01_844.jpg,-0.35,1,0,30.16393
/Users/davidfeliperiveraguerra/dev/seneca/cv-project/data/IMG/center_2025_12_03_12_09_01_910.jpg,/Users/davidfeliperiveraguerra/dev/seneca/cv-project/data/IMG/left_2025_12_03_12_09_01_910.jpg,/Users/davidfeliperiveraguerra/dev/seneca/cv-project/data/IMG/right_2025_12_03_12_09_01_910.jpg,0,1,0,30.18765
/Users/davidfeliperiveraguerra/dev/seneca/cv-project/data/IMG/center_2025_12_03_12_09_01_983.jpg,/Users/davidfeliperiveraguerra/dev/seneca/cv-project/data/IMG/left_2025_12_03_12_09_01_983.jpg,/Users/davidfeliperiveraguerra/dev/seneca/cv-project/data/IMG/right_2025_12_03_12_09_01_983.jpg,0,1,0,30.18989
/Users/davidfeliperiveraguerra/dev/seneca/cv-project/data/IMG/center_2025_12_03_12_09_02_053.jpg,/Users/davidfeliperiveraguerra/dev/seneca/cv-project/data/IMG/left_2025_12_03_12_09_02_053.jpg,/Users/davidfeliperiveraguerra/dev/seneca/cv-project/data/IMG/right_2025_12_03_12_09_02_053.jpg,0,1,0,30.19022
/Users/davidfeliperiveraguerra/dev/seneca/cv-project/data/IMG/center_2025_12_03_12_09_02_122.jpg,/Users/davidfeliperiveraguerra/dev/seneca/cv-project/data/IMG/left_2025_12_03_12_09_02_122.jpg,/Users/davidfeliperiveraguerra/dev/seneca/cv-project/data/IMG/right_2025_12_03_12_09_02_122.jpg,0,1,0,30.18997
/Users/davidfeliperiveraguerra/dev/seneca/cv-project/data/IMG/center_2025_12_03_12_09_02_193.jpg,/Users/davidfeliperiveraguerra/dev/seneca/cv-project/data/IMG/left_2025_12_03_12_09_02_193.jpg,/Users/davidfeliperiveraguerra/dev/seneca/cv-project/data/IMG/right_2025_12_03_12_09_02_193.jpg,0,1,0,30.19024
/Users/davidfeliperiveraguerra/dev/seneca/cv-project/data/IMG/center_2025_12_03_12_09_02_261.jpg,/Users/davidfeliperiveraguerra/dev/seneca/cv-project/data/IMG/left_2025_12_03_12_09_02_261.jpg,/Users/davidfeliperiveraguerra/dev/seneca/cv-project/data/IMG/right_2025_12_03_12_09_02_261.jpg,-0.15,1,0,30.18494
/Users/davidfeliperiveraguerra/dev/seneca/cv-project/data/IMG/center_2025_12_03_12_09_02_332.jpg,/Users/davidfeliperiveraguerra/dev/seneca/cv-project/data/IMG/left_2025_12_03_12_09_02_332.jpg,/Users/davidfeliperiveraguerra/dev/seneca/cv-project/data/IMG/right_2025_12_03_12_09_02_332.jpg,0,1,0,30.1908
/Users/davidfeliperiveraguerra/dev/seneca/cv-project/data/IMG/center_2025_12_03_12_09_02_398.jpg,/Users/davidfeliperiveraguerra/dev/seneca/cv-project/data/IMG/left_2025_12_03_12_09_02_398.jpg,/Users/davidfeliperiveraguerra/dev/seneca/cv-project/data/IMG/right_2025_12_03_12_09_02_398.jpg,0,1,0,30.18981
/Users/davidfeliperiveraguerra/dev/seneca/cv-project/data/IMG/center_2025_12_03_12_09_02_465.jpg,/Users/davidfeliperiveraguerra/dev/seneca/cv-project/data/IMG/left_2025_12_03_12_09_02_465.jpg,/Users/davidfeliperiveraguerra/dev/seneca/cv-project/data/IMG/right_2025_12_03_12_09_02_465.jpg,0,1,0,30.19025
/Users/davidfeliperiveraguerra/dev/seneca/cv-project/data/IMG/center_2025_12_03_12_09_02_532.jpg,/Users/davidfeliperiveraguerra/dev/seneca/cv-project/data/IMG/left_2025_12_03_12_09_02_532.jpg,/Users/davidfeliperiveraguerra/dev/seneca/cv-project/data/IMG/right_2025_12_03_12_09_02_532.jpg,0,1,0,30.19033
/Users/davidfeliperiveraguerra/dev/seneca/cv-project/data/IMG/center_2025_12_03_12_09_02_599.jpg,/Users/davidfeliperiveraguerra/dev/seneca/cv-project/data/IMG/left_2025_12_03_12_09_02_599.jpg,/Users/davidfeliperiveraguerra/dev/seneca/cv-project/data/IMG/right_2025_12_03_12_09_02_599.jpg,0,1,0,30.19071
/Users/davidfeliperiveraguerra/dev/seneca/cv-project/data/IMG/center_2025_12_03_12_09_02_670.jpg,/Users/davidfeliperiveraguerra/dev/seneca/cv-project/data/IMG/left_2025_12_03_12_09_02_670.jpg,/Users/davidfeliperiveraguerra/dev/seneca/cv-project/data/IMG/right_2025_12_03_12_09_02_670.jpg,-0.05,1,0,30.18981
/Users/davidfeliperiveraguerra/dev/seneca/cv-project/data/IMG/center_2025_12_03_12_09_02_739.jpg,/Users/davidfeliperiveraguerra/dev/seneca/cv-project/data/IMG/left_2025_12_03_12_09_02_739.jpg,/Users/davidfeliperiveraguerra/dev/seneca/cv-project/data/IMG/right_2025_12_03_12_09_02_739.jpg,-0.2,1,0,30.18045
/Users/davidfeliperiveraguerra/dev/seneca/cv-project/data/IMG/center_2025_12_03_12_09_02_811.jpg,/Users/davidfeliperiveraguerra/dev/seneca/cv-project/data/IMG/left_2025_12_03_12_09_02_811.jpg,/Users/davidfeliperiveraguerra/dev/seneca/cv-project/data/IMG/right_2025_12_03_12_09_02_811.jpg,0,1,0,30.19058
/Users/davidfeliperiveraguerra/dev/seneca/cv-project/data/IMG/center_2025_12_03_12_09_02_881.jpg,/Users/davidfeliperiveraguerra/dev/seneca/cv-project/data/IMG/left_2025_12_03_12_09_02_881.jpg,/Users/davidfeliperiveraguerra/dev/seneca/cv-project/data/IMG/right_2025_12_03_12_09_02_881.jpg,0,1,0,30.19008
/Users/davidfeliperiveraguerra/dev/seneca/cv-project/data/IMG/center_2025_12_03_12_09_02_953.jpg,/Users/davidfeliperiveraguerra/dev/seneca/cv-project/data/IMG/left_2025_12_03_12_09_02_953.jpg,/Users/davidfeliperiveraguerra/dev/seneca/cv-project/data/IMG/right_2025_12_03_12_09_02_953.jpg,0,1,0,30.19025
/Users/davidfeliperiveraguerra/dev/seneca/cv-project/data/IMG/center_2025_12_03_12_09_03_025.jpg,/Users/davidfeliperiveraguerra/dev/seneca/cv-project/data/IMG/left_2025_12_03_12_09_03_025.jpg,/Users/davidfeliperiveraguerra/dev/seneca/cv-project/data/IMG/right_2025_12_03_12_09_03_025.jpg,0,1,0,30.19038
/Users/davidfeliperiveraguerra/dev/seneca/cv-project/data/IMG/center_2025_12_03_12_09_03_092.jpg,/Users/davidfeliperiveraguerra/dev/seneca/cv-project/data/IMG/left_2025_12_03_12_09_03_092.jpg,/Users/davidfeliperiveraguerra/dev/seneca/cv-project/data/IMG/right_2025_12_03_12_09_03_092.jpg,0,1,0,30.19084
/Users/davidfeliperiveraguerra/dev/seneca/cv-project/data/IMG/center_2025_12_03_12_09_03_164.jpg,/Users/davidfeliperiveraguerra/dev/seneca/cv-project/data/IMG/left_2025_12_03_12_09_03_164.jpg,/Users/davidfeliperiveraguerra/dev/seneca/cv-project/data/IMG/right_2025_12_03_12_09_03_164.jpg,0,1,0,30.19032
/Users/davidfeliperiveraguerra/dev/seneca/cv-project/data/IMG/center_2025_12_03_12_09_03_237.jpg,/Users/davidfeliperiveraguerra/dev/seneca/cv-project/data/IMG/left_2025_12_03_12_09_03_237.jpg,/Users/davidfeliperiveraguerra/dev/seneca/cv-project/data/IMG/right_2025_12_03_12_09_03_237.jpg,0,1,0,30.19038
/Users/davidfeliperiveraguerra/dev/seneca/cv-project/data/IMG/center_2025_12_03_12_09_03_304.jpg,/Users/davidfeliperiveraguerra/dev/seneca/cv-project/data/IMG/left_2025_12_03_12_09_03_304.jpg,/Users/davidfeliperiveraguerra/dev/seneca/cv-project/data/IMG/right_2025_12_03_12_09_03_304.jpg,0,1,0,30.19042
/Users/davidfeliperiveraguerra/dev/seneca/cv-project/data/IMG/center_2025_12_03_12_09_03_375.jpg,/Users/davidfeliperiveraguerra/dev/seneca/cv-project/data/IMG/left_2025_12_03_12_09_03_375.jpg,/Users/davidfeliperiveraguerra/dev/seneca/cv-project/data/IMG/right_2025_12_03_12_09_03_375.jpg,0,1,0,30.19041
/Users/davidfeliperiveraguerra/dev/seneca/cv-project/data/IMG/center_2025_12_03_12_09_03_447.jpg,/Users/davidfeliperiveraguerra/dev/seneca/cv-project/data/IMG/left_2025_12_03_12_09_03_447.jpg,/Users/davidfeliperiveraguerra/dev/seneca/cv-project/data/IMG/right_2025_12_03_12_09_03_447.jpg,0,1,0,30.19035
/Users/davidfeliperiveraguerra/dev/seneca/cv-project/data/IMG/center_2025_12_03_12_09_03_515.jpg,/Users/davidfeliperiveraguerra/dev/seneca/cv-project/data/IMG/left_2025_12_03_12_09_03_515.jpg,/Users/davidfeliperiveraguerra/dev/seneca/cv-project/data/IMG/right_2025_12_03_12_09_03_515.jpg,0,1,0,30.1903
/Users/davidfeliperiveraguerra/dev/seneca/cv-project/data/IMG/center_2025_12_03_12_09_03_587.jpg,/Users/davidfeliperiveraguerra/dev/seneca/cv-project/data/IMG/left_2025_12_03_12_09_03_587.jpg,/Users/davidfeliperiveraguerra/dev/seneca/cv-project/data/IMG/right_2025_12_03_12_09_03_587.jpg,0,1,0,30.19038
/Users/davidfeliperiveraguerra/dev/seneca/cv-project/data/IMG/center_2025_12_03_12_09_03_658.jpg,/Users/davidfeliperiveraguerra/dev/seneca/cv-project/data/IMG/left_2025_12_03_12_09_03_658.jpg,/Users/davidfeliperiveraguerra/dev/seneca/cv-project/data/IMG/right_2025_12_03_12_09_03_658.jpg,0,1,0,30.19019
/Users/davidfeliperiveraguerra/dev/seneca/cv-project/data/IMG/center_2025_12_03_12_09_03_727.jpg,/Users/davidfeliperiveraguerra/dev/seneca/cv-project/data/IMG/left_2025_12_03_12_09_03_727.jpg,/Users/davidfeliperiveraguerra/dev/seneca/cv-project/data/IMG/right_2025_12_03_12_09_03_727.jpg,0,1,0,30.19031
/Users/davidfeliperiveraguerra/dev/seneca/cv-project/data/IMG/center_2025_12_03_12_09_03_795.jpg,/Users/davidfeliperiveraguerra/dev/seneca/cv-project/data/IMG/left_2025_12_03_12_09_03_795.jpg,/Users/davidfeliperiveraguerra/dev/seneca/cv-project/data/IMG/right_2025_12_03_12_09_03_795.jpg,0,1,0,30.19033
/Users/davidfeliperiveraguerra/dev/seneca/cv-project/data/IMG/center_2025_12_03_12_09_03_865.jpg,/Users/davidfeliperiveraguerra/dev/seneca/cv-project/data/IMG/left_2025_12_03_12_09_03_865.jpg,/Users/davidfeliperiveraguerra/dev/seneca/cv-project/data/IMG/right_2025_12_03_12_09_03_865.jpg,0,1,0,30.19034
/Users/davidfeliperiveraguerra/dev/seneca/cv-project/data/IMG/center_2025_12_03_12_09_03_935.jpg,/Users/davidfeliperiveraguerra/dev/seneca/cv-project/data/IMG/left_2025_12_03_12_09_03_935.jpg,/Users/davidfeliperiveraguerra/dev/seneca/cv-project/data/IMG/right_2025_12_03_12_09_03_935.jpg,0,1,0,30.19032
/Users/davidfeliperiveraguerra/dev/seneca/cv-project/data/IMG/center_2025_12_03_12_09_04_004.jpg,/Users/davidfeliperiveraguerra/dev/seneca/cv-project/data/IMG/left_2025_12_03_12_09_04_004.jpg,/Users/davidfeliperiveraguerra/dev/seneca/cv-project/data/IMG/right_2025_12_03_12_09_04_004.jpg,0,1,0,30.19025
/Users/davidfeliperiveraguerra/dev/seneca/cv-project/data/IMG/center_2025_12_03_12_09_04_072.jpg,/Users/davidfeliperiveraguerra/dev/seneca/cv-project/data/IMG/left_2025_12_03_12_09_04_072.jpg,/Users/davidfeliperiveraguerra/dev/seneca/cv-project/data/IMG/right_2025_12_03_12_09_04_072.jpg,0,1,0,30.19028
/Users/davidfeliperiveraguerra/dev/seneca/cv-project/data/IMG/center_2025_12_03_12_09_04_139.jpg,/Users/davidfeliperiveraguerra/dev/seneca/cv-project/data/IMG/left_2025_12_03_12_09_04_139.jpg,/Users/davidfeliperiveraguerra/dev/seneca/cv-project/data/IMG/right_2025_12_03_12_09_04_139.jpg,0,1,0,30.19032
/Users/davidfeliperiveraguerra/dev/seneca/cv-project/data/IMG/center_2025_12_03_12_09_04_210.jpg,/Users/davidfeliperiveraguerra/dev/seneca/cv-project/data/IMG/left_2025_12_03_12_09_04_210.jpg,/Users/davidfeliperiveraguerra/dev/seneca/cv-project/data/IMG/right_2025_12_03_12_09_04_210.jpg,0,1,0,30.1902
/Users/davidfeliperiveraguerra/dev/seneca/cv-project/data/IMG/center_2025_12_03_12_09_04_278.jpg,/Users/davidfeliperiveraguerra/dev/seneca/cv-project/data/IMG/left_2025_12_03_12_09_04_278.jpg,/Users/davidfeliperiveraguerra/dev/seneca/cv-project/data/IMG/right_2025_12_03_12_09_04_278.jpg,0,1,0,30.19025
/Users/davidfeliperiveraguerra/dev/seneca/cv-project/data/IMG/center_2025_12_03_12_09_04_348.jpg,/Users/davidfeliperiveraguerra/dev/seneca/cv-project/data/IMG/left_2025_12_03_12_09_04_348.jpg,/Users/davidfeliperiveraguerra/dev/seneca/cv-project/data/IMG/right_2025_12_03_12_09_04_348.jpg,0,1,0,30.19027
/Users/davidfeliperiveraguerra/dev/seneca/cv-project/data/IMG/center_2025_12_03_12_09_04_420.jpg,/Users/davidfeliperiveraguerra/dev/seneca/cv-project/data/IMG/left_2025_12_03_12_09_04_420.jpg,/Users/davidfeliperiveraguerra/dev/seneca/cv-project/data/IMG/right_2025_12_03_12_09_04_420.jpg,0,1,0,30.19026
/Users/davidfeliperiveraguerra/dev/seneca/cv-project/data/IMG/center_2025_12_03_12_09_04_487.jpg,/Users/davidfeliperiveraguerra/dev/seneca/cv-project/data/IMG/left_2025_12_03_12_09_04_487.jpg,/Users/davidfeliperiveraguerra/dev/seneca/cv-project/data/IMG/right_2025_12_03_12_09_04_487.jpg,0,1,0,30.19025
/Users/davidfeliperiveraguerra/dev/seneca/cv-project/data/IMG/center_2025_12_03_12_09_04_555.jpg,/Users/davidfeliperiveraguerra/dev/seneca/cv-project/data/IMG/left_2025_12_03_12_09_04_555.jpg,/Users/davidfeliperiveraguerra/dev/seneca/cv-project/data/IMG/right_2025_12_03_12_09_04_555.jpg,0,1,0,30.19014
/Users/davidfeliperiveraguerra/dev/seneca/cv-project/data/IMG/center_2025_12_03_12_09_04_622.jpg,/Users/davidfeliperiveraguerra/dev/seneca/cv-project/data/IMG/left_2025_12_03_12_09_04_622.jpg,/Users/davidfeliperiveraguerra/dev/seneca/cv-project/data/IMG/right_2025_12_03_12_09_04_622.jpg,0,1,0,30.19022
/Users/davidfeliperiveraguerra/dev/seneca/cv-project/data/IMG/center_2025_12_03_12_09_04_692.jpg,/Users/davidfeliperiveraguerra/dev/seneca/cv-project/data/IMG/left_2025_12_03_12_09_04_692.jpg,/Users/davidfeliperiveraguerra/dev/seneca/cv-project/data/IMG/right_2025_12_03_12_09_04_692.jpg,0,1,0,30.19025
/Users/davidfeliperiveraguerra/dev/seneca/cv-project/data/IMG/center_2025_12_03_12_09_04_759.jpg,/Users/davidfeliperiveraguerra/dev/seneca/cv-project/data/IMG/left_2025_12_03_12_09_04_759.jpg,/Users/davidfeliperiveraguerra/dev/seneca/cv-project/data/IMG/right_2025_12_03_12_09_04_759.jpg,0,1,0,30.19022
/Users/davidfeliperiveraguerra/dev/seneca/cv-project/data/IMG/center_2025_12_03_12_09_04_828.jpg,/Users/davidfeliperiveraguerra/dev/seneca/cv-project/data/IMG/left_2025_12_03_12_09_04_828.jpg,/Users/davidfeliperiveraguerra/dev/seneca/cv-project/data/IMG/right_2025_12_03_12_09_04_828.jpg,0,1,0,30.19019
/Users/davidfeliperiveraguerra/dev/seneca/cv-project/data/IMG/center_2025_12_03_12_09_04_899.jpg,/Users/davidfeliperiveraguerra/dev/seneca/cv-project/data/IMG/left_2025_12_03_12_09_04_899.jpg,/Users/davidfeliperiveraguerra/dev/seneca/cv-project/data/IMG/right_2025_12_03_12_09_04_899.jpg,0,1,0,30.1902
/Users/davidfeliperiveraguerra/dev/seneca/cv-project/data/IMG/center_2025_12_03_12_09_04_970.jpg,/Users/davidfeliperiveraguerra/dev/seneca/cv-project/data/IMG/left_2025_12_03_12_09_04_970.jpg,/Users/davidfeliperiveraguerra/dev/seneca/cv-project/data/IMG/right_2025_12_03_12_09_04_970.jpg,0,1,0,30.19023
/Users/davidfeliperiveraguerra/dev/seneca/cv-project/data/IMG/center_2025_12_03_12_09_05_037.jpg,/Users/davidfeliperiveraguerra/dev/seneca/cv-project/data/IMG/left_2025_12_03_12_09_05_037.jpg,/Users/davidfeliperiveraguerra/dev/seneca/cv-project/data/IMG/right_2025_12_03_12_09_05_037.jpg,0,1,0,30.19022
/Users/davidfeliperiveraguerra/dev/seneca/cv-project/data/IMG/center_2025_12_03_12_09_05_108.jpg,/Users/davidfeliperiveraguerra/dev/seneca/cv-project/data/IMG/left_2025_12_03_12_09_05_108.jpg,/Users/davidfeliperiveraguerra/dev/seneca/cv-project/data/IMG/right_2025_12_03_12_09_05_108.jpg,0,1,0,30.1902
/Users/davidfeliperiveraguerra/dev/seneca/cv-project/data/IMG/center_2025_12_03_12_09_05_178.jpg,/Users/davidfeliperiveraguerra/dev/seneca/cv-project/data/IMG/left_2025_12_03_12_09_05_178.jpg,/Users/davidfeliperiveraguerra/dev/seneca/cv-project/data/IMG/right_2025_12_03_12_09_05_178.jpg,0,1,0,30.19025
/Users/davidfeliperiveraguerra/dev/seneca/cv-project/data/IMG/center_2025_12_03_12_09_05_248.jpg,/Users/davidfeliperiveraguerra/dev/seneca/cv-project/data/IMG/left_2025_12_03_12_09_05_248.jpg,/Users/davidfeliperiveraguerra/dev/seneca/cv-project/data/IMG/right_2025_12_03_12_09_05_248.jpg,0,1,0,30.19023
/Users/davidfeliperiveraguerra/dev/seneca/cv-project/data/IMG/center_2025_12_03_12_09_05_315.jpg,/Users/davidfeliperiveraguerra/dev/seneca/cv-project/data/IMG/left_2025_12_03_12_09_05_315.jpg,/Users/davidfeliperiveraguerra/dev/seneca/cv-project/data/IMG/right_2025_12_03_12_09_05_315.jpg,0,1,0,30.19014
/Users/davidfeliperiveraguerra/dev/seneca/cv-project/data/IMG/center_2025_12_03_12_09_05_385.jpg,/Users/davidfeliperiveraguerra/dev/seneca/cv-project/data/IMG/left_2025_12_03_12_09_05_385.jpg,/Users/davidfeliperiveraguerra/dev/seneca/cv-project/data/IMG/right_2025_12_03_12_09_05_385.jpg,0,1,0,30.19029
/Users/davidfeliperiveraguerra/dev/seneca/cv-project/data/IMG/center_2025_12_03_12_09_05_455.jpg,/Users/davidfeliperiveraguerra/dev/seneca/cv-project/data/IMG/left_2025_12_03_12_09_05_455.jpg,/Users/davidfeliperiveraguerra/dev/seneca/cv-project/data/IMG/right_2025_12_03_12_09_05_455.jpg,0,1,0,30.19027
/Users/davidfeliperiveraguerra/dev/seneca/cv-project/data/IMG/center_2025_12_03_12_09_05_525.jpg,/Users/davidfeliperiveraguerra/dev/seneca/cv-project/data/IMG/left_2025_12_03_12_09_05_525.jpg,/Users/davidfeliperiveraguerra/dev/seneca/cv-project/data/IMG/right_2025_12_03_12_09_05_525.jpg,0,1,0,30.19024
/Users/davidfeliperiveraguerra/dev/seneca/cv-project/data/IMG/center_2025_12_03_12_09_05_595.jpg,/Users/davidfeliperiveraguerra/dev/seneca/cv-project/data/IMG/left_2025_12_03_12_09_05_595.jpg,/Users/davidfeliperiveraguerra/dev/seneca/cv-project/data/IMG/right_2025_12_03_12_09_05_595.jpg,0,1,0,30.19025
/Users/davidfeliperiveraguerra/dev/seneca/cv-project/data/IMG/center_2025_12_03_12_09_05_664.jpg,/Users/davidfeliperiveraguerra/dev/seneca/cv-project/data/IMG/left_2025_12_03_12_09_05_664.jpg,/Users/davidfeliperiveraguerra/dev/seneca/cv-project/data/IMG/right_2025_12_03_12_09_05_664.jpg,0,1,0,30.19008
/Users/davidfeliperiveraguerra/dev/seneca/cv-project/data/IMG/center_2025_12_03_12_09_05_732.jpg,/Users/davidfeliperiveraguerra/dev/seneca/cv-project/data/IMG/left_2025_12_03_12_09_05_732.jpg,/Users/davidfeliperiveraguerra/dev/seneca/cv-project/data/IMG/right_2025_12_03_12_09_05_732.jpg,0,1,0,30.19039
/Users/davidfeliperiveraguerra/dev/seneca/cv-project/data/IMG/center_2025_12_03_12_09_05_801.jpg,/Users/davidfeliperiveraguerra/dev/seneca/cv-project/data/IMG/left_2025_12_03_12_09_05_801.jpg,/Users/davidfeliperiveraguerra/dev/seneca/cv-project/data/IMG/right_2025_12_03_12_09_05_801.jpg,0,1,0,30.19034
/Users/davidfeliperiveraguerra/dev/seneca/cv-project/data/IMG/center_2025_12_03_12_09_05_871.jpg,/Users/davidfeliperiveraguerra/dev/seneca/cv-project/data/IMG/left_2025_12_03_12_09_05_871.jpg,/Users/davidfeliperiveraguerra/dev/seneca/cv-project/data/IMG/right_2025_12_03_12_09_05_871.jpg,0,1,0,30.19032
/Users/davidfeliperiveraguerra/dev/seneca/cv-project/data/IMG/center_2025_12_03_12_09_05_939.jpg,/Users/davidfeliperiveraguerra/dev/seneca/cv-project/data/IMG/left_2025_12_03_12_09_05_939.jpg,/Users/davidfeliperiveraguerra/dev/seneca/cv-project/data/IMG/right_2025_12_03_12_09_05_939.jpg,0,1,0,30.19053
/Users/davidfeliperiveraguerra/dev/seneca/cv-project/data/IMG/center_2025_12_03_12_09_06_008.jpg,/Users/davidfeliperiveraguerra/dev/seneca/cv-project/data/IMG/left_2025_12_03_12_09_06_008.jpg,/Users/davidfeliperiveraguerra/dev/seneca/cv-project/data/IMG/right_2025_12_03_12_09_06_008.jpg,0.15,1,0,30.18406
/Users/davidfeliperiveraguerra/dev/seneca/cv-project/data/IMG/center_2025_12_03_12_09_06_075.jpg,/Users/davidfeliperiveraguerra/dev/seneca/cv-project/data/IMG/left_2025_12_03_12_09_06_075.jpg,/Users/davidfeliperiveraguerra/dev/seneca/cv-project/data/IMG/right_2025_12_03_12_09_06_075.jpg,0.3,1,0,30.16882
/Users/davidfeliperiveraguerra/dev/seneca/cv-project/data/IMG/center_2025_12_03_12_09_06_141.jpg,/Users/davidfeliperiveraguerra/dev/seneca/cv-project/data/IMG/left_2025_12_03_12_09_06_141.jpg,/Users/davidfeliperiveraguerra/dev/seneca/cv-project/data/IMG/right_2025_12_03_12_09_06_141.jpg,0,1,0,30.18887
/Users/davidfeliperiveraguerra/dev/seneca/cv-project/data/IMG/center_2025_12_03_12_09_06_208.jpg,/Users/davidfeliperiveraguerra/dev/seneca/cv-project/data/IMG/left_2025_12_03_12_09_06_208.jpg,/Users/davidfeliperiveraguerra/dev/seneca/cv-project/data/IMG/right_2025_12_03_12_09_06_208.jpg,0,1,0,30.19006
/Users/davidfeliperiveraguerra/dev/seneca/cv-project/data/IMG/center_2025_12_03_12_09_06_278.jpg,/Users/davidfeliperiveraguerra/dev/seneca/cv-project/data/IMG/left_2025_12_03_12_09_06_278.jpg,/Users/davidfeliperiveraguerra/dev/seneca/cv-project/data/IMG/right_2025_12_03_12_09_06_278.jpg,0,1,0,30.19049
/Users/davidfeliperiveraguerra/dev/seneca/cv-project/data/IMG/center_2025_12_03_12_09_06_347.jpg,/Users/davidfeliperiveraguerra/dev/seneca/cv-project/data/IMG/left_2025_12_03_12_09_06_347.jpg,/Users/davidfeliperiveraguerra/dev/seneca/cv-project/data/IMG/right_2025_12_03_12_09_06_347.jpg,0,1,0,30.19038
/Users/davidfeliperiveraguerra/dev/seneca/cv-project/data/IMG/center_2025_12_03_12_09_06_414.jpg,/Users/davidfeliperiveraguerra/dev/seneca/cv-project/data/IMG/left_2025_12_03_12_09_06_414.jpg,/Users/davidfeliperiveraguerra/dev/seneca/cv-project/data/IMG/right_2025_12_03_12_09_06_414.jpg,0,1,0,30.19033
/Users/davidfeliperiveraguerra/dev/seneca/cv-project/data/IMG/center_2025_12_03_12_09_06_483.jpg,/Users/davidfeliperiveraguerra/dev/seneca/cv-project/data/IMG/left_2025_12_03_12_09_06_483.jpg,/Users/davidfeliperiveraguerra/dev/seneca/cv-project/data/IMG/right_2025_12_03_12_09_06_483.jpg,0.2,1,0,30.18029
/Users/davidfeliperiveraguerra/dev/seneca/cv-project/data/IMG/center_2025_12_03_12_09_06_550.jpg,/Users/davidfeliperiveraguerra/dev/seneca/cv-project/data/IMG/left_2025_12_03_12_09_06_550.jpg,/Users/davidfeliperiveraguerra/dev/seneca/cv-project/data/IMG/right_2025_12_03_12_09_06_550.jpg,0.35,1,0,30.16349
/Users/davidfeliperiveraguerra/dev/seneca/cv-project/data/IMG/center_2025_12_03_12_09_06_617.jpg,/Users/davidfeliperiveraguerra/dev/seneca/cv-project/data/IMG/left_2025_12_03_12_09_06_617.jpg,/Users/davidfeliperiveraguerra/dev/seneca/cv-project/data/IMG/right_2025_12_03_12_09_06_617.jpg,0,1,0,30.1893
/Users/davidfeliperiveraguerra/dev/seneca/cv-project/data/IMG/center_2025_12_03_12_09_06_687.jpg,/Users/davidfeliperiveraguerra/dev/seneca/cv-project/data/IMG/left_2025_12_03_12_09_06_687.jpg,/Users/davidfeliperiveraguerra/dev/seneca/cv-project/data/IMG/right_2025_12_03_12_09_06_687.jpg,0,1,0,30.18955
/Users/davidfeliperiveraguerra/dev/seneca/cv-project/data/IMG/center_2025_12_03_12_09_06_754.jpg,/Users/davidfeliperiveraguerra/dev/seneca/cv-project/data/IMG/left_2025_12_03_12_09_06_754.jpg,/Users/davidfeliperiveraguerra/dev/seneca/cv-project/data/IMG/right_2025_12_03_12_09_06_754.jpg,0,1,0,30.18997
/Users/davidfeliperiveraguerra/dev/seneca/cv-project/data/IMG/center_2025_12_03_12_09_06_824.jpg,/Users/davidfeliperiveraguerra/dev/seneca/cv-project/data/IMG/left_2025_12_03_12_09_06_824.jpg,/Users/davidfeliperiveraguerra/dev/seneca/cv-project/data/IMG/right_2025_12_03_12_09_06_824.jpg,0,1,0,30.19063
/Users/davidfeliperiveraguerra/dev/seneca/cv-project/data/IMG/center_2025_12_03_12_09_06_891.jpg,/Users/davidfeliperiveraguerra/dev/seneca/cv-project/data/IMG/left_2025_12_03_12_09_06_891.jpg,/Users/davidfeliperiveraguerra/dev/seneca/cv-project/data/IMG/right_2025_12_03_12_09_06_891.jpg,0,1,0,30.19039
/Users/davidfeliperiveraguerra/dev/seneca/cv-project/data/IMG/center_2025_12_03_12_09_06_960.jpg,/Users/davidfeliperiveraguerra/dev/seneca/cv-project/data/IMG/left_2025_12_03_12_09_06_960.jpg,/Users/davidfeliperiveraguerra/dev/seneca/cv-project/data/IMG/right_2025_12_03_12_09_06_960.jpg,0.1,1,0,30.18797
/Users/davidfeliperiveraguerra/dev/seneca/cv-project/data/IMG/center_2025_12_03_12_09_07_027.jpg,/Users/davidfeliperiveraguerra/dev/seneca/cv-project/data/IMG/left_2025_12_03_12_09_07_027.jpg,/Users/davidfeliperiveraguerra/dev/seneca/cv-project/data/IMG/right_2025_12_03_12_09_07_027.jpg,0.3,1,0,30.17001
/Users/davidfeliperiveraguerra/dev/seneca/cv-project/data/IMG/center_2025_12_03_12_09_07_097.jpg,/Users/davidfeliperiveraguerra/dev/seneca/cv-project/data/IMG/left_2025_12_03_12_09_07_097.jpg,/Users/davidfeliperiveraguerra/dev/seneca/cv-project/data/IMG/right_2025_12_03_12_09_07_097.jpg,0,1,0,30.18171
/Users/davidfeliperiveraguerra/dev/seneca/cv-project/data/IMG/center_2025_12_03_12_09_07_166.jpg,/Users/davidfeliperiveraguerra/dev/seneca/cv-project/data/IMG/left_2025_12_03_12_09_07_166.jpg,/Users/davidfeliperiveraguerra/dev/seneca/cv-project/data/IMG/right_2025_12_03_12_09_07_166.jpg,0,1,0,30.18926
/Users/davidfeliperiveraguerra/dev/seneca/cv-project/data/IMG/center_2025_12_03_12_09_07_233.jpg,/Users/davidfeliperiveraguerra/dev/seneca/cv-project/data/IMG/left_2025_12_03_12_09_07_233.jpg,/Users/davidfeliperiveraguerra/dev/seneca/cv-project/data/IMG/right_2025_12_03_12_09_07_233.jpg,0,1,0,30.18992
/Users/davidfeliperiveraguerra/dev/seneca/cv-project/data/IMG/center_2025_12_03_12_09_07_304.jpg,/Users/davidfeliperiveraguerra/dev/seneca/cv-project/data/IMG/left_2025_12_03_12_09_07_304.jpg,/Users/davidfeliperiveraguerra/dev/seneca/cv-project/data/IMG/right_2025_12_03_12_09_07_304.jpg,0,1,0,30.19085
/Users/davidfeliperiveraguerra/dev/seneca/cv-project/data/IMG/center_2025_12_03_12_09_07_371.jpg,/Users/davidfeliperiveraguerra/dev/seneca/cv-project/data/IMG/left_2025_12_03_12_09_07_371.jpg,/Users/davidfeliperiveraguerra/dev/seneca/cv-project/data/IMG/right_2025_12_03_12_09_07_371.jpg,0.05,1,0,30.19018
/Users/davidfeliperiveraguerra/dev/seneca/cv-project/data/IMG/center_2025_12_03_12_09_07_438.jpg,/Users/davidfeliperiveraguerra/dev/seneca/cv-project/data/IMG/left_2025_12_03_12_09_07_438.jpg,/Users/davidfeliperiveraguerra/dev/seneca/cv-project/data/IMG/right_2025_12_03_12_09_07_438.jpg,0.2,1,0,30.18066
/Users/davidfeliperiveraguerra/dev/seneca/cv-project/data/IMG/center_2025_12_03_12_09_07_505.jpg,/Users/davidfeliperiveraguerra/dev/seneca/cv-project/data/IMG/left_2025_12_03_12_09_07_505.jpg,/Users/davidfeliperiveraguerra/dev/seneca/cv-project/data/IMG/right_2025_12_03_12_09_07_505.jpg,0.4,1,0,30.15847
/Users/davidfeliperiveraguerra/dev/seneca/cv-project/data/IMG/center_2025_12_03_12_09_07_571.jpg,/Users/davidfeliperiveraguerra/dev/seneca/cv-project/data/IMG/left_2025_12_03_12_09_07_571.jpg,/Users/davidfeliperiveraguerra/dev/seneca/cv-project/data/IMG/right_2025_12_03_12_09_07_571.jpg,0,1,0,30.18826
/Users/davidfeliperiveraguerra/dev/seneca/cv-project/data/IMG/center_2025_12_03_12_09_07_641.jpg,/Users/davidfeliperiveraguerra/dev/seneca/cv-project/data/IMG/left_2025_12_03_12_09_07_641.jpg,/Users/davidfeliperiveraguerra/dev/seneca/cv-project/data/IMG/right_2025_12_03_12_09_07_641.jpg,0,1,0,30.18911
/Users/davidfeliperiveraguerra/dev/seneca/cv-project/data/IMG/center_2025_12_03_12_09_07_708.jpg,/Users/davidfeliperiveraguerra/dev/seneca/cv-project/data/IMG/left_2025_12_03_12_09_07_708.jpg,/Users/davidfeliperiveraguerra/dev/seneca/cv-project/data/IMG/right_2025_12_03_12_09_07_708.jpg,0,1,0,30.18886
/Users/davidfeliperiveraguerra/dev/seneca/cv-project/data/IMG/center_2025_12_03_12_09_07_774.jpg,/Users/davidfeliperiveraguerra/dev/seneca/cv-project/data/IMG/left_2025_12_03_12_09_07_774.jpg,/Users/davidfeliperiveraguerra/dev/seneca/cv-project/data/IMG/right_2025_12_03_12_09_07_774.jpg,0.15,1,0,30.18732
/Users/davidfeliperiveraguerra/dev/seneca/cv-project/data/IMG/center_2025_12_03_12_09_07_845.jpg,/Users/davidfeliperiveraguerra/dev/seneca/cv-project/data/IMG/left_2025_12_03_12_09_07_845.jpg,/Users/davidfeliperiveraguerra/dev/seneca/cv-project/data/IMG/right_2025_12_03_12_09_07_845.jpg,0.35,1,0,30.16671
/Users/davidfeliperiveraguerra/dev/seneca/cv-project/data/IMG/center_2025_12_03_12_09_07_914.jpg,/Users/davidfeliperiveraguerra/dev/seneca/cv-project/data/IMG/left_2025_12_03_12_09_07_914.jpg,/Users/davidfeliperiveraguerra/dev/seneca/cv-project/data/IMG/right_2025_12_03_12_09_07_914.jpg,0.5000001,1,0,30.14538
/Users/davidfeliperiveraguerra/dev/seneca/cv-project/data/IMG/center_2025_12_03_12_09_07_982.jpg,/Users/davidfeliperiveraguerra/dev/seneca/cv-project/data/IMG/left_2025_12_03_12_09_07_982.jpg,/Users/davidfeliperiveraguerra/dev/seneca/cv-project/data/IMG/right_2025_12_03_12_09_07_982.jpg,0.6500001,1,0,30.12853
/Users/davidfeliperiveraguerra/dev/seneca/cv-project/data/IMG/center_2025_12_03_12_09_08_048.jpg,/Users/davidfeliperiveraguerra/dev/seneca/cv-project/data/IMG/left_2025_12_03_12_09_08_048.jpg,/Users/davidfeliperiveraguerra/dev/seneca/cv-project/data/IMG/right_2025_12_03_12_09_08_048.jpg,0.8500001,1,0,30.10561
/Users/davidfeliperiveraguerra/dev/seneca/cv-project/data/IMG/center_2025_12_03_12_09_08_116.jpg,/Users/davidfeliperiveraguerra/dev/seneca/cv-project/data/IMG/left_2025_12_03_12_09_08_116.jpg,/Users/davidfeliperiveraguerra/dev/seneca/cv-project/data/IMG/right_2025_12_03_12_09_08_116.jpg,1,1,0,30.09166
/Users/davidfeliperiveraguerra/dev/seneca/cv-project/data/IMG/center_2025_12_03_12_09_08_188.jpg,/Users/davidfeliperiveraguerra/dev/seneca/cv-project/data/IMG/left_2025_12_03_12_09_08_188.jpg,/Users/davidfeliperiveraguerra/dev/seneca/cv-project/data/IMG/right_2025_12_03_12_09_08_188.jpg,0,1,0,30.16046
/Users/davidfeliperiveraguerra/dev/seneca/cv-project/data/IMG/center_2025_12_03_12_09_08_258.jpg,/Users/davidfeliperiveraguerra/dev/seneca/cv-project/data/IMG/left_2025_12_03_12_09_08_258.jpg,/Users/davidfeliperiveraguerra/dev/seneca/cv-project/data/IMG/right_2025_12_03_12_09_08_258.jpg,0,1,0,30.17924
/Users/davidfeliperiveraguerra/dev/seneca/cv-project/data/IMG/center_2025_12_03_12_09_08_326.jpg,/Users/davidfeliperiveraguerra/dev/seneca/cv-project/data/IMG/left_2025_12_03_12_09_08_326.jpg,/Users/davidfeliperiveraguerra/dev/seneca/cv-project/data/IMG/right_2025_12_03_12_09_08_326.jpg,0,1,0,30.18752
/Users/davidfeliperiveraguerra/dev/seneca/cv-project/data/IMG/center_2025_12_03_12_09_08_396.jpg,/Users/davidfeliperiveraguerra/dev/seneca/cv-project/data/IMG/left_2025_12_03_12_09_08_396.jpg,/Users/davidfeliperiveraguerra/dev/seneca/cv-project/data/IMG/right_2025_12_03_12_09_08_396.jpg,0,1,0,30.19073
/Users/davidfeliperiveraguerra/dev/seneca/cv-project/data/IMG/center_2025_12_03_12_09_08_466.jpg,/Users/davidfeliperiveraguerra/dev/seneca/cv-project/data/IMG/left_2025_12_03_12_09_08_466.jpg,/Users/davidfeliperiveraguerra/dev/seneca/cv-project/data/IMG/right_2025_12_03_12_09_08_466.jpg,0,1,0,30.19011
/Users/davidfeliperiveraguerra/dev/seneca/cv-project/data/IMG/center_2025_12_03_12_09_08_532.jpg,/Users/davidfeliperiveraguerra/dev/seneca/cv-project/data/IMG/left_2025_12_03_12_09_08_532.jpg,/Users/davidfeliperiveraguerra/dev/seneca/cv-project/data/IMG/right_2025_12_03_12_09_08_532.jpg,0,1,0,30.19077
/Users/davidfeliperiveraguerra/dev/seneca/cv-project/data/IMG/center_2025_12_03_12_09_08_601.jpg,/Users/davidfeliperiveraguerra/dev/seneca/cv-project/data/IMG/left_2025_12_03_12_09_08_601.jpg,/Users/davidfeliperiveraguerra/dev/seneca/cv-project/data/IMG/right_2025_12_03_12_09_08_601.jpg,0.1,1,0,30.18878
/Users/davidfeliperiveraguerra/dev/seneca/cv-project/data/IMG/center_2025_12_03_12_09_08_672.jpg,/Users/davidfeliperiveraguerra/dev/seneca/cv-project/data/IMG/left_2025_12_03_12_09_08_672.jpg,/Users/davidfeliperiveraguerra/dev/seneca/cv-project/data/IMG/right_2025_12_03_12_09_08_672.jpg,0.3,1,0,30.16966
/Users/davidfeliperiveraguerra/dev/seneca/cv-project/data/IMG/center_2025_12_03_12_09_08_743.jpg,/Users/davidfeliperiveraguerra/dev/seneca/cv-project/data/IMG/left_2025_12_03_12_09_08_743.jpg,/Users/davidfeliperiveraguerra/dev/seneca/cv-project/data/IMG/right_2025_12_03_12_09_08_743.jpg,0.5000001,1,0,30.14654
/Users/davidfeliperiveraguerra/dev/seneca/cv-project/data/IMG/center_2025_12_03_12_09_08_811.jpg,/Users/davidfeliperiveraguerra/dev/seneca/cv-project/data/IMG/left_2025_12_03_12_09_08_811.jpg,/Users/davidfeliperiveraguerra/dev/seneca/cv-project/data/IMG/right_2025_12_03_12_09_08_811.jpg,0.6500001,1,0,30.12713
/Users/davidfeliperiveraguerra/dev/seneca/cv-project/data/IMG/center_2025_12_03_12_09_08_883.jpg,/Users/davidfeliperiveraguerra/dev/seneca/cv-project/data/IMG/left_2025_12_03_12_09_08_883.jpg,/Users/davidfeliperiveraguerra/dev/seneca/cv-project/data/IMG/right_2025_12_03_12_09_08_883.jpg,0,1,0,30.17383
/Users/davidfeliperiveraguerra/dev/seneca/cv-project/data/IMG/center_2025_12_03_12_09_08_949.jpg,/Users/davidfeliperiveraguerra/dev/seneca/cv-project/data/IMG/left_2025_12_03_12_09_08_949.jpg,/Users/davidfeliperiveraguerra/dev/seneca/cv-project/data/IMG/right_2025_12_03_12_09_08_949.jpg,0,1,0,30.18478
/Users/davidfeliperiveraguerra/dev/seneca/cv-project/data/IMG/center_2025_12_03_12_09_09_019.jpg,/Users/davidfeliperiveraguerra/dev/seneca/cv-project/data/IMG/left_2025_12_03_12_09_09_019.jpg,/Users/davidfeliperiveraguerra/dev/seneca/cv-project/data/IMG/right_2025_12_03_12_09_09_019.jpg,0,1,0,30.18914
/Users/davidfeliperiveraguerra/dev/seneca/cv-project/data/IMG/center_2025_12_03_12_09_09_090.jpg,/Users/davidfeliperiveraguerra/dev/seneca/cv-project/data/IMG/left_2025_12_03_12_09_09_090.jpg,/Users/davidfeliperiveraguerra/dev/seneca/cv-project/data/IMG/right_2025_12_03_12_09_09_090.jpg,0,1,0,30.18994
/Users/davidfeliperiveraguerra/dev/seneca/cv-project/data/IMG/center_2025_12_03_12_09_09_158.jpg,/Users/davidfeliperiveraguerra/dev/seneca/cv-project/data/IMG/left_2025_12_03_12_09_09_158.jpg,/Users/davidfeliperiveraguerra/dev/seneca/cv-project/data/IMG/right_2025_12_03_12_09_09_158.jpg,0.1,1,0,30.19182
/Users/davidfeliperiveraguerra/dev/seneca/cv-project/data/IMG/center_2025_12_03_12_09_09_226.jpg,/Users/davidfeliperiveraguerra/dev/seneca/cv-project/data/IMG/left_2025_12_03_12_09_09_226.jpg,/Users/davidfeliperiveraguerra/dev/seneca/cv-project/data/IMG/right_2025_12_03_12_09_09_226.jpg,0.3,1,0,30.17171
/Users/davidfeliperiveraguerra/dev/seneca/cv-project/data/IMG/center_2025_12_03_12_09_09_296.jpg,/Users/davidfeliperiveraguerra/dev/seneca/cv-project/data/IMG/left_2025_12_03_12_09_09_296.jpg,/Users/davidfeliperiveraguerra/dev/seneca/cv-project/data/IMG/right_2025_12_03_12_09_09_296.jpg,0.45,1,0,30.15333
/Users/davidfeliperiveraguerra/dev/seneca/cv-project/data/IMG/center_2025_12_03_12_09_09_368.jpg,/Users/davidfeliperiveraguerra/dev/seneca/cv-project/data/IMG/left_2025_12_03_12_09_09_368.jpg,/Users/davidfeliperiveraguerra/dev/seneca/cv-project/data/IMG/right_2025_12_03_12_09_09_368.jpg,0.6500001,1,0,30.12861
/Users/davidfeliperiveraguerra/dev/seneca/cv-project/data/IMG/center_2025_12_03_12_09_09_435.jpg,/Users/davidfeliperiveraguerra/dev/seneca/cv-project/data/IMG/left_2025_12_03_12_09_09_435.jpg,/Users/davidfeliperiveraguerra/dev/seneca/cv-project/data/IMG/right_2025_12_03_12_09_09_435.jpg,0,1,0,30.16638
/Users/davidfeliperiveraguerra/dev/seneca/cv-project/data/IMG/center_2025_12_03_12_09_09_504.jpg,/Users/davidfeliperiveraguerra/dev/seneca/cv-project/data/IMG/left_2025_12_03_12_09_09_504.jpg,/Users/davidfeliperiveraguerra/dev/seneca/cv-project/data/IMG/right_2025_12_03_12_09_09_504.jpg,0,1,0,30.18455
/Users/davidfeliperiveraguerra/dev/seneca/cv-project/data/IMG/center_2025_12_03_12_09_09_572.jpg,/Users/davidfeliperiveraguerra/dev/seneca/cv-project/data/IMG/left_2025_12_03_12_09_09_572.jpg,/Users/davidfeliperiveraguerra/dev/seneca/cv-project/data/IMG/right_2025_12_03_12_09_09_572.jpg,0,1,0,30.18877
/Users/davidfeliperiveraguerra/dev/seneca/cv-project/data/IMG/center_2025_12_03_12_09_09_641.jpg,/Users/davidfeliperiveraguerra/dev/seneca/cv-project/data/IMG/left_2025_12_03_12_09_09_641.jpg,/Users/davidfeliperiveraguerra/dev/seneca/cv-project/data/IMG/right_2025_12_03_12_09_09_641.jpg,0,1,0,30.18996
/Users/davidfeliperiveraguerra/dev/seneca/cv-project/data/IMG/center_2025_12_03_12_09_09_710.jpg,/Users/davidfeliperiveraguerra/dev/seneca/cv-project/data/IMG/left_2025_12_03_12_09_09_710.jpg,/Users/davidfeliperiveraguerra/dev/seneca/cv-project/data/IMG/right_2025_12_03_12_09_09_710.jpg,0.2,1,0,30.18365
/Users/davidfeliperiveraguerra/dev/seneca/cv-project/data/IMG/center_2025_12_03_12_09_09_779.jpg,/Users/davidfeliperiveraguerra/dev/seneca/cv-project/data/IMG/left_2025_12_03_12_09_09_779.jpg,/Users/davidfeliperiveraguerra/dev/seneca/cv-project/data/IMG/right_2025_12_03_12_09_09_779.jpg,0.35,1,0,30.16645
/Users/davidfeliperiveraguerra/dev/seneca/cv-project/data/IMG/center_2025_12_03_12_09_09_852.jpg,/Users/davidfeliperiveraguerra/dev/seneca/cv-project/data/IMG/left_2025_12_03_12_09_09_852.jpg,/Users/davidfeliperiveraguerra/dev/seneca/cv-project/data/IMG/right_2025_12_03_12_09_09_852.jpg,0.5500001,1,0,30.14153
/Users/davidfeliperiveraguerra/dev/seneca/cv-project/data/IMG/center_2025_12_03_12_09_09_923.jpg,/Users/davidfeliperiveraguerra/dev/seneca/cv-project/data/IMG/left_2025_12_03_12_09_09_923.jpg,/Users/davidfeliperiveraguerra/dev/seneca/cv-project/data/IMG/right_2025_12_03_12_09_09_923.jpg,0,1,0,30.17751
/Users/davidfeliperiveraguerra/dev/seneca/cv-project/data/IMG/center_2025_12_03_12_09_09_990.jpg,/Users/davidfeliperiveraguerra/dev/seneca/cv-project/data/IMG/left_2025_12_03_12_09_09_990.jpg,/Users/davidfeliperiveraguerra/dev/seneca/cv-project/data/IMG/right_2025_12_03_12_09_09_990.jpg,0,1,0,30.18581
/Users/davidfeliperiveraguerra/dev/seneca/cv-project/data/IMG/center_2025_12_03_12_09_10_063.jpg,/Users/davidfeliperiveraguerra/dev/seneca/cv-project/data/IMG/left_2025_12_03_12_09_10_063.jpg,/Users/davidfeliperiveraguerra/dev/seneca/cv-project/data/IMG/right_2025_12_03_12_09_10_063.jpg,0,1,0,30.18967
/Users/davidfeliperiveraguerra/dev/seneca/cv-project/data/IMG/center_2025_12_03_12_09_10_135.jpg,/Users/davidfeliperiveraguerra/dev/seneca/cv-project/data/IMG/left_2025_12_03_12_09_10_135.jpg,/Users/davidfeliperiveraguerra/dev/seneca/cv-project/data/IMG/right_2025_12_03_12_09_10_135.jpg,0,1,0,30.19018
/Users/davidfeliperiveraguerra/dev/seneca/cv-project/data/IMG/center_2025_12_03_12_09_10_203.jpg,/Users/davidfeliperiveraguerra/dev/seneca/cv-project/data/IMG/left_2025_12_03_12_09_10_203.jpg,/Users/davidfeliperiveraguerra/dev/seneca/cv-project/data/IMG/right_2025_12_03_12_09_10_203.jpg,0,1,0,30.19028
/Users/davidfeliperiveraguerra/dev/seneca/cv-project/data/IMG/center_2025_12_03_12_09_10_275.jpg,/Users/davidfeliperiveraguerra/dev/seneca/cv-project/data/IMG/left_2025_12_03_12_09_10_275.jpg,/Users/davidfeliperiveraguerra/dev/seneca/cv-project/data/IMG/right_2025_12_03_12_09_10_275.jpg,0.1,1,0,30.1881
/Users/davidfeliperiveraguerra/dev/seneca/cv-project/data/IMG/center_2025_12_03_12_09_10_343.jpg,/Users/davidfeliperiveraguerra/dev/seneca/cv-project/data/IMG/left_2025_12_03_12_09_10_343.jpg,/Users/davidfeliperiveraguerra/dev/seneca/cv-project/data/IMG/right_2025_12_03_12_09_10_343.jpg,0,1,0,30.1866
/Users/davidfeliperiveraguerra/dev/seneca/cv-project/data/IMG/center_2025_12_03_12_09_10_415.jpg,/Users/davidfeliperiveraguerra/dev/seneca/cv-project/data/IMG/left_2025_12_03_12_09_10_415.jpg,/Users/davidfeliperiveraguerra/dev/seneca/cv-project/data/IMG/right_2025_12_03_12_09_10_415.jpg,0,1,0,30.19018
/Users/davidfeliperiveraguerra/dev/seneca/cv-project/data/IMG/center_2025_12_03_12_09_10_489.jpg,/Users/davidfeliperiveraguerra/dev/seneca/cv-project/data/IMG/left_2025_12_03_12_09_10_489.jpg,/Users/davidfeliperiveraguerra/dev/seneca/cv-project/data/IMG/right_2025_12_03_12_09_10_489.jpg,0,1,0,30.1898
/Users/davidfeliperiveraguerra/dev/seneca/cv-project/data/IMG/center_2025_12_03_12_09_10_556.jpg,/Users/davidfeliperiveraguerra/dev/seneca/cv-project/data/IMG/left_2025_12_03_12_09_10_556.jpg,/Users/davidfeliperiveraguerra/dev/seneca/cv-project/data/IMG/right_2025_12_03_12_09_10_556.jpg,0,1,0,30.19031
/Users/davidfeliperiveraguerra/dev/seneca/cv-project/data/IMG/center_2025_12_03_12_09_10_624.jpg,/Users/davidfeliperiveraguerra/dev/seneca/cv-project/data/IMG/left_2025_12_03_12_09_10_624.jpg,/Users/davidfeliperiveraguerra/dev/seneca/cv-project/data/IMG/right_2025_12_03_12_09_10_624.jpg,0.05,1,0,30.18982
/Users/davidfeliperiveraguerra/dev/seneca/cv-project/data/IMG/center_2025_12_03_12_09_10_694.jpg,/Users/davidfeliperiveraguerra/dev/seneca/cv-project/data/IMG/left_2025_12_03_12_09_10_694.jpg,/Users/davidfeliperiveraguerra/dev/seneca/cv-project/data/IMG/right_2025_12_03_12_09_10_694.jpg,0.2,1,0,30.18028
/Users/davidfeliperiveraguerra/dev/seneca/cv-project/data/IMG/center_2025_12_03_12_09_10_765.jpg,/Users/davidfeliperiveraguerra/dev/seneca/cv-project/data/IMG/left_2025_12_03_12_09_10_765.jpg,/Users/davidfeliperiveraguerra/dev/seneca/cv-project/data/IMG/right_2025_12_03_12_09_10_765.jpg,0.4,1,0,30.15788
/Users/davidfeliperiveraguerra/dev/seneca/cv-project/data/IMG/center_2025_12_03_12_09_10_832.jpg,/Users/davidfeliperiveraguerra/dev/seneca/cv-project/data/IMG/left_2025_12_03_12_09_10_832.jpg,/Users/davidfeliperiveraguerra/dev/seneca/cv-project/data/IMG/right_2025_12_03_12_09_10_832.jpg,0,1,0,30.18755
/Users/davidfeliperiveraguerra/dev/seneca/cv-project/data/IMG/center_2025_12_03_12_09_10_899.jpg,/Users/davidfeliperiveraguerra/dev/seneca/cv-project/data/IMG/left_2025_12_03_12_09_10_899.jpg,/Users/davidfeliperiveraguerra/dev/seneca/cv-project/data/IMG/right_2025_12_03_12_09_10_899.jpg,0,1,0,30.18885
/Users/davidfeliperiveraguerra/dev/seneca/cv-project/data/IMG/center_2025_12_03_12_09_10_967.jpg,/Users/davidfeliperiveraguerra/dev/seneca/cv-project/data/IMG/left_2025_12_03_12_09_10_967.jpg,/Users/davidfeliperiveraguerra/dev/seneca/cv-project/data/IMG/right_2025_12_03_12_09_10_967.jpg,0,1,0,30.19001
/Users/davidfeliperiveraguerra/dev/seneca/cv-project/data/IMG/center_2025_12_03_12_09_11_035.jpg,/Users/davidfeliperiveraguerra/dev/seneca/cv-project/data/IMG/left_2025_12_03_12_09_11_035.jpg,/Users/davidfeliperiveraguerra/dev/seneca/cv-project/data/IMG/right_2025_12_03_12_09_11_035.jpg,0,1,0,30.19002
/Users/davidfeliperiveraguerra/dev/seneca/cv-project/data/IMG/center_2025_12_03_12_09_11_104.jpg,/Users/davidfeliperiveraguerra/dev/seneca/cv-project/data/IMG/left_2025_12_03_12_09_11_104.jpg,/Users/davidfeliperiveraguerra/dev/seneca/cv-project/data/IMG/right_2025_12_03_12_09_11_104.jpg,0,1,0,30.19031
/Users/davidfeliperiveraguerra/dev/seneca/cv-project/data/IMG/center_2025_12_03_12_09_11_173.jpg,/Users/davidfeliperiveraguerra/dev/seneca/cv-project/data/IMG/left_2025_12_03_12_09_11_173.jpg,/Users/davidfeliperiveraguerra/dev/seneca/cv-project/data/IMG/right_2025_12_03_12_09_11_173.jpg,0,1,0,30.19039
/Users/davidfeliperiveraguerra/dev/seneca/cv-project/data/IMG/center_2025_12_03_12_09_11_242.jpg,/Users/davidfeliperiveraguerra/dev/seneca/cv-project/data/IMG/left_2025_12_03_12_09_11_242.jpg,/Users/davidfeliperiveraguerra/dev/seneca/cv-project/data/IMG/right_2025_12_03_12_09_11_242.jpg,0,1,0,30.19015
/Users/davidfeliperiveraguerra/dev/seneca/cv-project/data/IMG/center_2025_12_03_12_09_11_311.jpg,/Users/davidfeliperiveraguerra/dev/seneca/cv-project/data/IMG/left_2025_12_03_12_09_11_311.jpg,/Users/davidfeliperiveraguerra/dev/seneca/cv-project/data/IMG/right_2025_12_03_12_09_11_311.jpg,0,1,0,30.19069
/Users/davidfeliperiveraguerra/dev/seneca/cv-project/data/IMG/center_2025_12_03_12_09_11_380.jpg,/Users/davidfeliperiveraguerra/dev/seneca/cv-project/data/IMG/left_2025_12_03_12_09_11_380.jpg,/Users/davidfeliperiveraguerra/dev/seneca/cv-project/data/IMG/right_2025_12_03_12_09_11_380.jpg,0,1,0,30.19005
/Users/davidfeliperiveraguerra/dev/seneca/cv-project/data/IMG/center_2025_12_03_12_09_11_453.jpg,/Users/davidfeliperiveraguerra/dev/seneca/cv-project/data/IMG/left_2025_12_03_12_09_11_453.jpg,/Users/davidfeliperiveraguerra/dev/seneca/cv-project/data/IMG/right_2025_12_03_12_09_11_453.jpg,0,1,0,30.19011
/Users/davidfeliperiveraguerra/dev/seneca/cv-project/data/IMG/center_2025_12_03_12_09_11_526.jpg,/Users/davidfeliperiveraguerra/dev/seneca/cv-project/data/IMG/left_2025_12_03_12_09_11_526.jpg,/Users/davidfeliperiveraguerra/dev/seneca/cv-project/data/IMG/right_2025_12_03_12_09_11_526.jpg,0,1,0,30.19017
/Users/davidfeliperiveraguerra/dev/seneca/cv-project/data/IMG/center_2025_12_03_12_09_11_598.jpg,/Users/davidfeliperiveraguerra/dev/seneca/cv-project/data/IMG/left_2025_12_03_12_09_11_598.jpg,/Users/davidfeliperiveraguerra/dev/seneca/cv-project/data/IMG/right_2025_12_03_12_09_11_598.jpg,0,1,0,30.19015
/Users/davidfeliperiveraguerra/dev/seneca/cv-project/data/IMG/center_2025_12_03_12_09_11_666.jpg,/Users/davidfeliperiveraguerra/dev/seneca/cv-project/data/IMG/left_2025_12_03_12_09_11_666.jpg,/Users/davidfeliperiveraguerra/dev/seneca/cv-project/data/IMG/right_2025_12_03_12_09_11_666.jpg,0,1,0,30.19039
/Users/davidfeliperiveraguerra/dev/seneca/cv-project/data/IMG/center_2025_12_03_12_09_11_740.jpg,/Users/davidfeliperiveraguerra/dev/seneca/cv-project/data/IMG/left_2025_12_03_12_09_11_740.jpg,/Users/davidfeliperiveraguerra/dev/seneca/cv-project/data/IMG/right_2025_12_03_12_09_11_740.jpg,0,1,0,30.19029
/Users/davidfeliperiveraguerra/dev/seneca/cv-project/data/IMG/center_2025_12_03_12_09_11_811.jpg,/Users/davidfeliperiveraguerra/dev/seneca/cv-project/data/IMG/left_2025_12_03_12_09_11_811.jpg,/Users/davidfeliperiveraguerra/dev/seneca/cv-project/data/IMG/right_2025_12_03_12_09_11_811.jpg,0,1,0,30.19019
/Users/davidfeliperiveraguerra/dev/seneca/cv-project/data/IMG/center_2025_12_03_12_09_11_883.jpg,/Users/davidfeliperiveraguerra/dev/seneca/cv-project/data/IMG/left_2025_12_03_12_09_11_883.jpg,/Users/davidfeliperiveraguerra/dev/seneca/cv-project/data/IMG/right_2025_12_03_12_09_11_883.jpg,0,1,0,30.19022
/Users/davidfeliperiveraguerra/dev/seneca/cv-project/data/IMG/center_2025_12_03_12_09_11_953.jpg,/Users/davidfeliperiveraguerra/dev/seneca/cv-project/data/IMG/left_2025_12_03_12_09_11_953.jpg,/Users/davidfeliperiveraguerra/dev/seneca/cv-project/data/IMG/right_2025_12_03_12_09_11_953.jpg,0,1,0,30.19024
/Users/davidfeliperiveraguerra/dev/seneca/cv-project/data/IMG/center_2025_12_03_12_09_12_026.jpg,/Users/davidfeliperiveraguerra/dev/seneca/cv-project/data/IMG/left_2025_12_03_12_09_12_026.jpg,/Users/davidfeliperiveraguerra/dev/seneca/cv-project/data/IMG/right_2025_12_03_12_09_12_026.jpg,0,1,0,30.19032
/Users/davidfeliperiveraguerra/dev/seneca/cv-project/data/IMG/center_2025_12_03_12_09_12_098.jpg,/Users/davidfeliperiveraguerra/dev/seneca/cv-project/data/IMG/left_2025_12_03_12_09_12_098.jpg,/Users/davidfeliperiveraguerra/dev/seneca/cv-project/data/IMG/right_2025_12_03_12_09_12_098.jpg,0,1,0,30.19031
/Users/davidfeliperiveraguerra/dev/seneca/cv-project/data/IMG/center_2025_12_03_12_09_12_170.jpg,/Users/davidfeliperiveraguerra/dev/seneca/cv-project/data/IMG/left_2025_12_03_12_09_12_170.jpg,/Users/davidfeliperiveraguerra/dev/seneca/cv-project/data/IMG/right_2025_12_03_12_09_12_170.jpg,0,1,0,30.19026
/Users/davidfeliperiveraguerra/dev/seneca/cv-project/data/IMG/center_2025_12_03_12_09_12_242.jpg,/Users/davidfeliperiveraguerra/dev/seneca/cv-project/data/IMG/left_2025_12_03_12_09_12_242.jpg,/Users/davidfeliperiveraguerra/dev/seneca/cv-project/data/IMG/right_2025_12_03_12_09_12_242.jpg,0,1,0,30.19045
/Users/davidfeliperiveraguerra/dev/seneca/cv-project/data/IMG/center_2025_12_03_12_09_12_311.jpg,/Users/davidfeliperiveraguerra/dev/seneca/cv-project/data/IMG/left_2025_12_03_12_09_12_311.jpg,/Users/davidfeliperiveraguerra/dev/seneca/cv-project/data/IMG/right_2025_12_03_12_09_12_311.jpg,0,1,0,30.19035
/Users/davidfeliperiveraguerra/dev/seneca/cv-project/data/IMG/center_2025_12_03_12_09_12_381.jpg,/Users/davidfeliperiveraguerra/dev/seneca/cv-project/data/IMG/left_2025_12_03_12_09_12_381.jpg,/Users/davidfeliperiveraguerra/dev/seneca/cv-project/data/IMG/right_2025_12_03_12_09_12_381.jpg,0,1,0,30.19029
/Users/davidfeliperiveraguerra/dev/seneca/cv-project/data/IMG/center_2025_12_03_12_09_12_451.jpg,/Users/davidfeliperiveraguerra/dev/seneca/cv-project/data/IMG/left_2025_12_03_12_09_12_451.jpg,/Users/davidfeliperiveraguerra/dev/seneca/cv-project/data/IMG/right_2025_12_03_12_09_12_451.jpg,0,1,0,30.19029
/Users/davidfeliperiveraguerra/dev/seneca/cv-project/data/IMG/center_2025_12_03_12_09_12_524.jpg,/Users/davidfeliperiveraguerra/dev/seneca/cv-project/data/IMG/left_2025_12_03_12_09_12_524.jpg,/Users/davidfeliperiveraguerra/dev/seneca/cv-project/data/IMG/right_2025_12_03_12_09_12_524.jpg,0,1,0,30.19028
/Users/davidfeliperiveraguerra/dev/seneca/cv-project/data/IMG/center_2025_12_03_12_09_12_591.jpg,/Users/davidfeliperiveraguerra/dev/seneca/cv-project/data/IMG/left_2025_12_03_12_09_12_591.jpg,/Users/davidfeliperiveraguerra/dev/seneca/cv-project/data/IMG/right_2025_12_03_12_09_12_591.jpg,0,1,0,30.19029
/Users/davidfeliperiveraguerra/dev/seneca/cv-project/data/IMG/center_2025_12_03_12_09_12_664.jpg,/Users/davidfeliperiveraguerra/dev/seneca/cv-project/data/IMG/left_2025_12_03_12_09_12_664.jpg,/Users/davidfeliperiveraguerra/dev/seneca/cv-project/data/IMG/right_2025_12_03_12_09_12_664.jpg,0,1,0,30.19036
/Users/davidfeliperiveraguerra/dev/seneca/cv-project/data/IMG/center_2025_12_03_12_09_12_737.jpg,/Users/davidfeliperiveraguerra/dev/seneca/cv-project/data/IMG/left_2025_12_03_12_09_12_737.jpg,/Users/davidfeliperiveraguerra/dev/seneca/cv-project/data/IMG/right_2025_12_03_12_09_12_737.jpg,0,1,0,30.19032
/Users/davidfeliperiveraguerra/dev/seneca/cv-project/data/IMG/center_2025_12_03_12_09_12_809.jpg,/Users/davidfeliperiveraguerra/dev/seneca/cv-project/data/IMG/left_2025_12_03_12_09_12_809.jpg,/Users/davidfeliperiveraguerra/dev/seneca/cv-project/data/IMG/right_2025_12_03_12_09_12_809.jpg,0,1,0,30.19031
/Users/davidfeliperiveraguerra/dev/seneca/cv-project/data/IMG/center_2025_12_03_12_09_12_880.jpg,/Users/davidfeliperiveraguerra/dev/seneca/cv-project/data/IMG/left_2025_12_03_12_09_12_880.jpg,/Users/davidfeliperiveraguerra/dev/seneca/cv-project/data/IMG/right_2025_12_03_12_09_12_880.jpg,0,1,0,30.19032
/Users/davidfeliperiveraguerra/dev/seneca/cv-project/data/IMG/center_2025_12_03_12_09_12_948.jpg,/Users/davidfeliperiveraguerra/dev/seneca/cv-project/data/IMG/left_2025_12_03_12_09_12_948.jpg,/Users/davidfeliperiveraguerra/dev/seneca/cv-project/data/IMG/right_2025_12_03_12_09_12_948.jpg,0,1,0,30.19033
/Users/davidfeliperiveraguerra/dev/seneca/cv-project/data/IMG/center_2025_12_03_12_09_13_016.jpg,/Users/davidfeliperiveraguerra/dev/seneca/cv-project/data/IMG/left_2025_12_03_12_09_13_016.jpg,/Users/davidfeliperiveraguerra/dev/seneca/cv-project/data/IMG/right_2025_12_03_12_09_13_016.jpg,0,1,0,30.19032
/Users/davidfeliperiveraguerra/dev/seneca/cv-project/data/IMG/center_2025_12_03_12_09_13_084.jpg,/Users/davidfeliperiveraguerra/dev/seneca/cv-project/data/IMG/left_2025_12_03_12_09_13_084.jpg,/Users/davidfeliperiveraguerra/dev/seneca/cv-project/data/IMG/right_2025_12_03_12_09_13_084.jpg,0,1,0,30.19034
/Users/davidfeliperiveraguerra/dev/seneca/cv-project/data/IMG/center_2025_12_03_12_09_13_151.jpg,/Users/davidfeliperiveraguerra/dev/seneca/cv-project/data/IMG/left_2025_12_03_12_09_13_151.jpg,/Users/davidfeliperiveraguerra/dev/seneca/cv-project/data/IMG/right_2025_12_03_12_09_13_151.jpg,0,1,0,30.1903
/Users/davidfeliperiveraguerra/dev/seneca/cv-project/data/IMG/center_2025_12_03_12_09_13_224.jpg,/Users/davidfeliperiveraguerra/dev/seneca/cv-project/data/IMG/left_2025_12_03_12_09_13_224.jpg,/Users/davidfeliperiveraguerra/dev/seneca/cv-project/data/IMG/right_2025_12_03_12_09_13_224.jpg,0,1,0,30.19032
/Users/davidfeliperiveraguerra/dev/seneca/cv-project/data/IMG/center_2025_12_03_12_09_13_292.jpg,/Users/davidfeliperiveraguerra/dev/seneca/cv-project/data/IMG/left_2025_12_03_12_09_13_292.jpg,/Users/davidfeliperiveraguerra/dev/seneca/cv-project/data/IMG/right_2025_12_03_12_09_13_292.jpg,0,1,0,30.19039
/Users/davidfeliperiveraguerra/dev/seneca/cv-project/data/IMG/center_2025_12_03_12_09_13_364.jpg,/Users/davidfeliperiveraguerra/dev/seneca/cv-project/data/IMG/left_2025_12_03_12_09_13_364.jpg,/Users/davidfeliperiveraguerra/dev/seneca/cv-project/data/IMG/right_2025_12_03_12_09_13_364.jpg,0,1,0,30.19027
/Users/davidfeliperiveraguerra/dev/seneca/cv-project/data/IMG/center_2025_12_03_12_09_13_432.jpg,/Users/davidfeliperiveraguerra/dev/seneca/cv-project/data/IMG/left_2025_12_03_12_09_13_432.jpg,/Users/davidfeliperiveraguerra/dev/seneca/cv-project/data/IMG/right_2025_12_03_12_09_13_432.jpg,0,1,0,30.19029
/Users/davidfeliperiveraguerra/dev/seneca/cv-project/data/IMG/center_2025_12_03_12_09_13_504.jpg,/Users/davidfeliperiveraguerra/dev/seneca/cv-project/data/IMG/left_2025_12_03_12_09_13_504.jpg,/Users/davidfeliperiveraguerra/dev/seneca/cv-project/data/IMG/right_2025_12_03_12_09_13_504.jpg,0,1,0,30.1904
/Users/davidfeliperiveraguerra/dev/seneca/cv-project/data/IMG/center_2025_12_03_12_09_13_572.jpg,/Users/davidfeliperiveraguerra/dev/seneca/cv-project/data/IMG/left_2025_12_03_12_09_13_572.jpg,/Users/davidfeliperiveraguerra/dev/seneca/cv-project/data/IMG/right_2025_12_03_12_09_13_572.jpg,0,1,0,30.19027
/Users/davidfeliperiveraguerra/dev/seneca/cv-project/data/IMG/center_2025_12_03_12_09_13_643.jpg,/Users/davidfeliperiveraguerra/dev/seneca/cv-project/data/IMG/left_2025_12_03_12_09_13_643.jpg,/Users/davidfeliperiveraguerra/dev/seneca/cv-project/data/IMG/right_2025_12_03_12_09_13_643.jpg,0,1,0,30.19028
/Users/davidfeliperiveraguerra/dev/seneca/cv-project/data/IMG/center_2025_12_03_12_09_13_710.jpg,/Users/davidfeliperiveraguerra/dev/seneca/cv-project/data/IMG/left_2025_12_03_12_09_13_710.jpg,/Users/davidfeliperiveraguerra/dev/seneca/cv-project/data/IMG/right_2025_12_03_12_09_13_710.jpg,0,1,0,30.19027
/Users/davidfeliperiveraguerra/dev/seneca/cv-project/data/IMG/center_2025_12_03_12_09_13_777.jpg,/Users/davidfeliperiveraguerra/dev/seneca/cv-project/data/IMG/left_2025_12_03_12_09_13_777.jpg,/Users/davidfeliperiveraguerra/dev/seneca/cv-project/data/IMG/right_2025_12_03_12_09_13_777.jpg,0,1,0,30.19028
/Users/davidfeliperiveraguerra/dev/seneca/cv-project/data/IMG/center_2025_12_03_12_09_13_848.jpg,/Users/davidfeliperiveraguerra/dev/seneca/cv-project/data/IMG/left_2025_12_03_12_09_13_848.jpg,/Users/davidfeliperiveraguerra/dev/seneca/cv-project/data/IMG/right_2025_12_03_12_09_13_848.jpg,0,1,0,30.19029
/Users/davidfeliperiveraguerra/dev/seneca/cv-project/data/IMG/center_2025_12_03_12_09_13_918.jpg,/Users/davidfeliperiveraguerra/dev/seneca/cv-project/data/IMG/left_2025_12_03_12_09_13_918.jpg,/Users/davidfeliperiveraguerra/dev/seneca/cv-project/data/IMG/right_2025_12_03_12_09_13_918.jpg,0,1,0,30.19028
/Users/davidfeliperiveraguerra/dev/seneca/cv-project/data/IMG/center_2025_12_03_12_09_13_991.jpg,/Users/davidfeliperiveraguerra/dev/seneca/cv-project/data/IMG/left_2025_12_03_12_09_13_991.jpg,/Users/davidfeliperiveraguerra/dev/seneca/cv-project/data/IMG/right_2025_12_03_12_09_13_991.jpg,0,1,0,30.19025
/Users/davidfeliperiveraguerra/dev/seneca/cv-project/data/IMG/center_2025_12_03_12_09_14_063.jpg,/Users/davidfeliperiveraguerra/dev/seneca/cv-project/data/IMG/left_2025_12_03_12_09_14_063.jpg,/Users/davidfeliperiveraguerra/dev/seneca/cv-project/data/IMG/right_2025_12_03_12_09_14_063.jpg,0,1,0,30.1902
/Users/davidfeliperiveraguerra/dev/seneca/cv-project/data/IMG/center_2025_12_03_12_09_14_129.jpg,/Users/davidfeliperiveraguerra/dev/seneca/cv-project/data/IMG/left_2025_12_03_12_09_14_129.jpg,/Users/davidfeliperiveraguerra/dev/seneca/cv-project/data/IMG/right_2025_12_03_12_09_14_129.jpg,0,1,0,30.19027
/Users/davidfeliperiveraguerra/dev/seneca/cv-project/data/IMG/center_2025_12_03_12_09_14_201.jpg,/Users/davidfeliperiveraguerra/dev/seneca/cv-project/data/IMG/left_2025_12_03_12_09_14_201.jpg,/Users/davidfeliperiveraguerra/dev/seneca/cv-project/data/IMG/right_2025_12_03_12_09_14_201.jpg,0,1,0,30.19008
/Users/davidfeliperiveraguerra/dev/seneca/cv-project/data/IMG/center_2025_12_03_12_09_14_274.jpg,/Users/davidfeliperiveraguerra/dev/seneca/cv-project/data/IMG/left_2025_12_03_12_09_14_274.jpg,/Users/davidfeliperiveraguerra/dev/seneca/cv-project/data/IMG/right_2025_12_03_12_09_14_274.jpg,0,1,0,30.19018
/Users/davidfeliperiveraguerra/dev/seneca/cv-project/data/IMG/center_2025_12_03_12_09_14_341.jpg,/Users/davidfeliperiveraguerra/dev/seneca/cv-project/data/IMG/left_2025_12_03_12_09_14_341.jpg,/Users/davidfeliperiveraguerra/dev/seneca/cv-project/data/IMG/right_2025_12_03_12_09_14_341.jpg,0,1,0,30.1902
/Users/davidfeliperiveraguerra/dev/seneca/cv-project/data/IMG/center_2025_12_03_12_09_14_412.jpg,/Users/davidfeliperiveraguerra/dev/seneca/cv-project/data/IMG/left_2025_12_03_12_09_14_412.jpg,/Users/davidfeliperiveraguerra/dev/seneca/cv-project/data/IMG/right_2025_12_03_12_09_14_412.jpg,0,1,0,30.19019
/Users/davidfeliperiveraguerra/dev/seneca/cv-project/data/IMG/center_2025_12_03_12_09_14_482.jpg,/Users/davidfeliperiveraguerra/dev/seneca/cv-project/data/IMG/left_2025_12_03_12_09_14_482.jpg,/Users/davidfeliperiveraguerra/dev/seneca/cv-project/data/IMG/right_2025_12_03_12_09_14_482.jpg,0,1,0,30.1902
/Users/davidfeliperiveraguerra/dev/seneca/cv-project/data/IMG/center_2025_12_03_12_09_14_551.jpg,/Users/davidfeliperiveraguerra/dev/seneca/cv-project/data/IMG/left_2025_12_03_12_09_14_551.jpg,/Users/davidfeliperiveraguerra/dev/seneca/cv-project/data/IMG/right_2025_12_03_12_09_14_551.jpg,0,1,0,30.1902
/Users/davidfeliperiveraguerra/dev/seneca/cv-project/data/IMG/center_2025_12_03_12_09_14_619.jpg,/Users/davidfeliperiveraguerra/dev/seneca/cv-project/data/IMG/left_2025_12_03_12_09_14_619.jpg,/Users/davidfeliperiveraguerra/dev/seneca/cv-project/data/IMG/right_2025_12_03_12_09_14_619.jpg,0,1,0,30.1902
/Users/davidfeliperiveraguerra/dev/seneca/cv-project/data/IMG/center_2025_12_03_12_09_14_686.jpg,/Users/davidfeliperiveraguerra/dev/seneca/cv-project/data/IMG/left_2025_12_03_12_09_14_686.jpg,/Users/davidfeliperiveraguerra/dev/seneca/cv-project/data/IMG/right_2025_12_03_12_09_14_686.jpg,0,1,0,30.19008
/Users/davidfeliperiveraguerra/dev/seneca/cv-project/data/IMG/center_2025_12_03_12_09_14_757.jpg,/Users/davidfeliperiveraguerra/dev/seneca/cv-project/data/IMG/left_2025_12_03_12_09_14_757.jpg,/Users/davidfeliperiveraguerra/dev/seneca/cv-project/data/IMG/right_2025_12_03_12_09_14_757.jpg,0,1,0,30.1901
/Users/davidfeliperiveraguerra/dev/seneca/cv-project/data/IMG/center_2025_12_03_12_09_14_824.jpg,/Users/davidfeliperiveraguerra/dev/seneca/cv-project/data/IMG/left_2025_12_03_12_09_14_824.jpg,/Users/davidfeliperiveraguerra/dev/seneca/cv-project/data/IMG/right_2025_12_03_12_09_14_824.jpg,0,1,0,30.18991
/Users/davidfeliperiveraguerra/dev/seneca/cv-project/data/IMG/center_2025_12_03_12_09_14_891.jpg,/Users/davidfeliperiveraguerra/dev/seneca/cv-project/data/IMG/left_2025_12_03_12_09_14_891.jpg,/Users/davidfeliperiveraguerra/dev/seneca/cv-project/data/IMG/right_2025_12_03_12_09_14_891.jpg,-0.1,1,0,30.18759
/Users/davidfeliperiveraguerra/dev/seneca/cv-project/data/IMG/center_2025_12_03_12_09_14_960.jpg,/Users/davidfeliperiveraguerra/dev/seneca/cv-project/data/IMG/left_2025_12_03_12_09_14_960.jpg,/Users/davidfeliperiveraguerra/dev/seneca/cv-project/data/IMG/right_2025_12_03_12_09_14_960.jpg,-0.25,1,0,30.17496
/Users/davidfeliperiveraguerra/dev/seneca/cv-project/data/IMG/center_2025_12_03_12_09_15_030.jpg,/Users/davidfeliperiveraguerra/dev/seneca/cv-project/data/IMG/left_2025_12_03_12_09_15_030.jpg,/Users/davidfeliperiveraguerra/dev/seneca/cv-project/data/IMG/right_2025_12_03_12_09_15_030.jpg,0,1,0,30.18856
/Users/davidfeliperiveraguerra/dev/seneca/cv-project/data/IMG/center_2025_12_03_12_09_15_097.jpg,/Users/davidfeliperiveraguerra/dev/seneca/cv-project/data/IMG/left_2025_12_03_12_09_15_097.jpg,/Users/davidfeliperiveraguerra/dev/seneca/cv-project/data/IMG/right_2025_12_03_12_09_15_097.jpg,0,1,0,30.18987
/Users/davidfeliperiveraguerra/dev/seneca/cv-project/data/IMG/center_2025_12_03_12_09_15_166.jpg,/Users/davidfeliperiveraguerra/dev/seneca/cv-project/data/IMG/left_2025_12_03_12_09_15_166.jpg,/Users/davidfeliperiveraguerra/dev/seneca/cv-project/data/IMG/right_2025_12_03_12_09_15_166.jpg,0,1,0,30.19013
/Users/davidfeliperiveraguerra/dev/seneca/cv-project/data/IMG/center_2025_12_03_12_09_15_237.jpg,/Users/davidfeliperiveraguerra/dev/seneca/cv-project/data/IMG/left_2025_12_03_12_09_15_237.jpg,/Users/davidfeliperiveraguerra/dev/seneca/cv-project/data/IMG/right_2025_12_03_12_09_15_237.jpg,0,1,0,30.19036
/Users/davidfeliperiveraguerra/dev/seneca/cv-project/data/IMG/center_2025_12_03_12_09_15_304.jpg,/Users/davidfeliperiveraguerra/dev/seneca/cv-project/data/IMG/left_2025_12_03_12_09_15_304.jpg,/Users/davidfeliperiveraguerra/dev/seneca/cv-project/data/IMG/right_2025_12_03_12_09_15_304.jpg,-0.05,1,0,30.18957
/Users/davidfeliperiveraguerra/dev/seneca/cv-project/data/IMG/center_2025_12_03_12_09_15_371.jpg,/Users/davidfeliperiveraguerra/dev/seneca/cv-project/data/IMG/left_2025_12_03_12_09_15_371.jpg,/Users/davidfeliperiveraguerra/dev/seneca/cv-project/data/IMG/right_2025_12_03_12_09_15_371.jpg,-0.2,1,0,30.18052
/Users/davidfeliperiveraguerra/dev/seneca/cv-project/data/IMG/center_2025_12_03_12_09_15_441.jpg,/Users/davidfeliperiveraguerra/dev/seneca/cv-project/data/IMG/left_2025_12_03_12_09_15_441.jpg,/Users/davidfeliperiveraguerra/dev/seneca/cv-project/data/IMG/right_2025_12_03_12_09_15_441.jpg,-0.35,1,0,30.16449
/Users/davidfeliperiveraguerra/dev/seneca/cv-project/data/IMG/center_2025_12_03_12_09_15_511.jpg,/Users/davidfeliperiveraguerra/dev/seneca/cv-project/data/IMG/left_2025_12_03_12_09_15_511.jpg,/Users/davidfeliperiveraguerra/dev/seneca/cv-project/data/IMG/right_2025_12_03_12_09_15_511.jpg,-0.5500001,1,0,30.14012
/Users/davidfeliperiveraguerra/dev/seneca/cv-project/data/IMG/center_2025_12_03_12_09_15_582.jpg,/Users/davidfeliperiveraguerra/dev/seneca/cv-project/data/IMG/left_2025_12_03_12_09_15_582.jpg,/Users/davidfeliperiveraguerra/dev/seneca/cv-project/data/IMG/right_2025_12_03_12_09_15_582.jpg,0,1,0,30.18406
/Users/davidfeliperiveraguerra/dev/seneca/cv-project/data/IMG/center_2025_12_03_12_09_15_652.jpg,/Users/davidfeliperiveraguerra/dev/seneca/cv-project/data/IMG/left_2025_12_03_12_09_15_652.jpg,/Users/davidfeliperiveraguerra/dev/seneca/cv-project/data/IMG/right_2025_12_03_12_09_15_652.jpg,0,1,0,30.18931
/Users/davidfeliperiveraguerra/dev/seneca/cv-project/data/IMG/center_2025_12_03_12_09_15_795.jpg,/Users/davidfeliperiveraguerra/dev/seneca/cv-project/data/IMG/left_2025_12_03_12_09_15_795.jpg,/Users/davidfeliperiveraguerra/dev/seneca/cv-project/data/IMG/right_2025_12_03_12_09_15_795.jpg,0,1,0,30.19047
/Users/davidfeliperiveraguerra/dev/seneca/cv-project/data/IMG/center_2025_12_03_12_09_15_870.jpg,/Users/davidfeliperiveraguerra/dev/seneca/cv-project/data/IMG/left_2025_12_03_12_09_15_870.jpg,/Users/davidfeliperiveraguerra/dev/seneca/cv-project/data/IMG/right_2025_12_03_12_09_15_870.jpg,0,1,0,30.19031
/Users/davidfeliperiveraguerra/dev/seneca/cv-project/data/IMG/center_2025_12_03_12_09_15_941.jpg,/Users/davidfeliperiveraguerra/dev/seneca/cv-project/data/IMG/left_2025_12_03_12_09_15_941.jpg,/Users/davidfeliperiveraguerra/dev/seneca/cv-project/data/IMG/right_2025_12_03_12_09_15_941.jpg,-0.05,1,0,30.18984
/Users/davidfeliperiveraguerra/dev/seneca/cv-project/data/IMG/center_2025_12_03_12_09_16_011.jpg,/Users/davidfeliperiveraguerra/dev/seneca/cv-project/data/IMG/left_2025_12_03_12_09_16_011.jpg,/Users/davidfeliperiveraguerra/dev/seneca/cv-project/data/IMG/right_2025_12_03_12_09_16_011.jpg,-0.25,1,0,30.17579
/Users/davidfeliperiveraguerra/dev/seneca/cv-project/data/IMG/center_2025_12_03_12_09_16_078.jpg,/Users/davidfeliperiveraguerra/dev/seneca/cv-project/data/IMG/left_2025_12_03_12_09_16_078.jpg,/Users/davidfeliperiveraguerra/dev/seneca/cv-project/data/IMG/right_2025_12_03_12_09_16_078.jpg,0,1,0,30.19182
/Users/davidfeliperiveraguerra/dev/seneca/cv-project/data/IMG/center_2025_12_03_12_09_16_146.jpg,/Users/davidfeliperiveraguerra/dev/seneca/cv-project/data/IMG/left_2025_12_03_12_09_16_146.jpg,/Users/davidfeliperiveraguerra/dev/seneca/cv-project/data/IMG/right_2025_12_03_12_09_16_146.jpg,0,1,0,30.19007
/Users/davidfeliperiveraguerra/dev/seneca/cv-project/data/IMG/center_2025_12_03_12_09_16_214.jpg,/Users/davidfeliperiveraguerra/dev/seneca/cv-project/data/IMG/left_2025_12_03_12_09_16_214.jpg,/Users/davidfeliperiveraguerra/dev/seneca/cv-project/data/IMG/right_2025_12_03_12_09_16_214.jpg,0,1,0,30.19036
/Users/davidfeliperiveraguerra/dev/seneca/cv-project/data/IMG/center_2025_12_03_12_09_16_282.jpg,/Users/davidfeliperiveraguerra/dev/seneca/cv-project/data/IMG/left_2025_12_03_12_09_16_282.jpg,/Users/davidfeliperiveraguerra/dev/seneca/cv-project/data/IMG/right_2025_12_03_12_09_16_282.jpg,0,1,0,30.19046
/Users/davidfeliperiveraguerra/dev/seneca/cv-project/data/IMG/center_2025_12_03_12_09_16_352.jpg,/Users/davidfeliperiveraguerra/dev/seneca/cv-project/data/IMG/left_2025_12_03_12_09_16_352.jpg,/Users/davidfeliperiveraguerra/dev/seneca/cv-project/data/IMG/right_2025_12_03_12_09_16_352.jpg,0,1,0,30.1905
/Users/davidfeliperiveraguerra/dev/seneca/cv-project/data/IMG/center_2025_12_03_12_09_16_422.jpg,/Users/davidfeliperiveraguerra/dev/seneca/cv-project/data/IMG/left_2025_12_03_12_09_16_422.jpg,/Users/davidfeliperiveraguerra/dev/seneca/cv-project/data/IMG/right_2025_12_03_12_09_16_422.jpg,-0.15,1,0,30.18538
/Users/davidfeliperiveraguerra/dev/seneca/cv-project/data/IMG/center_2025_12_03_12_09_16_489.jpg,/Users/davidfeliperiveraguerra/dev/seneca/cv-project/data/IMG/left_2025_12_03_12_09_16_489.jpg,/Users/davidfeliperiveraguerra/dev/seneca/cv-project/data/IMG/right_2025_12_03_12_09_16_489.jpg,-0.3,1,0,30.16994
/Users/davidfeliperiveraguerra/dev/seneca/cv-project/data/IMG/center_2025_12_03_12_09_16_559.jpg,/Users/davidfeliperiveraguerra/dev/seneca/cv-project/data/IMG/left_2025_12_03_12_09_16_559.jpg,/Users/davidfeliperiveraguerra/dev/seneca/cv-project/data/IMG/right_2025_12_03_12_09_16_559.jpg,0,1,0,30.18132
/Users/davidfeliperiveraguerra/dev/seneca/cv-project/data/IMG/center_2025_12_03_12_09_16_626.jpg,/Users/davidfeliperiveraguerra/dev/seneca/cv-project/data/IMG/left_2025_12_03_12_09_16_626.jpg,/Users/davidfeliperiveraguerra/dev/seneca/cv-project/data/IMG/right_2025_12_03_12_09_16_626.jpg,0,1,0,30.18934
/Users/davidfeliperiveraguerra/dev/seneca/cv-project/data/IMG/center_2025_12_03_12_09_16_694.jpg,/Users/davidfeliperiveraguerra/dev/seneca/cv-project/data/IMG/left_2025_12_03_12_09_16_694.jpg,/Users/davidfeliperiveraguerra/dev/seneca/cv-project/data/IMG/right_2025_12_03_12_09_16_694.jpg,0,1,0,30.18941
/Users/davidfeliperiveraguerra/dev/seneca/cv-project/data/IMG/center_2025_12_03_12_09_16_761.jpg,/Users/davidfeliperiveraguerra/dev/seneca/cv-project/data/IMG/left_2025_12_03_12_09_16_761.jpg,/Users/davidfeliperiveraguerra/dev/seneca/cv-project/data/IMG/right_2025_12_03_12_09_16_761.jpg,0,1,0,30.19015
/Users/davidfeliperiveraguerra/dev/seneca/cv-project/data/IMG/center_2025_12_03_12_09_16_828.jpg,/Users/davidfeliperiveraguerra/dev/seneca/cv-project/data/IMG/left_2025_12_03_12_09_16_828.jpg,/Users/davidfeliperiveraguerra/dev/seneca/cv-project/data/IMG/right_2025_12_03_12_09_16_828.jpg,0,1,0,30.19039
/Users/davidfeliperiveraguerra/dev/seneca/cv-project/data/IMG/center_2025_12_03_12_09_16_898.jpg,/Users/davidfeliperiveraguerra/dev/seneca/cv-project/data/IMG/left_2025_12_03_12_09_16_898.jpg,/Users/davidfeliperiveraguerra/dev/seneca/cv-project/data/IMG/right_2025_12_03_12_09_16_898.jpg,0,1,0,30.19044
/Users/davidfeliperiveraguerra/dev/seneca/cv-project/data/IMG/center_2025_12_03_12_09_16_968.jpg,/Users/davidfeliperiveraguerra/dev/seneca/cv-project/data/IMG/left_2025_12_03_12_09_16_968.jpg,/Users/davidfeliperiveraguerra/dev/seneca/cv-project/data/IMG/right_2025_12_03_12_09_16_968.jpg,-0.05,1,0,30.18999
/Users/davidfeliperiveraguerra/dev/seneca/cv-project/data/IMG/center_2025_12_03_12_09_17_035.jpg,/Users/davidfeliperiveraguerra/dev/seneca/cv-project/data/IMG/left_2025_12_03_12_09_17_035.jpg,/Users/davidfeliperiveraguerra/dev/seneca/cv-project/data/IMG/right_2025_12_03_12_09_17_035.jpg,-0.2,1,0,30.17993
/Users/davidfeliperiveraguerra/dev/seneca/cv-project/data/IMG/center_2025_12_03_12_09_17_104.jpg,/Users/davidfeliperiveraguerra/dev/seneca/cv-project/data/IMG/left_2025_12_03_12_09_17_104.jpg,/Users/davidfeliperiveraguerra/dev/seneca/cv-project/data/IMG/right_2025_12_03_12_09_17_104.jpg,-0.4,1,0,30.15811
/Users/davidfeliperiveraguerra/dev/seneca/cv-project/data/IMG/center_2025_12_03_12_09_17_172.jpg,/Users/davidfeliperiveraguerra/dev/seneca/cv-project/data/IMG/left_2025_12_03_12_09_17_172.jpg,/Users/davidfeliperiveraguerra/dev/seneca/cv-project/data/IMG/right_2025_12_03_12_09_17_172.jpg,0,1,0,30.18726
/Users/davidfeliperiveraguerra/dev/seneca/cv-project/data/IMG/center_2025_12_03_12_09_17_239.jpg,/Users/davidfeliperiveraguerra/dev/seneca/cv-project/data/IMG/left_2025_12_03_12_09_17_239.jpg,/Users/davidfeliperiveraguerra/dev/seneca/cv-project/data/IMG/right_2025_12_03_12_09_17_239.jpg,0,1,0,30.18978
/Users/davidfeliperiveraguerra/dev/seneca/cv-project/data/IMG/center_2025_12_03_12_09_17_308.jpg,/Users/davidfeliperiveraguerra/dev/seneca/cv-project/data/IMG/left_2025_12_03_12_09_17_308.jpg,/Users/davidfeliperiveraguerra/dev/seneca/cv-project/data/IMG/right_2025_12_03_12_09_17_308.jpg,0,1,0,30.18975
/Users/davidfeliperiveraguerra/dev/seneca/cv-project/data/IMG/center_2025_12_03_12_09_17_378.jpg,/Users/davidfeliperiveraguerra/dev/seneca/cv-project/data/IMG/left_2025_12_03_12_09_17_378.jpg,/Users/davidfeliperiveraguerra/dev/seneca/cv-project/data/IMG/right_2025_12_03_12_09_17_378.jpg,-0.15,1,0,30.18677
/Users/davidfeliperiveraguerra/dev/seneca/cv-project/data/IMG/center_2025_12_03_12_09_17_448.jpg,/Users/davidfeliperiveraguerra/dev/seneca/cv-project/data/IMG/left_2025_12_03_12_09_17_448.jpg,/Users/davidfeliperiveraguerra/dev/seneca/cv-project/data/IMG/right_2025_12_03_12_09_17_448.jpg,-0.35,1,0,30.16663
/Users/davidfeliperiveraguerra/dev/seneca/cv-project/data/IMG/center_2025_12_03_12_09_17_515.jpg,/Users/davidfeliperiveraguerra/dev/seneca/cv-project/data/IMG/left_2025_12_03_12_09_17_515.jpg,/Users/davidfeliperiveraguerra/dev/seneca/cv-project/data/IMG/right_2025_12_03_12_09_17_515.jpg,-0.5000001,1,0,30.14818
/Users/davidfeliperiveraguerra/dev/seneca/cv-project/data/IMG/center_2025_12_03_12_09_17_582.jpg,/Users/davidfeliperiveraguerra/dev/seneca/cv-project/data/IMG/left_2025_12_03_12_09_17_582.jpg,/Users/davidfeliperiveraguerra/dev/seneca/cv-project/data/IMG/right_2025_12_03_12_09_17_582.jpg,0,1,0,30.17984
/Users/davidfeliperiveraguerra/dev/seneca/cv-project/data/IMG/center_2025_12_03_12_09_17_650.jpg,/Users/davidfeliperiveraguerra/dev/seneca/cv-project/data/IMG/left_2025_12_03_12_09_17_650.jpg,/Users/davidfeliperiveraguerra/dev/seneca/cv-project/data/IMG/right_2025_12_03_12_09_17_650.jpg,0,1,0,30.18689
/Users/davidfeliperiveraguerra/dev/seneca/cv-project/data/IMG/center_2025_12_03_12_09_17_719.jpg,/Users/davidfeliperiveraguerra/dev/seneca/cv-project/data/IMG/left_2025_12_03_12_09_17_719.jpg,/Users/davidfeliperiveraguerra/dev/seneca/cv-project/data/IMG/right_2025_12_03_12_09_17_719.jpg,0,1,0,30.19111
/Users/davidfeliperiveraguerra/dev/seneca/cv-project/data/IMG/center_2025_12_03_12_09_17_789.jpg,/Users/davidfeliperiveraguerra/dev/seneca/cv-project/data/IMG/left_2025_12_03_12_09_17_789.jpg,/Users/davidfeliperiveraguerra/dev/seneca/cv-project/data/IMG/right_2025_12_03_12_09_17_789.jpg,0,1,0,30.18983
/Users/davidfeliperiveraguerra/dev/seneca/cv-project/data/IMG/center_2025_12_03_12_09_17_858.jpg,/Users/davidfeliperiveraguerra/dev/seneca/cv-project/data/IMG/left_2025_12_03_12_09_17_858.jpg,/Users/davidfeliperiveraguerra/dev/seneca/cv-project/data/IMG/right_2025_12_03_12_09_17_858.jpg,0,1,0,30.19026
/Users/davidfeliperiveraguerra/dev/seneca/cv-project/data/IMG/center_2025_12_03_12_09_17_926.jpg,/Users/davidfeliperiveraguerra/dev/seneca/cv-project/data/IMG/left_2025_12_03_12_09_17_926.jpg,/Users/davidfeliperiveraguerra/dev/seneca/cv-project/data/IMG/right_2025_12_03_12_09_17_926.jpg,-0.05,1,0,30.18994
/Users/davidfeliperiveraguerra/dev/seneca/cv-project/data/IMG/center_2025_12_03_12_09_17_995.jpg,/Users/davidfeliperiveraguerra/dev/seneca/cv-project/data/IMG/left_2025_12_03_12_09_17_995.jpg,/Users/davidfeliperiveraguerra/dev/seneca/cv-project/data/IMG/right_2025_12_03_12_09_17_995.jpg,-0.2,1,0,30.18069
/Users/davidfeliperiveraguerra/dev/seneca/cv-project/data/IMG/center_2025_12_03_12_09_18_062.jpg,/Users/davidfeliperiveraguerra/dev/seneca/cv-project/data/IMG/left_2025_12_03_12_09_18_062.jpg,/Users/davidfeliperiveraguerra/dev/seneca/cv-project/data/IMG/right_2025_12_03_12_09_18_062.jpg,-0.35,1,0,30.16435
/Users/davidfeliperiveraguerra/dev/seneca/cv-project/data/IMG/center_2025_12_03_12_09_18_129.jpg,/Users/davidfeliperiveraguerra/dev/seneca/cv-project/data/IMG/left_2025_12_03_12_09_18_129.jpg,/Users/davidfeliperiveraguerra/dev/seneca/cv-project/data/IMG/right_2025_12_03_12_09_18_129.jpg,-0.5500001,1,0,30.13865
/Users/davidfeliperiveraguerra/dev/seneca/cv-project/data/IMG/center_2025_12_03_12_09_18_196.jpg,/Users/davidfeliperiveraguerra/dev/seneca/cv-project/data/IMG/left_2025_12_03_12_09_18_196.jpg,/Users/davidfeliperiveraguerra/dev/seneca/cv-project/data/IMG/right_2025_12_03_12_09_18_196.jpg,0,1,0,30.18032
/Users/davidfeliperiveraguerra/dev/seneca/cv-project/data/IMG/center_2025_12_03_12_09_18_266.jpg,/Users/davidfeliperiveraguerra/dev/seneca/cv-project/data/IMG/left_2025_12_03_12_09_18_266.jpg,/Users/davidfeliperiveraguerra/dev/seneca/cv-project/data/IMG/right_2025_12_03_12_09_18_266.jpg,0,1,0,30.1888
/Users/davidfeliperiveraguerra/dev/seneca/cv-project/data/IMG/center_2025_12_03_12_09_18_335.jpg,/Users/davidfeliperiveraguerra/dev/seneca/cv-project/data/IMG/left_2025_12_03_12_09_18_335.jpg,/Users/davidfeliperiveraguerra/dev/seneca/cv-project/data/IMG/right_2025_12_03_12_09_18_335.jpg,0,1,0,30.18964
/Users/davidfeliperiveraguerra/dev/seneca/cv-project/data/IMG/center_2025_12_03_12_09_18_405.jpg,/Users/davidfeliperiveraguerra/dev/seneca/cv-project/data/IMG/left_2025_12_03_12_09_18_405.jpg,/Users/davidfeliperiveraguerra/dev/seneca/cv-project/data/IMG/right_2025_12_03_12_09_18_405.jpg,0,1,0,30.19032
/Users/davidfeliperiveraguerra/dev/seneca/cv-project/data/IMG/center_2025_12_03_12_09_18_475.jpg,/Users/davidfeliperiveraguerra/dev/seneca/cv-project/data/IMG/left_2025_12_03_12_09_18_475.jpg,/Users/davidfeliperiveraguerra/dev/seneca/cv-project/data/IMG/right_2025_12_03_12_09_18_475.jpg,-0.1,1,0,30.18872
/Users/davidfeliperiveraguerra/dev/seneca/cv-project/data/IMG/center_2025_12_03_12_09_18_542.jpg,/Users/davidfeliperiveraguerra/dev/seneca/cv-project/data/IMG/left_2025_12_03_12_09_18_542.jpg,/Users/davidfeliperiveraguerra/dev/seneca/cv-project/data/IMG/right_2025_12_03_12_09_18_542.jpg,-0.25,1,0,30.17672
/Users/davidfeliperiveraguerra/dev/seneca/cv-project/data/IMG/center_2025_12_03_12_09_18_610.jpg,/Users/davidfeliperiveraguerra/dev/seneca/cv-project/data/IMG/left_2025_12_03_12_09_18_610.jpg,/Users/davidfeliperiveraguerra/dev/seneca/cv-project/data/IMG/right_2025_12_03_12_09_18_610.jpg,-0.45,1,0,30.15207
/Users/davidfeliperiveraguerra/dev/seneca/cv-project/data/IMG/center_2025_12_03_12_09_18_679.jpg,/Users/davidfeliperiveraguerra/dev/seneca/cv-project/data/IMG/left_2025_12_03_12_09_18_679.jpg,/Users/davidfeliperiveraguerra/dev/seneca/cv-project/data/IMG/right_2025_12_03_12_09_18_679.jpg,-0.6000001,1,0,30.13422
/Users/davidfeliperiveraguerra/dev/seneca/cv-project/data/IMG/center_2025_12_03_12_09_18_748.jpg,/Users/davidfeliperiveraguerra/dev/seneca/cv-project/data/IMG/left_2025_12_03_12_09_18_748.jpg,/Users/davidfeliperiveraguerra/dev/seneca/cv-project/data/IMG/right_2025_12_03_12_09_18_748.jpg,0,1,0,30.18511
/Users/davidfeliperiveraguerra/dev/seneca/cv-project/data/IMG/center_2025_12_03_12_09_18_816.jpg,/Users/davidfeliperiveraguerra/dev/seneca/cv-project/data/IMG/left_2025_12_03_12_09_18_816.jpg,/Users/davidfeliperiveraguerra/dev/seneca/cv-project/data/IMG/right_2025_12_03_12_09_18_816.jpg,0,1,0,30.1873
/Users/davidfeliperiveraguerra/dev/seneca/cv-project/data/IMG/center_2025_12_03_12_09_18_883.jpg,/Users/davidfeliperiveraguerra/dev/seneca/cv-project/data/IMG/left_2025_12_03_12_09_18_883.jpg,/Users/davidfeliperiveraguerra/dev/seneca/cv-project/data/IMG/right_2025_12_03_12_09_18_883.jpg,0,1,0,30.18963
/Users/davidfeliperiveraguerra/dev/seneca/cv-project/data/IMG/center_2025_12_03_12_09_18_953.jpg,/Users/davidfeliperiveraguerra/dev/seneca/cv-project/data/IMG/left_2025_12_03_12_09_18_953.jpg,/Users/davidfeliperiveraguerra/dev/seneca/cv-project/data/IMG/right_2025_12_03_12_09_18_953.jpg,0,1,0,30.18999
/Users/davidfeliperiveraguerra/dev/seneca/cv-project/data/IMG/center_2025_12_03_12_09_19_023.jpg,/Users/davidfeliperiveraguerra/dev/seneca/cv-project/data/IMG/left_2025_12_03_12_09_19_023.jpg,/Users/davidfeliperiveraguerra/dev/seneca/cv-project/data/IMG/right_2025_12_03_12_09_19_023.jpg,-0.15,1,0,30.18553
/Users/davidfeliperiveraguerra/dev/seneca/cv-project/data/IMG/center_2025_12_03_12_09_19_090.jpg,/Users/davidfeliperiveraguerra/dev/seneca/cv-project/data/IMG/left_2025_12_03_12_09_19_090.jpg,/Users/davidfeliperiveraguerra/dev/seneca/cv-project/data/IMG/right_2025_12_03_12_09_19_090.jpg,-0.3,1,0,30.17139
/Users/davidfeliperiveraguerra/dev/seneca/cv-project/data/IMG/center_2025_12_03_12_09_19_157.jpg,/Users/davidfeliperiveraguerra/dev/seneca/cv-project/data/IMG/left_2025_12_03_12_09_19_157.jpg,/Users/davidfeliperiveraguerra/dev/seneca/cv-project/data/IMG/right_2025_12_03_12_09_19_157.jpg,-0.45,1,0,30.15209
/Users/davidfeliperiveraguerra/dev/seneca/cv-project/data/IMG/center_2025_12_03_12_09_19_225.jpg,/Users/davidfeliperiveraguerra/dev/seneca/cv-project/data/IMG/left_2025_12_03_12_09_19_225.jpg,/Users/davidfeliperiveraguerra/dev/seneca/cv-project/data/IMG/right_2025_12_03_12_09_19_225.jpg,-0.6500001,1,0,30.12811
/Users/davidfeliperiveraguerra/dev/seneca/cv-project/data/IMG/center_2025_12_03_12_09_19_292.jpg,/Users/davidfeliperiveraguerra/dev/seneca/cv-project/data/IMG/left_2025_12_03_12_09_19_292.jpg,/Users/davidfeliperiveraguerra/dev/seneca/cv-project/data/IMG/right_2025_12_03_12_09_19_292.jpg,-0.8000001,1,0,30.11151
/Users/davidfeliperiveraguerra/dev/seneca/cv-project/data/IMG/center_2025_12_03_12_09_19_359.jpg,/Users/davidfeliperiveraguerra/dev/seneca/cv-project/data/IMG/left_2025_12_03_12_09_19_359.jpg,/Users/davidfeliperiveraguerra/dev/seneca/cv-project/data/IMG/right_2025_12_03_12_09_19_359.jpg,0,1,0,30.16757
/Users/davidfeliperiveraguerra/dev/seneca/cv-project/data/IMG/center_2025_12_03_12_09_19_428.jpg,/Users/davidfeliperiveraguerra/dev/seneca/cv-project/data/IMG/left_2025_12_03_12_09_19_428.jpg,/Users/davidfeliperiveraguerra/dev/seneca/cv-project/data/IMG/right_2025_12_03_12_09_19_428.jpg,0,1,0,30.18364
/Users/davidfeliperiveraguerra/dev/seneca/cv-project/data/IMG/center_2025_12_03_12_09_19_497.jpg,/Users/davidfeliperiveraguerra/dev/seneca/cv-project/data/IMG/left_2025_12_03_12_09_19_497.jpg,/Users/davidfeliperiveraguerra/dev/seneca/cv-project/data/IMG/right_2025_12_03_12_09_19_497.jpg,0,1,0,30.18857
/Users/davidfeliperiveraguerra/dev/seneca/cv-project/data/IMG/center_2025_12_03_12_09_19_568.jpg,/Users/davidfeliperiveraguerra/dev/seneca/cv-project/data/IMG/left_2025_12_03_12_09_19_568.jpg,/Users/davidfeliperiveraguerra/dev/seneca/cv-project/data/IMG/right_2025_12_03_12_09_19_568.jpg,0,1,0,30.19038
/Users/davidfeliperiveraguerra/dev/seneca/cv-project/data/IMG/center_2025_12_03_12_09_19_635.jpg,/Users/davidfeliperiveraguerra/dev/seneca/cv-project/data/IMG/left_2025_12_03_12_09_19_635.jpg,/Users/davidfeliperiveraguerra/dev/seneca/cv-project/data/IMG/right_2025_12_03_12_09_19_635.jpg,0,1,0,30.19056
/Users/davidfeliperiveraguerra/dev/seneca/cv-project/data/IMG/center_2025_12_03_12_09_19_706.jpg,/Users/davidfeliperiveraguerra/dev/seneca/cv-project/data/IMG/left_2025_12_03_12_09_19_706.jpg,/Users/davidfeliperiveraguerra/dev/seneca/cv-project/data/IMG/right_2025_12_03_12_09_19_706.jpg,0,1,0,30.19027
/Users/davidfeliperiveraguerra/dev/seneca/cv-project/data/IMG/center_2025_12_03_12_09_19_773.jpg,/Users/davidfeliperiveraguerra/dev/seneca/cv-project/data/IMG/left_2025_12_03_12_09_19_773.jpg,/Users/davidfeliperiveraguerra/dev/seneca/cv-project/data/IMG/right_2025_12_03_12_09_19_773.jpg,-0.1,1,0,30.1879
/Users/davidfeliperiveraguerra/dev/seneca/cv-project/data/IMG/center_2025_12_03_12_09_19_844.jpg,/Users/davidfeliperiveraguerra/dev/seneca/cv-project/data/IMG/left_2025_12_03_12_09_19_844.jpg,/Users/davidfeliperiveraguerra/dev/seneca/cv-project/data/IMG/right_2025_12_03_12_09_19_844.jpg,-0.3,1,0,30.17015
/Users/davidfeliperiveraguerra/dev/seneca/cv-project/data/IMG/center_2025_12_03_12_09_19_911.jpg,/Users/davidfeliperiveraguerra/dev/seneca/cv-project/data/IMG/left_2025_12_03_12_09_19_911.jpg,/Users/davidfeliperiveraguerra/dev/seneca/cv-project/data/IMG/right_2025_12_03_12_09_19_911.jpg,-0.45,1,0,30.1508
/Users/davidfeliperiveraguerra/dev/seneca/cv-project/data/IMG/center_2025_12_03_12_09_19_978.jpg,/Users/davidfeliperiveraguerra/dev/seneca/cv-project/data/IMG/left_2025_12_03_12_09_19_978.jpg,/Users/davidfeliperiveraguerra/dev/seneca/cv-project/data/IMG/right_2025_12_03_12_09_19_978.jpg,0,1,0,30.18526
/Users/davidfeliperiveraguerra/dev/seneca/cv-project/data/IMG/center_2025_12_03_12_09_20_045.jpg,/Users/davidfeliperiveraguerra/dev/seneca/cv-project/data/IMG/left_2025_12_03_12_09_20_045.jpg,/Users/davidfeliperiveraguerra/dev/seneca/cv-project/data/IMG/right_2025_12_03_12_09_20_045.jpg,0,1,0,30.189
/Users/davidfeliperiveraguerra/dev/seneca/cv-project/data/IMG/center_2025_12_03_12_09_20_112.jpg,/Users/davidfeliperiveraguerra/dev/seneca/cv-project/data/IMG/left_2025_12_03_12_09_20_112.jpg,/Users/davidfeliperiveraguerra/dev/seneca/cv-project/data/IMG/right_2025_12_03_12_09_20_112.jpg,0,1,0,30.19002
/Users/davidfeliperiveraguerra/dev/seneca/cv-project/data/IMG/center_2025_12_03_12_09_20_183.jpg,/Users/davidfeliperiveraguerra/dev/seneca/cv-project/data/IMG/left_2025_12_03_12_09_20_183.jpg,/Users/davidfeliperiveraguerra/dev/seneca/cv-project/data/IMG/right_2025_12_03_12_09_20_183.jpg,-0.05,1,0,30.19017
/Users/davidfeliperiveraguerra/dev/seneca/cv-project/data/IMG/center_2025_12_03_12_09_20_250.jpg,/Users/davidfeliperiveraguerra/dev/seneca/cv-project/data/IMG/left_2025_12_03_12_09_20_250.jpg,/Users/davidfeliperiveraguerra/dev/seneca/cv-project/data/IMG/right_2025_12_03_12_09_20_250.jpg,-0.2,1,0,30.18208
/Users/davidfeliperiveraguerra/dev/seneca/cv-project/data/IMG/center_2025_12_03_12_09_20_320.jpg,/Users/davidfeliperiveraguerra/dev/seneca/cv-project/data/IMG/left_2025_12_03_12_09_20_320.jpg,/Users/davidfeliperiveraguerra/dev/seneca/cv-project/data/IMG/right_2025_12_03_12_09_20_320.jpg,-0.35,1,0,30.16688
/Users/davidfeliperiveraguerra/dev/seneca/cv-project/data/IMG/center_2025_12_03_12_09_20_393.jpg,/Users/davidfeliperiveraguerra/dev/seneca/cv-project/data/IMG/left_2025_12_03_12_09_20_393.jpg,/Users/davidfeliperiveraguerra/dev/seneca/cv-project/data/IMG/right_2025_12_03_12_09_20_393.jpg,0,1,0,30.18661
/Users/davidfeliperiveraguerra/dev/seneca/cv-project/data/IMG/center_2025_12_03_12_09_20_465.jpg,/Users/davidfeliperiveraguerra/dev/seneca/cv-project/data/IMG/left_2025_12_03_12_09_20_465.jpg,/Users/davidfeliperiveraguerra/dev/seneca/cv-project/data/IMG/right_2025_12_03_12_09_20_465.jpg,0,1,0,30.1893
/Users/davidfeliperiveraguerra/dev/seneca/cv-project/data/IMG/center_2025_12_03_12_09_20_536.jpg,/Users/davidfeliperiveraguerra/dev/seneca/cv-project/data/IMG/left_2025_12_03_12_09_20_536.jpg,/Users/davidfeliperiveraguerra/dev/seneca/cv-project/data/IMG/right_2025_12_03_12_09_20_536.jpg,0,1,0,30.19185
/Users/davidfeliperiveraguerra/dev/seneca/cv-project/data/IMG/center_2025_12_03_12_09_20_603.jpg,/Users/davidfeliperiveraguerra/dev/seneca/cv-project/data/IMG/left_2025_12_03_12_09_20_603.jpg,/Users/davidfeliperiveraguerra/dev/seneca/cv-project/data/IMG/right_2025_12_03_12_09_20_603.jpg,-0.05,1,0,30.18957
/Users/davidfeliperiveraguerra/dev/seneca/cv-project/data/IMG/center_2025_12_03_12_09_20_670.jpg,/Users/davidfeliperiveraguerra/dev/seneca/cv-project/data/IMG/left_2025_12_03_12_09_20_670.jpg,/Users/davidfeliperiveraguerra/dev/seneca/cv-project/data/IMG/right_2025_12_03_12_09_20_670.jpg,-0.2,1,0,30.18153
/Users/davidfeliperiveraguerra/dev/seneca/cv-project/data/IMG/center_2025_12_03_12_09_20_744.jpg,/Users/davidfeliperiveraguerra/dev/seneca/cv-project/data/IMG/left_2025_12_03_12_09_20_744.jpg,/Users/davidfeliperiveraguerra/dev/seneca/cv-project/data/IMG/right_2025_12_03_12_09_20_744.jpg,-0.4,1,0,30.15931
/Users/davidfeliperiveraguerra/dev/seneca/cv-project/data/IMG/center_2025_12_03_12_09_20_815.jpg,/Users/davidfeliperiveraguerra/dev/seneca/cv-project/data/IMG/left_2025_12_03_12_09_20_815.jpg,/Users/davidfeliperiveraguerra/dev/seneca/cv-project/data/IMG/right_2025_12_03_12_09_20_815.jpg,0,1,0,30.18756
/Users/davidfeliperiveraguerra/dev/seneca/cv-project/data/IMG/center_2025_12_03_12_09_20_887.jpg,/Users/davidfeliperiveraguerra/dev/seneca/cv-project/data/IMG/left_2025_12_03_12_09_20_887.jpg,/Users/davidfeliperiveraguerra/dev/seneca/cv-project/data/IMG/right_2025_12_03_12_09_20_887.jpg,0,1,0,30.18993
/Users/davidfeliperiveraguerra/dev/seneca/cv-project/data/IMG/center_2025_12_03_12_09_20_960.jpg,/Users/davidfeliperiveraguerra/dev/seneca/cv-project/data/IMG/left_2025_12_03_12_09_20_960.jpg,/Users/davidfeliperiveraguerra/dev/seneca/cv-project/data/IMG/right_2025_12_03_12_09_20_960.jpg,0,1,0,30.19024
/Users/davidfeliperiveraguerra/dev/seneca/cv-project/data/IMG/center_2025_12_03_12_09_21_028.jpg,/Users/davidfeliperiveraguerra/dev/seneca/cv-project/data/IMG/left_2025_12_03_12_09_21_028.jpg,/Users/davidfeliperiveraguerra/dev/seneca/cv-project/data/IMG/right_2025_12_03_12_09_21_028.jpg,-0.2,1,0,30.18363
/Users/davidfeliperiveraguerra/dev/seneca/cv-project/data/IMG/center_2025_12_03_12_09_21_099.jpg,/Users/davidfeliperiveraguerra/dev/seneca/cv-project/data/IMG/left_2025_12_03_12_09_21_099.jpg,/Users/davidfeliperiveraguerra/dev/seneca/cv-project/data/IMG/right_2025_12_03_12_09_21_099.jpg,-0.35,1,0,30.16513
/Users/davidfeliperiveraguerra/dev/seneca/cv-project/data/IMG/center_2025_12_03_12_09_21_166.jpg,/Users/davidfeliperiveraguerra/dev/seneca/cv-project/data/IMG/left_2025_12_03_12_09_21_166.jpg,/Users/davidfeliperiveraguerra/dev/seneca/cv-project/data/IMG/right_2025_12_03_12_09_21_166.jpg,-0.5500001,1,0,30.14113
/Users/davidfeliperiveraguerra/dev/seneca/cv-project/data/IMG/center_2025_12_03_12_09_21_236.jpg,/Users/davidfeliperiveraguerra/dev/seneca/cv-project/data/IMG/left_2025_12_03_12_09_21_236.jpg,/Users/davidfeliperiveraguerra/dev/seneca/cv-project/data/IMG/right_2025_12_03_12_09_21_236.jpg,0,1,0,30.18516
/Users/davidfeliperiveraguerra/dev/seneca/cv-project/data/IMG/center_2025_12_03_12_09_21_304.jpg,/Users/davidfeliperiveraguerra/dev/seneca/cv-project/data/IMG/left_2025_12_03_12_09_21_304.jpg,/Users/davidfeliperiveraguerra/dev/seneca/cv-project/data/IMG/right_2025_12_03_12_09_21_304.jpg,0,1,0,30.18876
/Users/davidfeliperiveraguerra/dev/seneca/cv-project/data/IMG/center_2025_12_03_12_09_21_377.jpg,/Users/davidfeliperiveraguerra/dev/seneca/cv-project/data/IMG/left_2025_12_03_12_09_21_377.jpg,/Users/davidfeliperiveraguerra/dev/seneca/cv-project/data/IMG/right_2025_12_03_12_09_21_377.jpg,0,1,0,30.18995
/Users/davidfeliperiveraguerra/dev/seneca/cv-project/data/IMG/center_2025_12_03_12_09_21_447.jpg,/Users/davidfeliperiveraguerra/dev/seneca/cv-project/data/IMG/left_2025_12_03_12_09_21_447.jpg,/Users/davidfeliperiveraguerra/dev/seneca/cv-project/data/IMG/right_2025_12_03_12_09_21_447.jpg,0,1,0,30.19036
/Users/davidfeliperiveraguerra/dev/seneca/cv-project/data/IMG/center_2025_12_03_12_09_21_518.jpg,/Users/davidfeliperiveraguerra/dev/seneca/cv-project/data/IMG/left_2025_12_03_12_09_21_518.jpg,/Users/davidfeliperiveraguerra/dev/seneca/cv-project/data/IMG/right_2025_12_03_12_09_21_518.jpg,0,1,0,30.1904
/Users/davidfeliperiveraguerra/dev/seneca/cv-project/data/IMG/center_2025_12_03_12_09_21_589.jpg,/Users/davidfeliperiveraguerra/dev/seneca/cv-project/data/IMG/left_2025_12_03_12_09_21_589.jpg,/Users/davidfeliperiveraguerra/dev/seneca/cv-project/data/IMG/right_2025_12_03_12_09_21_589.jpg,0,1,0,30.19045
/Users/davidfeliperiveraguerra/dev/seneca/cv-project/data/IMG/center_2025_12_03_12_09_21_661.jpg,/Users/davidfeliperiveraguerra/dev/seneca/cv-project/data/IMG/left_2025_12_03_12_09_21_661.jpg,/Users/davidfeliperiveraguerra/dev/seneca/cv-project/data/IMG/right_2025_12_03_12_09_21_661.jpg,0,1,0,30.19041
/Users/davidfeliperiveraguerra/dev/seneca/cv-project/data/IMG/center_2025_12_03_12_09_21_730.jpg,/Users/davidfeliperiveraguerra/dev/seneca/cv-project/data/IMG/left_2025_12_03_12_09_21_730.jpg,/Users/davidfeliperiveraguerra/dev/seneca/cv-project/data/IMG/right_2025_12_03_12_09_21_730.jpg,-0.1,1,0,30.18799
/Users/davidfeliperiveraguerra/dev/seneca/cv-project/data/IMG/center_2025_12_03_12_09_21_797.jpg,/Users/davidfeliperiveraguerra/dev/seneca/cv-project/data/IMG/left_2025_12_03_12_09_21_797.jpg,/Users/davidfeliperiveraguerra/dev/seneca/cv-project/data/IMG/right_2025_12_03_12_09_21_797.jpg,-0.25,1,0,30.17537
/Users/davidfeliperiveraguerra/dev/seneca/cv-project/data/IMG/center_2025_12_03_12_09_21_867.jpg,/Users/davidfeliperiveraguerra/dev/seneca/cv-project/data/IMG/left_2025_12_03_12_09_21_867.jpg,/Users/davidfeliperiveraguerra/dev/seneca/cv-project/data/IMG/right_2025_12_03_12_09_21_867.jpg,0,1,0,30.18851
/Users/davidfeliperiveraguerra/dev/seneca/cv-project/data/IMG/center_2025_12_03_12_09_21_935.jpg,/Users/davidfeliperiveraguerra/dev/seneca/cv-project/data/IMG/left_2025_12_03_12_09_21_935.jpg,/Users/davidfeliperiveraguerra/dev/seneca/cv-project/data/IMG/right_2025_12_03_12_09_21_935.jpg,0,1,0,30.18982
/Users/davidfeliperiveraguerra/dev/seneca/cv-project/data/IMG/center_2025_12_03_12_09_22_006.jpg,/Users/davidfeliperiveraguerra/dev/seneca/cv-project/data/IMG/left_2025_12_03_12_09_22_006.jpg,/Users/davidfeliperiveraguerra/dev/seneca/cv-project/data/IMG/right_2025_12_03_12_09_22_006.jpg,0,1,0,30.19024
/Users/davidfeliperiveraguerra/dev/seneca/cv-project/data/IMG/center_2025_12_03_12_09_22_077.jpg,/Users/davidfeliperiveraguerra/dev/seneca/cv-project/data/IMG/left_2025_12_03_12_09_22_077.jpg,/Users/davidfeliperiveraguerra/dev/seneca/cv-project/data/IMG/right_2025_12_03_12_09_22_077.jpg,0,1,0,30.18937
/Users/davidfeliperiveraguerra/dev/seneca/cv-project/data/IMG/center_2025_12_03_12_09_22_149.jpg,/Users/davidfeliperiveraguerra/dev/seneca/cv-project/data/IMG/left_2025_12_03_12_09_22_149.jpg,/Users/davidfeliperiveraguerra/dev/seneca/cv-project/data/IMG/right_2025_12_03_12_09_22_149.jpg,-0.15,1,0,30.18476
/Users/davidfeliperiveraguerra/dev/seneca/cv-project/data/IMG/center_2025_12_03_12_09_22_221.jpg,/Users/davidfeliperiveraguerra/dev/seneca/cv-project/data/IMG/left_2025_12_03_12_09_22_221.jpg,/Users/davidfeliperiveraguerra/dev/seneca/cv-project/data/IMG/right_2025_12_03_12_09_22_221.jpg,-0.3,1,0,30.17017
/Users/davidfeliperiveraguerra/dev/seneca/cv-project/data/IMG/center_2025_12_03_12_09_22_288.jpg,/Users/davidfeliperiveraguerra/dev/seneca/cv-project/data/IMG/left_2025_12_03_12_09_22_288.jpg,/Users/davidfeliperiveraguerra/dev/seneca/cv-project/data/IMG/right_2025_12_03_12_09_22_288.jpg,0,1,0,30.17945
/Users/davidfeliperiveraguerra/dev/seneca/cv-project/data/IMG/center_2025_12_03_12_09_22_360.jpg,/Users/davidfeliperiveraguerra/dev/seneca/cv-project/data/IMG/left_2025_12_03_12_09_22_360.jpg,/Users/davidfeliperiveraguerra/dev/seneca/cv-project/data/IMG/right_2025_12_03_12_09_22_360.jpg,0,1,0,30.18826
/Users/davidfeliperiveraguerra/dev/seneca/cv-project/data/IMG/center_2025_12_03_12_09_22_427.jpg,/Users/davidfeliperiveraguerra/dev/seneca/cv-project/data/IMG/left_2025_12_03_12_09_22_427.jpg,/Users/davidfeliperiveraguerra/dev/seneca/cv-project/data/IMG/right_2025_12_03_12_09_22_427.jpg,0,1,0,30.18993
/Users/davidfeliperiveraguerra/dev/seneca/cv-project/data/IMG/center_2025_12_03_12_09_22_494.jpg,/Users/davidfeliperiveraguerra/dev/seneca/cv-project/data/IMG/left_2025_12_03_12_09_22_494.jpg,/Users/davidfeliperiveraguerra/dev/seneca/cv-project/data/IMG/right_2025_12_03_12_09_22_494.jpg,0,1,0,30.19027
/Users/davidfeliperiveraguerra/dev/seneca/cv-project/data/IMG/center_2025_12_03_12_09_22_566.jpg,/Users/davidfeliperiveraguerra/dev/seneca/cv-project/data/IMG/left_2025_12_03_12_09_22_566.jpg,/Users/davidfeliperiveraguerra/dev/seneca/cv-project/data/IMG/right_2025_12_03_12_09_22_566.jpg,-0.2,1,0,30.18229
/Users/davidfeliperiveraguerra/dev/seneca/cv-project/data/IMG/center_2025_12_03_12_09_22_632.jpg,/Users/davidfeliperiveraguerra/dev/seneca/cv-project/data/IMG/left_2025_12_03_12_09_22_632.jpg,/Users/davidfeliperiveraguerra/dev/seneca/cv-project/data/IMG/right_2025_12_03_12_09_22_632.jpg,0,1,0,30.19053
/Users/davidfeliperiveraguerra/dev/seneca/cv-project/data/IMG/center_2025_12_03_12_09_22_704.jpg,/Users/davidfeliperiveraguerra/dev/seneca/cv-project/data/IMG/left_2025_12_03_12_09_22_704.jpg,/Users/davidfeliperiveraguerra/dev/seneca/cv-project/data/IMG/right_2025_12_03_12_09_22_704.jpg,0,1,0,30.18992
/Users/davidfeliperiveraguerra/dev/seneca/cv-project/data/IMG/center_2025_12_03_12_09_22_777.jpg,/Users/davidfeliperiveraguerra/dev/seneca/cv-project/data/IMG/left_2025_12_03_12_09_22_777.jpg,/Users/davidfeliperiveraguerra/dev/seneca/cv-project/data/IMG/right_2025_12_03_12_09_22_777.jpg,0,1,0,30.19008
/Users/davidfeliperiveraguerra/dev/seneca/cv-project/data/IMG/center_2025_12_03_12_09_22_849.jpg,/Users/davidfeliperiveraguerra/dev/seneca/cv-project/data/IMG/left_2025_12_03_12_09_22_849.jpg,/Users/davidfeliperiveraguerra/dev/seneca/cv-project/data/IMG/right_2025_12_03_12_09_22_849.jpg,0,1,0,30.19027
/Users/davidfeliperiveraguerra/dev/seneca/cv-project/data/IMG/center_2025_12_03_12_09_22_920.jpg,/Users/davidfeliperiveraguerra/dev/seneca/cv-project/data/IMG/left_2025_12_03_12_09_22_920.jpg,/Users/davidfeliperiveraguerra/dev/seneca/cv-project/data/IMG/right_2025_12_03_12_09_22_920.jpg,-0.05,1,0,30.18882
/Users/davidfeliperiveraguerra/dev/seneca/cv-project/data/IMG/center_2025_12_03_12_09_22_988.jpg,/Users/davidfeliperiveraguerra/dev/seneca/cv-project/data/IMG/left_2025_12_03_12_09_22_988.jpg,/Users/davidfeliperiveraguerra/dev/seneca/cv-project/data/IMG/right_2025_12_03_12_09_22_988.jpg,-0.25,1,0,30.17525
/Users/davidfeliperiveraguerra/dev/seneca/cv-project/data/IMG/center_2025_12_03_12_09_23_055.jpg,/Users/davidfeliperiveraguerra/dev/seneca/cv-project/data/IMG/left_2025_12_03_12_09_23_055.jpg,/Users/davidfeliperiveraguerra/dev/seneca/cv-project/data/IMG/right_2025_12_03_12_09_23_055.jpg,-0.4,1,0,30.15828
/Users/davidfeliperiveraguerra/dev/seneca/cv-project/data/IMG/center_2025_12_03_12_09_23_127.jpg,/Users/davidfeliperiveraguerra/dev/seneca/cv-project/data/IMG/left_2025_12_03_12_09_23_127.jpg,/Users/davidfeliperiveraguerra/dev/seneca/cv-project/data/IMG/right_2025_12_03_12_09_23_127.jpg,0,1,0,30.18653
/Users/davidfeliperiveraguerra/dev/seneca/cv-project/data/IMG/center_2025_12_03_12_09_23_194.jpg,/Users/davidfeliperiveraguerra/dev/seneca/cv-project/data/IMG/left_2025_12_03_12_09_23_194.jpg,/Users/davidfeliperiveraguerra/dev/seneca/cv-project/data/IMG/right_2025_12_03_12_09_23_194.jpg,0,1,0,30.18933
/Users/davidfeliperiveraguerra/dev/seneca/cv-project/data/IMG/center_2025_12_03_12_09_23_265.jpg,/Users/davidfeliperiveraguerra/dev/seneca/cv-project/data/IMG/left_2025_12_03_12_09_23_265.jpg,/Users/davidfeliperiveraguerra/dev/seneca/cv-project/data/IMG/right_2025_12_03_12_09_23_265.jpg,0,1,0,30.19021
/Users/davidfeliperiveraguerra/dev/seneca/cv-project/data/IMG/center_2025_12_03_12_09_23_332.jpg,/Users/davidfeliperiveraguerra/dev/seneca/cv-project/data/IMG/left_2025_12_03_12_09_23_332.jpg,/Users/davidfeliperiveraguerra/dev/seneca/cv-project/data/IMG/right_2025_12_03_12_09_23_332.jpg,0,1,0,30.19038
/Users/davidfeliperiveraguerra/dev/seneca/cv-project/data/IMG/center_2025_12_03_12_09_23_399.jpg,/Users/davidfeliperiveraguerra/dev/seneca/cv-project/data/IMG/left_2025_12_03_12_09_23_399.jpg,/Users/davidfeliperiveraguerra/dev/seneca/cv-project/data/IMG/right_2025_12_03_12_09_23_399.jpg,-0.05,1,0,30.19014
/Users/davidfeliperiveraguerra/dev/seneca/cv-project/data/IMG/center_2025_12_03_12_09_23_466.jpg,/Users/davidfeliperiveraguerra/dev/seneca/cv-project/data/IMG/left_2025_12_03_12_09_23_466.jpg,/Users/davidfeliperiveraguerra/dev/seneca/cv-project/data/IMG/right_2025_12_03_12_09_23_466.jpg,-0.25,1,0,30.1763
/Users/davidfeliperiveraguerra/dev/seneca/cv-project/data/IMG/center_2025_12_03_12_09_23_537.jpg,/Users/davidfeliperiveraguerra/dev/seneca/cv-project/data/IMG/left_2025_12_03_12_09_23_537.jpg,/Users/davidfeliperiveraguerra/dev/seneca/cv-project/data/IMG/right_2025_12_03_12_09_23_537.jpg,0,1,0,30.18367
/Users/davidfeliperiveraguerra/dev/seneca/cv-project/data/IMG/center_2025_12_03_12_09_23_615.jpg,/Users/davidfeliperiveraguerra/dev/seneca/cv-project/data/IMG/left_2025_12_03_12_09_23_615.jpg,/Users/davidfeliperiveraguerra/dev/seneca/cv-project/data/IMG/right_2025_12_03_12_09_23_615.jpg,0,1,0,30.18938
/Users/davidfeliperiveraguerra/dev/seneca/cv-project/data/IMG/center_2025_12_03_12_09_23_683.jpg,/Users/davidfeliperiveraguerra/dev/seneca/cv-project/data/IMG/left_2025_12_03_12_09_23_683.jpg,/Users/davidfeliperiveraguerra/dev/seneca/cv-project/data/IMG/right_2025_12_03_12_09_23_683.jpg,0,1,0,30.19008
/Users/davidfeliperiveraguerra/dev/seneca/cv-project/data/IMG/center_2025_12_03_12_09_23_749.jpg,/Users/davidfeliperiveraguerra/dev/seneca/cv-project/data/IMG/left_2025_12_03_12_09_23_749.jpg,/Users/davidfeliperiveraguerra/dev/seneca/cv-project/data/IMG/right_2025_12_03_12_09_23_749.jpg,0,1,0,30.19038
/Users/davidfeliperiveraguerra/dev/seneca/cv-project/data/IMG/center_2025_12_03_12_09_23_817.jpg,/Users/davidfeliperiveraguerra/dev/seneca/cv-project/data/IMG/left_2025_12_03_12_09_23_817.jpg,/Users/davidfeliperiveraguerra/dev/seneca/cv-project/data/IMG/right_2025_12_03_12_09_23_817.jpg,0,1,0,30.18951
/Users/davidfeliperiveraguerra/dev/seneca/cv-project/data/IMG/center_2025_12_03_12_09_23_887.jpg,/Users/davidfeliperiveraguerra/dev/seneca/cv-project/data/IMG/left_2025_12_03_12_09_23_887.jpg,/Users/davidfeliperiveraguerra/dev/seneca/cv-project/data/IMG/right_2025_12_03_12_09_23_887.jpg,0,1,0,30.19008
/Users/davidfeliperiveraguerra/dev/seneca/cv-project/data/IMG/center_2025_12_03_12_09_23_957.jpg,/Users/davidfeliperiveraguerra/dev/seneca/cv-project/data/IMG/left_2025_12_03_12_09_23_957.jpg,/Users/davidfeliperiveraguerra/dev/seneca/cv-project/data/IMG/right_2025_12_03_12_09_23_957.jpg,-0.1,1,0,30.18793
/Users/davidfeliperiveraguerra/dev/seneca/cv-project/data/IMG/center_2025_12_03_12_09_24_028.jpg,/Users/davidfeliperiveraguerra/dev/seneca/cv-project/data/IMG/left_2025_12_03_12_09_24_028.jpg,/Users/davidfeliperiveraguerra/dev/seneca/cv-project/data/IMG/right_2025_12_03_12_09_24_028.jpg,-0.3,1,0,30.16992
/Users/davidfeliperiveraguerra/dev/seneca/cv-project/data/IMG/center_2025_12_03_12_09_24_096.jpg,/Users/davidfeliperiveraguerra/dev/seneca/cv-project/data/IMG/left_2025_12_03_12_09_24_096.jpg,/Users/davidfeliperiveraguerra/dev/seneca/cv-project/data/IMG/right_2025_12_03_12_09_24_096.jpg,-0.45,1,0,30.15232
/Users/davidfeliperiveraguerra/dev/seneca/cv-project/data/IMG/center_2025_12_03_12_09_24_166.jpg,/Users/davidfeliperiveraguerra/dev/seneca/cv-project/data/IMG/left_2025_12_03_12_09_24_166.jpg,/Users/davidfeliperiveraguerra/dev/seneca/cv-project/data/IMG/right_2025_12_03_12_09_24_166.jpg,0,1,0,30.18841
/Users/davidfeliperiveraguerra/dev/seneca/cv-project/data/IMG/center_2025_12_03_12_09_24_233.jpg,/Users/davidfeliperiveraguerra/dev/seneca/cv-project/data/IMG/left_2025_12_03_12_09_24_233.jpg,/Users/davidfeliperiveraguerra/dev/seneca/cv-project/data/IMG/right_2025_12_03_12_09_24_233.jpg,0,1,0,30.18984
/Users/davidfeliperiveraguerra/dev/seneca/cv-project/data/IMG/center_2025_12_03_12_09_24_305.jpg,/Users/davidfeliperiveraguerra/dev/seneca/cv-project/data/IMG/left_2025_12_03_12_09_24_305.jpg,/Users/davidfeliperiveraguerra/dev/seneca/cv-project/data/IMG/right_2025_12_03_12_09_24_305.jpg,0,1,0,30.19041
/Users/davidfeliperiveraguerra/dev/seneca/cv-project/data/IMG/center_2025_12_03_12_09_24_372.jpg,/Users/davidfeliperiveraguerra/dev/seneca/cv-project/data/IMG/left_2025_12_03_12_09_24_372.jpg,/Users/davidfeliperiveraguerra/dev/seneca/cv-project/data/IMG/right_2025_12_03_12_09_24_372.jpg,-0.15,1,0,30.1864
/Users/davidfeliperiveraguerra/dev/seneca/cv-project/data/IMG/center_2025_12_03_12_09_24_439.jpg,/Users/davidfeliperiveraguerra/dev/seneca/cv-project/data/IMG/left_2025_12_03_12_09_24_439.jpg,/Users/davidfeliperiveraguerra/dev/seneca/cv-project/data/IMG/right_2025_12_03_12_09_24_439.jpg,-0.3,1,0,30.17195
/Users/davidfeliperiveraguerra/dev/seneca/cv-project/data/IMG/center_2025_12_03_12_09_24_511.jpg,/Users/davidfeliperiveraguerra/dev/seneca/cv-project/data/IMG/left_2025_12_03_12_09_24_511.jpg,/Users/davidfeliperiveraguerra/dev/seneca/cv-project/data/IMG/right_2025_12_03_12_09_24_511.jpg,0,1,0,30.18961
/Users/davidfeliperiveraguerra/dev/seneca/cv-project/data/IMG/center_2025_12_03_12_09_24_583.jpg,/Users/davidfeliperiveraguerra/dev/seneca/cv-project/data/IMG/left_2025_12_03_12_09_24_583.jpg,/Users/davidfeliperiveraguerra/dev/seneca/cv-project/data/IMG/right_2025_12_03_12_09_24_583.jpg,0,1,0,30.18962
/Users/davidfeliperiveraguerra/dev/seneca/cv-project/data/IMG/center_2025_12_03_12_09_24_650.jpg,/Users/davidfeliperiveraguerra/dev/seneca/cv-project/data/IMG/left_2025_12_03_12_09_24_650.jpg,/Users/davidfeliperiveraguerra/dev/seneca/cv-project/data/IMG/right_2025_12_03_12_09_24_650.jpg,0,1,0,30.1903
/Users/davidfeliperiveraguerra/dev/seneca/cv-project/data/IMG/center_2025_12_03_12_09_24_722.jpg,/Users/davidfeliperiveraguerra/dev/seneca/cv-project/data/IMG/left_2025_12_03_12_09_24_722.jpg,/Users/davidfeliperiveraguerra/dev/seneca/cv-project/data/IMG/right_2025_12_03_12_09_24_722.jpg,0,1,0,30.19004
/Users/davidfeliperiveraguerra/dev/seneca/cv-project/data/IMG/center_2025_12_03_12_09_24_790.jpg,/Users/davidfeliperiveraguerra/dev/seneca/cv-project/data/IMG/left_2025_12_03_12_09_24_790.jpg,/Users/davidfeliperiveraguerra/dev/seneca/cv-project/data/IMG/right_2025_12_03_12_09_24_790.jpg,0,1,0,30.1901
/Users/davidfeliperiveraguerra/dev/seneca/cv-project/data/IMG/center_2025_12_03_12_09_24_861.jpg,/Users/davidfeliperiveraguerra/dev/seneca/cv-project/data/IMG/left_2025_12_03_12_09_24_861.jpg,/Users/davidfeliperiveraguerra/dev/seneca/cv-project/data/IMG/right_2025_12_03_12_09_24_861.jpg,-0.05,1,0,30.18992
/Users/davidfeliperiveraguerra/dev/seneca/cv-project/data/IMG/center_2025_12_03_12_09_24_928.jpg,/Users/davidfeliperiveraguerra/dev/seneca/cv-project/data/IMG/left_2025_12_03_12_09_24_928.jpg,/Users/davidfeliperiveraguerra/dev/seneca/cv-project/data/IMG/right_2025_12_03_12_09_24_928.jpg,-0.25,1,0,30.17579
/Users/davidfeliperiveraguerra/dev/seneca/cv-project/data/IMG/center_2025_12_03_12_09_25_000.jpg,/Users/davidfeliperiveraguerra/dev/seneca/cv-project/data/IMG/left_2025_12_03_12_09_25_000.jpg,/Users/davidfeliperiveraguerra/dev/seneca/cv-project/data/IMG/right_2025_12_03_12_09_25_000.jpg,0,1,0,30.18955
/Users/davidfeliperiveraguerra/dev/seneca/cv-project/data/IMG/center_2025_12_03_12_09_25_067.jpg,/Users/davidfeliperiveraguerra/dev/seneca/cv-project/data/IMG/left_2025_12_03_12_09_25_067.jpg,/Users/davidfeliperiveraguerra/dev/seneca/cv-project/data/IMG/right_2025_12_03_12_09_25_067.jpg,0,1,0,30.19041
/Users/davidfeliperiveraguerra/dev/seneca/cv-project/data/IMG/center_2025_12_03_12_09_25_134.jpg,/Users/davidfeliperiveraguerra/dev/seneca/cv-project/data/IMG/left_2025_12_03_12_09_25_134.jpg,/Users/davidfeliperiveraguerra/dev/seneca/cv-project/data/IMG/right_2025_12_03_12_09_25_134.jpg,0,1,0,30.19073
/Users/davidfeliperiveraguerra/dev/seneca/cv-project/data/IMG/center_2025_12_03_12_09_25_201.jpg,/Users/davidfeliperiveraguerra/dev/seneca/cv-project/data/IMG/left_2025_12_03_12_09_25_201.jpg,/Users/davidfeliperiveraguerra/dev/seneca/cv-project/data/IMG/right_2025_12_03_12_09_25_201.jpg,0,1,0,30.19027
/Users/davidfeliperiveraguerra/dev/seneca/cv-project/data/IMG/center_2025_12_03_12_09_25_270.jpg,/Users/davidfeliperiveraguerra/dev/seneca/cv-project/data/IMG/left_2025_12_03_12_09_25_270.jpg,/Users/davidfeliperiveraguerra/dev/seneca/cv-project/data/IMG/right_2025_12_03_12_09_25_270.jpg,0,1,0,30.19035
/Users/davidfeliperiveraguerra/dev/seneca/cv-project/data/IMG/center_2025_12_03_12_09_25_340.jpg,/Users/davidfeliperiveraguerra/dev/seneca/cv-project/data/IMG/left_2025_12_03_12_09_25_340.jpg,/Users/davidfeliperiveraguerra/dev/seneca/cv-project/data/IMG/right_2025_12_03_12_09_25_340.jpg,0,1,0,30.19073
/Users/davidfeliperiveraguerra/dev/seneca/cv-project/data/IMG/center_2025_12_03_12_09_25_408.jpg,/Users/davidfeliperiveraguerra/dev/seneca/cv-project/data/IMG/left_2025_12_03_12_09_25_408.jpg,/Users/davidfeliperiveraguerra/dev/seneca/cv-project/data/IMG/right_2025_12_03_12_09_25_408.jpg,0,1,0,30.19016
/Users/davidfeliperiveraguerra/dev/seneca/cv-project/data/IMG/center_2025_12_03_12_09_25_479.jpg,/Users/davidfeliperiveraguerra/dev/seneca/cv-project/data/IMG/left_2025_12_03_12_09_25_479.jpg,/Users/davidfeliperiveraguerra/dev/seneca/cv-project/data/IMG/right_2025_12_03_12_09_25_479.jpg,0,1,0,30.19041
/Users/davidfeliperiveraguerra/dev/seneca/cv-project/data/IMG/center_2025_12_03_12_09_25_548.jpg,/Users/davidfeliperiveraguerra/dev/seneca/cv-project/data/IMG/left_2025_12_03_12_09_25_548.jpg,/Users/davidfeliperiveraguerra/dev/seneca/cv-project/data/IMG/right_2025_12_03_12_09_25_548.jpg,0,1,0,30.19028
/Users/davidfeliperiveraguerra/dev/seneca/cv-project/data/IMG/center_2025_12_03_12_09_25_618.jpg,/Users/davidfeliperiveraguerra/dev/seneca/cv-project/data/IMG/left_2025_12_03_12_09_25_618.jpg,/Users/davidfeliperiveraguerra/dev/seneca/cv-project/data/IMG/right_2025_12_03_12_09_25_618.jpg,0,1,0,30.19032
/Users/davidfeliperiveraguerra/dev/seneca/cv-project/data/IMG/center_2025_12_03_12_09_25_685.jpg,/Users/davidfeliperiveraguerra/dev/seneca/cv-project/data/IMG/left_2025_12_03_12_09_25_685.jpg,/Users/davidfeliperiveraguerra/dev/seneca/cv-project/data/IMG/right_2025_12_03_12_09_25_685.jpg,0,1,0,30.19065
/Users/davidfeliperiveraguerra/dev/seneca/cv-project/data/IMG/center_2025_12_03_12_09_25_751.jpg,/Users/davidfeliperiveraguerra/dev/seneca/cv-project/data/IMG/left_2025_12_03_12_09_25_751.jpg,/Users/davidfeliperiveraguerra/dev/seneca/cv-project/data/IMG/right_2025_12_03_12_09_25_751.jpg,0,1,0,30.1903
/Users/davidfeliperiveraguerra/dev/seneca/cv-project/data/IMG/center_2025_12_03_12_09_25_823.jpg,/Users/davidfeliperiveraguerra/dev/seneca/cv-project/data/IMG/left_2025_12_03_12_09_25_823.jpg,/Users/davidfeliperiveraguerra/dev/seneca/cv-project/data/IMG/right_2025_12_03_12_09_25_823.jpg,0,1,0,30.19026
/Users/davidfeliperiveraguerra/dev/seneca/cv-project/data/IMG/center_2025_12_03_12_09_25_895.jpg,/Users/davidfeliperiveraguerra/dev/seneca/cv-project/data/IMG/left_2025_12_03_12_09_25_895.jpg,/Users/davidfeliperiveraguerra/dev/seneca/cv-project/data/IMG/right_2025_12_03_12_09_25_895.jpg,-0.1,1,0,30.18746
/Users/davidfeliperiveraguerra/dev/seneca/cv-project/data/IMG/center_2025_12_03_12_09_25_962.jpg,/Users/davidfeliperiveraguerra/dev/seneca/cv-project/data/IMG/left_2025_12_03_12_09_25_962.jpg,/Users/davidfeliperiveraguerra/dev/seneca/cv-project/data/IMG/right_2025_12_03_12_09_25_962.jpg,-0.25,1,0,30.17478
/Users/davidfeliperiveraguerra/dev/seneca/cv-project/data/IMG/center_2025_12_03_12_09_26_034.jpg,/Users/davidfeliperiveraguerra/dev/seneca/cv-project/data/IMG/left_2025_12_03_12_09_26_034.jpg,/Users/davidfeliperiveraguerra/dev/seneca/cv-project/data/IMG/right_2025_12_03_12_09_26_034.jpg,0,1,0,30.18997
/Users/davidfeliperiveraguerra/dev/seneca/cv-project/data/IMG/center_2025_12_03_12_09_26_101.jpg,/Users/davidfeliperiveraguerra/dev/seneca/cv-project/data/IMG/left_2025_12_03_12_09_26_101.jpg,/Users/davidfeliperiveraguerra/dev/seneca/cv-project/data/IMG/right_2025_12_03_12_09_26_101.jpg,0,1,0,30.18912
/Users/davidfeliperiveraguerra/dev/seneca/cv-project/data/IMG/center_2025_12_03_12_09_26_169.jpg,/Users/davidfeliperiveraguerra/dev/seneca/cv-project/data/IMG/left_2025_12_03_12_09_26_169.jpg,/Users/davidfeliperiveraguerra/dev/seneca/cv-project/data/IMG/right_2025_12_03_12_09_26_169.jpg,0,1,0,30.19005
/Users/davidfeliperiveraguerra/dev/seneca/cv-project/data/IMG/center_2025_12_03_12_09_26_238.jpg,/Users/davidfeliperiveraguerra/dev/seneca/cv-project/data/IMG/left_2025_12_03_12_09_26_238.jpg,/Users/davidfeliperiveraguerra/dev/seneca/cv-project/data/IMG/right_2025_12_03_12_09_26_238.jpg,0,1,0,30.19023
/Users/davidfeliperiveraguerra/dev/seneca/cv-project/data/IMG/center_2025_12_03_12_09_26_308.jpg,/Users/davidfeliperiveraguerra/dev/seneca/cv-project/data/IMG/left_2025_12_03_12_09_26_308.jpg,/Users/davidfeliperiveraguerra/dev/seneca/cv-project/data/IMG/right_2025_12_03_12_09_26_308.jpg,0,1,0,30.19027
/Users/davidfeliperiveraguerra/dev/seneca/cv-project/data/IMG/center_2025_12_03_12_09_26_379.jpg,/Users/davidfeliperiveraguerra/dev/seneca/cv-project/data/IMG/left_2025_12_03_12_09_26_379.jpg,/Users/davidfeliperiveraguerra/dev/seneca/cv-project/data/IMG/right_2025_12_03_12_09_26_379.jpg,-0.05,1,0,30.18985
/Users/davidfeliperiveraguerra/dev/seneca/cv-project/data/IMG/center_2025_12_03_12_09_26_448.jpg,/Users/davidfeliperiveraguerra/dev/seneca/cv-project/data/IMG/left_2025_12_03_12_09_26_448.jpg,/Users/davidfeliperiveraguerra/dev/seneca/cv-project/data/IMG/right_2025_12_03_12_09_26_448.jpg,-0.25,1,0,30.17562
/Users/davidfeliperiveraguerra/dev/seneca/cv-project/data/IMG/center_2025_12_03_12_09_26_517.jpg,/Users/davidfeliperiveraguerra/dev/seneca/cv-project/data/IMG/left_2025_12_03_12_09_26_517.jpg,/Users/davidfeliperiveraguerra/dev/seneca/cv-project/data/IMG/right_2025_12_03_12_09_26_517.jpg,0,1,0,30.18123
/Users/davidfeliperiveraguerra/dev/seneca/cv-project/data/IMG/center_2025_12_03_12_09_26_588.jpg,/Users/davidfeliperiveraguerra/dev/seneca/cv-project/data/IMG/left_2025_12_03_12_09_26_588.jpg,/Users/davidfeliperiveraguerra/dev/seneca/cv-project/data/IMG/right_2025_12_03_12_09_26_588.jpg,0,1,0,30.18907
/Users/davidfeliperiveraguerra/dev/seneca/cv-project/data/IMG/center_2025_12_03_12_09_26_659.jpg,/Users/davidfeliperiveraguerra/dev/seneca/cv-project/data/IMG/left_2025_12_03_12_09_26_659.jpg,/Users/davidfeliperiveraguerra/dev/seneca/cv-project/data/IMG/right_2025_12_03_12_09_26_659.jpg,0,1,0,30.18993
/Users/davidfeliperiveraguerra/dev/seneca/cv-project/data/IMG/center_2025_12_03_12_09_26_726.jpg,/Users/davidfeliperiveraguerra/dev/seneca/cv-project/data/IMG/left_2025_12_03_12_09_26_726.jpg,/Users/davidfeliperiveraguerra/dev/seneca/cv-project/data/IMG/right_2025_12_03_12_09_26_726.jpg,0,1,0,30.18904
/Users/davidfeliperiveraguerra/dev/seneca/cv-project/data/IMG/center_2025_12_03_12_09_26_793.jpg,/Users/davidfeliperiveraguerra/dev/seneca/cv-project/data/IMG/left_2025_12_03_12_09_26_793.jpg,/Users/davidfeliperiveraguerra/dev/seneca/cv-project/data/IMG/right_2025_12_03_12_09_26_793.jpg,0,1,0,30.18969
/Users/davidfeliperiveraguerra/dev/seneca/cv-project/data/IMG/center_2025_12_03_12_09_26_864.jpg,/Users/davidfeliperiveraguerra/dev/seneca/cv-project/data/IMG/left_2025_12_03_12_09_26_864.jpg,/Users/davidfeliperiveraguerra/dev/seneca/cv-project/data/IMG/right_2025_12_03_12_09_26_864.jpg,0,1,0,30.18993
/Users/davidfeliperiveraguerra/dev/seneca/cv-project/data/IMG/center_2025_12_03_12_09_26_933.jpg,/Users/davidfeliperiveraguerra/dev/seneca/cv-project/data/IMG/left_2025_12_03_12_09_26_933.jpg,/Users/davidfeliperiveraguerra/dev/seneca/cv-project/data/IMG/right_2025_12_03_12_09_26_933.jpg,-0.1,1,0,30.18778
/Users/davidfeliperiveraguerra/dev/seneca/cv-project/data/IMG/center_2025_12_03_12_09_27_005.jpg,/Users/davidfeliperiveraguerra/dev/seneca/cv-project/data/IMG/left_2025_12_03_12_09_27_005.jpg,/Users/davidfeliperiveraguerra/dev/seneca/cv-project/data/IMG/right_2025_12_03_12_09_27_005.jpg,-0.3,1,0,30.16975
/Users/davidfeliperiveraguerra/dev/seneca/cv-project/data/IMG/center_2025_12_03_12_09_27_072.jpg,/Users/davidfeliperiveraguerra/dev/seneca/cv-project/data/IMG/left_2025_12_03_12_09_27_072.jpg,/Users/davidfeliperiveraguerra/dev/seneca/cv-project/data/IMG/right_2025_12_03_12_09_27_072.jpg,0,1,0,30.18958
/Users/davidfeliperiveraguerra/dev/seneca/cv-project/data/IMG/center_2025_12_03_12_09_27_141.jpg,/Users/davidfeliperiveraguerra/dev/seneca/cv-project/data/IMG/left_2025_12_03_12_09_27_141.jpg,/Users/davidfeliperiveraguerra/dev/seneca/cv-project/data/IMG/right_2025_12_03_12_09_27_141.jpg,0,1,0,30.18938
/Users/davidfeliperiveraguerra/dev/seneca/cv-project/data/IMG/center_2025_12_03_12_09_27_212.jpg,/Users/davidfeliperiveraguerra/dev/seneca/cv-project/data/IMG/left_2025_12_03_12_09_27_212.jpg,/Users/davidfeliperiveraguerra/dev/seneca/cv-project/data/IMG/right_2025_12_03_12_09_27_212.jpg,0,1,0,30.19005
/Users/davidfeliperiveraguerra/dev/seneca/cv-project/data/IMG/center_2025_12_03_12_09_27_304.jpg,/Users/davidfeliperiveraguerra/dev/seneca/cv-project/data/IMG/left_2025_12_03_12_09_27_304.jpg,/Users/davidfeliperiveraguerra/dev/seneca/cv-project/data/IMG/right_2025_12_03_12_09_27_304.jpg,-0.2,1,0,30.18175
/Users/davidfeliperiveraguerra/dev/seneca/cv-project/data/IMG/center_2025_12_03_12_09_27_371.jpg,/Users/davidfeliperiveraguerra/dev/seneca/cv-project/data/IMG/left_2025_12_03_12_09_27_371.jpg,/Users/davidfeliperiveraguerra/dev/seneca/cv-project/data/IMG/right_2025_12_03_12_09_27_371.jpg,-0.35,1,0,30.1655
/Users/davidfeliperiveraguerra/dev/seneca/cv-project/data/IMG/center_2025_12_03_12_09_27_440.jpg,/Users/davidfeliperiveraguerra/dev/seneca/cv-project/data/IMG/left_2025_12_03_12_09_27_440.jpg,/Users/davidfeliperiveraguerra/dev/seneca/cv-project/data/IMG/right_2025_12_03_12_09_27_440.jpg,-0.5000001,1,0,30.14728
/Users/davidfeliperiveraguerra/dev/seneca/cv-project/data/IMG/center_2025_12_03_12_09_27_512.jpg,/Users/davidfeliperiveraguerra/dev/seneca/cv-project/data/IMG/left_2025_12_03_12_09_27_512.jpg,/Users/davidfeliperiveraguerra/dev/seneca/cv-project/data/IMG/right_2025_12_03_12_09_27_512.jpg,0,1,0,30.18864
/Users/davidfeliperiveraguerra/dev/seneca/cv-project/data/IMG/center_2025_12_03_12_09_27_580.jpg,/Users/davidfeliperiveraguerra/dev/seneca/cv-project/data/IMG/left_2025_12_03_12_09_27_580.jpg,/Users/davidfeliperiveraguerra/dev/seneca/cv-project/data/IMG/right_2025_12_03_12_09_27_580.jpg,0,1,0,30.18924
/Users/davidfeliperiveraguerra/dev/seneca/cv-project/data/IMG/center_2025_12_03_12_09_27_648.jpg,/Users/davidfeliperiveraguerra/dev/seneca/cv-project/data/IMG/left_2025_12_03_12_09_27_648.jpg,/Users/davidfeliperiveraguerra/dev/seneca/cv-project/data/IMG/right_2025_12_03_12_09_27_648.jpg,0,1,0,30.19012
/Users/davidfeliperiveraguerra/dev/seneca/cv-project/data/IMG/center_2025_12_03_12_09_27_723.jpg,/Users/davidfeliperiveraguerra/dev/seneca/cv-project/data/IMG/left_2025_12_03_12_09_27_723.jpg,/Users/davidfeliperiveraguerra/dev/seneca/cv-project/data/IMG/right_2025_12_03_12_09_27_723.jpg,0,1,0,30.192
/Users/davidfeliperiveraguerra/dev/seneca/cv-project/data/IMG/center_2025_12_03_12_09_27_789.jpg,/Users/davidfeliperiveraguerra/dev/seneca/cv-project/data/IMG/left_2025_12_03_12_09_27_789.jpg,/Users/davidfeliperiveraguerra/dev/seneca/cv-project/data/IMG/right_2025_12_03_12_09_27_789.jpg,0,1,0,30.18978
/Users/davidfeliperiveraguerra/dev/seneca/cv-project/data/IMG/center_2025_12_03_12_09_27_859.jpg,/Users/davidfeliperiveraguerra/dev/seneca/cv-project/data/IMG/left_2025_12_03_12_09_27_859.jpg,/Users/davidfeliperiveraguerra/dev/seneca/cv-project/data/IMG/right_2025_12_03_12_09_27_859.jpg,0,1,0,30.1901
/Users/davidfeliperiveraguerra/dev/seneca/cv-project/data/IMG/center_2025_12_03_12_09_27_927.jpg,/Users/davidfeliperiveraguerra/dev/seneca/cv-project/data/IMG/left_2025_12_03_12_09_27_927.jpg,/Users/davidfeliperiveraguerra/dev/seneca/cv-project/data/IMG/right_2025_12_03_12_09_27_927.jpg,0,1,0,30.19023
/Users/davidfeliperiveraguerra/dev/seneca/cv-project/data/IMG/center_2025_12_03_12_09_27_996.jpg,/Users/davidfeliperiveraguerra/dev/seneca/cv-project/data/IMG/left_2025_12_03_12_09_27_996.jpg,/Users/davidfeliperiveraguerra/dev/seneca/cv-project/data/IMG/right_2025_12_03_12_09_27_996.jpg,0,1,0,30.19022
/Users/davidfeliperiveraguerra/dev/seneca/cv-project/data/IMG/center_2025_12_03_12_09_28_063.jpg,/Users/davidfeliperiveraguerra/dev/seneca/cv-project/data/IMG/left_2025_12_03_12_09_28_063.jpg,/Users/davidfeliperiveraguerra/dev/seneca/cv-project/data/IMG/right_2025_12_03_12_09_28_063.jpg,0,1,0,30.19024
/Users/davidfeliperiveraguerra/dev/seneca/cv-project/data/IMG/center_2025_12_03_12_09_28_132.jpg,/Users/davidfeliperiveraguerra/dev/seneca/cv-project/data/IMG/left_2025_12_03_12_09_28_132.jpg,/Users/davidfeliperiveraguerra/dev/seneca/cv-project/data/IMG/right_2025_12_03_12_09_28_132.jpg,0,1,0,30.19024
/Users/davidfeliperiveraguerra/dev/seneca/cv-project/data/IMG/center_2025_12_03_12_09_28_201.jpg,/Users/davidfeliperiveraguerra/dev/seneca/cv-project/data/IMG/left_2025_12_03_12_09_28_201.jpg,/Users/davidfeliperiveraguerra/dev/seneca/cv-project/data/IMG/right_2025_12_03_12_09_28_201.jpg,0,1,0,30.19025
/Users/davidfeliperiveraguerra/dev/seneca/cv-project/data/IMG/center_2025_12_03_12_09_28_271.jpg,/Users/davidfeliperiveraguerra/dev/seneca/cv-project/data/IMG/left_2025_12_03_12_09_28_271.jpg,/Users/davidfeliperiveraguerra/dev/seneca/cv-project/data/IMG/right_2025_12_03_12_09_28_271.jpg,-0.05,1,0,30.18973
/Users/davidfeliperiveraguerra/dev/seneca/cv-project/data/IMG/center_2025_12_03_12_09_28_339.jpg,/Users/davidfeliperiveraguerra/dev/seneca/cv-project/data/IMG/left_2025_12_03_12_09_28_339.jpg,/Users/davidfeliperiveraguerra/dev/seneca/cv-project/data/IMG/right_2025_12_03_12_09_28_339.jpg,-0.2,1,0,30.18008
/Users/davidfeliperiveraguerra/dev/seneca/cv-project/data/IMG/center_2025_12_03_12_09_28_406.jpg,/Users/davidfeliperiveraguerra/dev/seneca/cv-project/data/IMG/left_2025_12_03_12_09_28_406.jpg,/Users/davidfeliperiveraguerra/dev/seneca/cv-project/data/IMG/right_2025_12_03_12_09_28_406.jpg,0,1,0,30.19054
/Users/davidfeliperiveraguerra/dev/seneca/cv-project/data/IMG/center_2025_12_03_12_09_28_476.jpg,/Users/davidfeliperiveraguerra/dev/seneca/cv-project/data/IMG/left_2025_12_03_12_09_28_476.jpg,/Users/davidfeliperiveraguerra/dev/seneca/cv-project/data/IMG/right_2025_12_03_12_09_28_476.jpg,0,1,0,30.18982
/Users/davidfeliperiveraguerra/dev/seneca/cv-project/data/IMG/center_2025_12_03_12_09_28_543.jpg,/Users/davidfeliperiveraguerra/dev/seneca/cv-project/data/IMG/left_2025_12_03_12_09_28_543.jpg,/Users/davidfeliperiveraguerra/dev/seneca/cv-project/data/IMG/right_2025_12_03_12_09_28_543.jpg,0,1,0,30.19027
/Users/davidfeliperiveraguerra/dev/seneca/cv-project/data/IMG/center_2025_12_03_12_09_28_614.jpg,/Users/davidfeliperiveraguerra/dev/seneca/cv-project/data/IMG/left_2025_12_03_12_09_28_614.jpg,/Users/davidfeliperiveraguerra/dev/seneca/cv-project/data/IMG/right_2025_12_03_12_09_28_614.jpg,0,1,0,30.19013
/Users/davidfeliperiveraguerra/dev/seneca/cv-project/data/IMG/center_2025_12_03_12_09_28_684.jpg,/Users/davidfeliperiveraguerra/dev/seneca/cv-project/data/IMG/left_2025_12_03_12_09_28_684.jpg,/Users/davidfeliperiveraguerra/dev/seneca/cv-project/data/IMG/right_2025_12_03_12_09_28_684.jpg,0,1,0,30.19001
/Users/davidfeliperiveraguerra/dev/seneca/cv-project/data/IMG/center_2025_12_03_12_09_28_757.jpg,/Users/davidfeliperiveraguerra/dev/seneca/cv-project/data/IMG/left_2025_12_03_12_09_28_757.jpg,/Users/davidfeliperiveraguerra/dev/seneca/cv-project/data/IMG/right_2025_12_03_12_09_28_757.jpg,-0.15,1,0,30.18476
/Users/davidfeliperiveraguerra/dev/seneca/cv-project/data/IMG/center_2025_12_03_12_09_28_826.jpg,/Users/davidfeliperiveraguerra/dev/seneca/cv-project/data/IMG/left_2025_12_03_12_09_28_826.jpg,/Users/davidfeliperiveraguerra/dev/seneca/cv-project/data/IMG/right_2025_12_03_12_09_28_826.jpg,-0.35,1,0,30.16349
/Users/davidfeliperiveraguerra/dev/seneca/cv-project/data/IMG/center_2025_12_03_12_09_28_896.jpg,/Users/davidfeliperiveraguerra/dev/seneca/cv-project/data/IMG/left_2025_12_03_12_09_28_896.jpg,/Users/davidfeliperiveraguerra/dev/seneca/cv-project/data/IMG/right_2025_12_03_12_09_28_896.jpg,0,1,0,30.18775
/Users/davidfeliperiveraguerra/dev/seneca/cv-project/data/IMG/center_2025_12_03_12_09_28_964.jpg,/Users/davidfeliperiveraguerra/dev/seneca/cv-project/data/IMG/left_2025_12_03_12_09_28_964.jpg,/Users/davidfeliperiveraguerra/dev/seneca/cv-project/data/IMG/right_2025_12_03_12_09_28_964.jpg,0,1,0,30.18983
/Users/davidfeliperiveraguerra/dev/seneca/cv-project/data/IMG/center_2025_12_03_12_09_29_030.jpg,/Users/davidfeliperiveraguerra/dev/seneca/cv-project/data/IMG/left_2025_12_03_12_09_29_030.jpg,/Users/davidfeliperiveraguerra/dev/seneca/cv-project/data/IMG/right_2025_12_03_12_09_29_030.jpg,0,1,0,30.19009
/Users/davidfeliperiveraguerra/dev/seneca/cv-project/data/IMG/center_2025_12_03_12_09_29_098.jpg,/Users/davidfeliperiveraguerra/dev/seneca/cv-project/data/IMG/left_2025_12_03_12_09_29_098.jpg,/Users/davidfeliperiveraguerra/dev/seneca/cv-project/data/IMG/right_2025_12_03_12_09_29_098.jpg,0,1,0,30.19022
/Users/davidfeliperiveraguerra/dev/seneca/cv-project/data/IMG/center_2025_12_03_12_09_29_167.jpg,/Users/davidfeliperiveraguerra/dev/seneca/cv-project/data/IMG/left_2025_12_03_12_09_29_167.jpg,/Users/davidfeliperiveraguerra/dev/seneca/cv-project/data/IMG/right_2025_12_03_12_09_29_167.jpg,-0.2,1,0,30.18115
/Users/davidfeliperiveraguerra/dev/seneca/cv-project/data/IMG/center_2025_12_03_12_09_29_240.jpg,/Users/davidfeliperiveraguerra/dev/seneca/cv-project/data/IMG/left_2025_12_03_12_09_29_240.jpg,/Users/davidfeliperiveraguerra/dev/seneca/cv-project/data/IMG/right_2025_12_03_12_09_29_240.jpg,0,1,0,30.18494
/Users/davidfeliperiveraguerra/dev/seneca/cv-project/data/IMG/center_2025_12_03_12_09_29_309.jpg,/Users/davidfeliperiveraguerra/dev/seneca/cv-project/data/IMG/left_2025_12_03_12_09_29_309.jpg,/Users/davidfeliperiveraguerra/dev/seneca/cv-project/data/IMG/right_2025_12_03_12_09_29_309.jpg,0,1,0,30.18984
/Users/davidfeliperiveraguerra/dev/seneca/cv-project/data/IMG/center_2025_12_03_12_09_29_376.jpg,/Users/davidfeliperiveraguerra/dev/seneca/cv-project/data/IMG/left_2025_12_03_12_09_29_376.jpg,/Users/davidfeliperiveraguerra/dev/seneca/cv-project/data/IMG/right_2025_12_03_12_09_29_376.jpg,0,1,0,30.19025
/Users/davidfeliperiveraguerra/dev/seneca/cv-project/data/IMG/center_2025_12_03_12_09_29_444.jpg,/Users/davidfeliperiveraguerra/dev/seneca/cv-project/data/IMG/left_2025_12_03_12_09_29_444.jpg,/Users/davidfeliperiveraguerra/dev/seneca/cv-project/data/IMG/right_2025_12_03_12_09_29_444.jpg,0,1,0,30.19037
/Users/davidfeliperiveraguerra/dev/seneca/cv-project/data/IMG/center_2025_12_03_12_09_29_511.jpg,/Users/davidfeliperiveraguerra/dev/seneca/cv-project/data/IMG/left_2025_12_03_12_09_29_511.jpg,/Users/davidfeliperiveraguerra/dev/seneca/cv-project/data/IMG/right_2025_12_03_12_09_29_511.jpg,0,1,0,30.19041
/Users/davidfeliperiveraguerra/dev/seneca/cv-project/data/IMG/center_2025_12_03_12_09_29_580.jpg,/Users/davidfeliperiveraguerra/dev/seneca/cv-project/data/IMG/left_2025_12_03_12_09_29_580.jpg,/Users/davidfeliperiveraguerra/dev/seneca/cv-project/data/IMG/right_2025_12_03_12_09_29_580.jpg,0,1,0,30.19041
/Users/davidfeliperiveraguerra/dev/seneca/cv-project/data/IMG/center_2025_12_03_12_09_29_649.jpg,/Users/davidfeliperiveraguerra/dev/seneca/cv-project/data/IMG/left_2025_12_03_12_09_29_649.jpg,/Users/davidfeliperiveraguerra/dev/seneca/cv-project/data/IMG/right_2025_12_03_12_09_29_649.jpg,-0.1,1,0,30.18814
/Users/davidfeliperiveraguerra/dev/seneca/cv-project/data/IMG/center_2025_12_03_12_09_29_718.jpg,/Users/davidfeliperiveraguerra/dev/seneca/cv-project/data/IMG/left_2025_12_03_12_09_29_718.jpg,/Users/davidfeliperiveraguerra/dev/seneca/cv-project/data/IMG/right_2025_12_03_12_09_29_718.jpg,-0.25,1,0,30.17584
/Users/davidfeliperiveraguerra/dev/seneca/cv-project/data/IMG/center_2025_12_03_12_09_29_785.jpg,/Users/davidfeliperiveraguerra/dev/seneca/cv-project/data/IMG/left_2025_12_03_12_09_29_785.jpg,/Users/davidfeliperiveraguerra/dev/seneca/cv-project/data/IMG/right_2025_12_03_12_09_29_785.jpg,0,1,0,30.18849
/Users/davidfeliperiveraguerra/dev/seneca/cv-project/data/IMG/center_2025_12_03_12_09_29_855.jpg,/Users/davidfeliperiveraguerra/dev/seneca/cv-project/data/IMG/left_2025_12_03_12_09_29_855.jpg,/Users/davidfeliperiveraguerra/dev/seneca/cv-project/data/IMG/right_2025_12_03_12_09_29_855.jpg,0,1,0,30.19002
/Users/davidfeliperiveraguerra/dev/seneca/cv-project/data/IMG/center_2025_12_03_12_09_29_925.jpg,/Users/davidfeliperiveraguerra/dev/seneca/cv-project/data/IMG/left_2025_12_03_12_09_29_925.jpg,/Users/davidfeliperiveraguerra/dev/seneca/cv-project/data/IMG/right_2025_12_03_12_09_29_925.jpg,0,1,0,30.1916
/Users/davidfeliperiveraguerra/dev/seneca/cv-project/data/IMG/center_2025_12_03_12_09_29_994.jpg,/Users/davidfeliperiveraguerra/dev/seneca/cv-project/data/IMG/left_2025_12_03_12_09_29_994.jpg,/Users/davidfeliperiveraguerra/dev/seneca/cv-project/data/IMG/right_2025_12_03_12_09_29_994.jpg,0,1,0,30.18993
/Users/davidfeliperiveraguerra/dev/seneca/cv-project/data/IMG/center_2025_12_03_12_09_30_064.jpg,/Users/davidfeliperiveraguerra/dev/seneca/cv-project/data/IMG/left_2025_12_03_12_09_30_064.jpg,/Users/davidfeliperiveraguerra/dev/seneca/cv-project/data/IMG/right_2025_12_03_12_09_30_064.jpg,0,1,0,30.19021
/Users/davidfeliperiveraguerra/dev/seneca/cv-project/data/IMG/center_2025_12_03_12_09_30_134.jpg,/Users/davidfeliperiveraguerra/dev/seneca/cv-project/data/IMG/left_2025_12_03_12_09_30_134.jpg,/Users/davidfeliperiveraguerra/dev/seneca/cv-project/data/IMG/right_2025_12_03_12_09_30_134.jpg,0,1,0,30.19025
/Users/davidfeliperiveraguerra/dev/seneca/cv-project/data/IMG/center_2025_12_03_12_09_30_203.jpg,/Users/davidfeliperiveraguerra/dev/seneca/cv-project/data/IMG/left_2025_12_03_12_09_30_203.jpg,/Users/davidfeliperiveraguerra/dev/seneca/cv-project/data/IMG/right_2025_12_03_12_09_30_203.jpg,0,1,0,30.19027
/Users/davidfeliperiveraguerra/dev/seneca/cv-project/data/IMG/center_2025_12_03_12_09_30_274.jpg,/Users/davidfeliperiveraguerra/dev/seneca/cv-project/data/IMG/left_2025_12_03_12_09_30_274.jpg,/Users/davidfeliperiveraguerra/dev/seneca/cv-project/data/IMG/right_2025_12_03_12_09_30_274.jpg,0,1,0,30.19031
/Users/davidfeliperiveraguerra/dev/seneca/cv-project/data/IMG/center_2025_12_03_12_09_30_345.jpg,/Users/davidfeliperiveraguerra/dev/seneca/cv-project/data/IMG/left_2025_12_03_12_09_30_345.jpg,/Users/davidfeliperiveraguerra/dev/seneca/cv-project/data/IMG/right_2025_12_03_12_09_30_345.jpg,0,1,0,30.19026
/Users/davidfeliperiveraguerra/dev/seneca/cv-project/data/IMG/center_2025_12_03_12_09_30_415.jpg,/Users/davidfeliperiveraguerra/dev/seneca/cv-project/data/IMG/left_2025_12_03_12_09_30_415.jpg,/Users/davidfeliperiveraguerra/dev/seneca/cv-project/data/IMG/right_2025_12_03_12_09_30_415.jpg,0,1,0,30.19028
/Users/davidfeliperiveraguerra/dev/seneca/cv-project/data/IMG/center_2025_12_03_12_09_30_485.jpg,/Users/davidfeliperiveraguerra/dev/seneca/cv-project/data/IMG/left_2025_12_03_12_09_30_485.jpg,/Users/davidfeliperiveraguerra/dev/seneca/cv-project/data/IMG/right_2025_12_03_12_09_30_485.jpg,0,1,0,30.19028
/Users/davidfeliperiveraguerra/dev/seneca/cv-project/data/IMG/center_2025_12_03_12_09_30_555.jpg,/Users/davidfeliperiveraguerra/dev/seneca/cv-project/data/IMG/left_2025_12_03_12_09_30_555.jpg,/Users/davidfeliperiveraguerra/dev/seneca/cv-project/data/IMG/right_2025_12_03_12_09_30_555.jpg,0,1,0,30.19028
/Users/davidfeliperiveraguerra/dev/seneca/cv-project/data/IMG/center_2025_12_03_12_09_30_623.jpg,/Users/davidfeliperiveraguerra/dev/seneca/cv-project/data/IMG/left_2025_12_03_12_09_30_623.jpg,/Users/davidfeliperiveraguerra/dev/seneca/cv-project/data/IMG/right_2025_12_03_12_09_30_623.jpg,0,1,0,30.19028
/Users/davidfeliperiveraguerra/dev/seneca/cv-project/data/IMG/center_2025_12_03_12_09_30_690.jpg,/Users/davidfeliperiveraguerra/dev/seneca/cv-project/data/IMG/left_2025_12_03_12_09_30_690.jpg,/Users/davidfeliperiveraguerra/dev/seneca/cv-project/data/IMG/right_2025_12_03_12_09_30_690.jpg,-0.1,1,0,30.18782
/Users/davidfeliperiveraguerra/dev/seneca/cv-project/data/IMG/center_2025_12_03_12_09_30_760.jpg,/Users/davidfeliperiveraguerra/dev/seneca/cv-project/data/IMG/left_2025_12_03_12_09_30_760.jpg,/Users/davidfeliperiveraguerra/dev/seneca/cv-project/data/IMG/right_2025_12_03_12_09_30_760.jpg,-0.25,1,0,30.17518
/Users/davidfeliperiveraguerra/dev/seneca/cv-project/data/IMG/center_2025_12_03_12_09_30_830.jpg,/Users/davidfeliperiveraguerra/dev/seneca/cv-project/data/IMG/left_2025_12_03_12_09_30_830.jpg,/Users/davidfeliperiveraguerra/dev/seneca/cv-project/data/IMG/right_2025_12_03_12_09_30_830.jpg,0,1,0,30.19014
/Users/davidfeliperiveraguerra/dev/seneca/cv-project/data/IMG/center_2025_12_03_12_09_30_897.jpg,/Users/davidfeliperiveraguerra/dev/seneca/cv-project/data/IMG/left_2025_12_03_12_09_30_897.jpg,/Users/davidfeliperiveraguerra/dev/seneca/cv-project/data/IMG/right_2025_12_03_12_09_30_897.jpg,0,1,0,30.19074
/Users/davidfeliperiveraguerra/dev/seneca/cv-project/data/IMG/center_2025_12_03_12_09_30_967.jpg,/Users/davidfeliperiveraguerra/dev/seneca/cv-project/data/IMG/left_2025_12_03_12_09_30_967.jpg,/Users/davidfeliperiveraguerra/dev/seneca/cv-project/data/IMG/right_2025_12_03_12_09_30_967.jpg,0,1,0,30.18996
/Users/davidfeliperiveraguerra/dev/seneca/cv-project/data/IMG/center_2025_12_03_12_09_31_034.jpg,/Users/davidfeliperiveraguerra/dev/seneca/cv-project/data/IMG/left_2025_12_03_12_09_31_034.jpg,/Users/davidfeliperiveraguerra/dev/seneca/cv-project/data/IMG/right_2025_12_03_12_09_31_034.jpg,0,1,0,30.19015
/Users/davidfeliperiveraguerra/dev/seneca/cv-project/data/IMG/center_2025_12_03_12_09_31_105.jpg,/Users/davidfeliperiveraguerra/dev/seneca/cv-project/data/IMG/left_2025_12_03_12_09_31_105.jpg,/Users/davidfeliperiveraguerra/dev/seneca/cv-project/data/IMG/right_2025_12_03_12_09_31_105.jpg,0,1,0,30.19158
/Users/davidfeliperiveraguerra/dev/seneca/cv-project/data/IMG/center_2025_12_03_12_09_31_171.jpg,/Users/davidfeliperiveraguerra/dev/seneca/cv-project/data/IMG/left_2025_12_03_12_09_31_171.jpg,/Users/davidfeliperiveraguerra/dev/seneca/cv-project/data/IMG/right_2025_12_03_12_09_31_171.jpg,0,1,0,30.18981
/Users/davidfeliperiveraguerra/dev/seneca/cv-project/data/IMG/center_2025_12_03_12_09_31_238.jpg,/Users/davidfeliperiveraguerra/dev/seneca/cv-project/data/IMG/left_2025_12_03_12_09_31_238.jpg,/Users/davidfeliperiveraguerra/dev/seneca/cv-project/data/IMG/right_2025_12_03_12_09_31_238.jpg,0,1,0,30.19001
/Users/davidfeliperiveraguerra/dev/seneca/cv-project/data/IMG/center_2025_12_03_12_09_31_308.jpg,/Users/davidfeliperiveraguerra/dev/seneca/cv-project/data/IMG/left_2025_12_03_12_09_31_308.jpg,/Users/davidfeliperiveraguerra/dev/seneca/cv-project/data/IMG/right_2025_12_03_12_09_31_308.jpg,0,1,0,30.19009
/Users/davidfeliperiveraguerra/dev/seneca/cv-project/data/IMG/center_2025_12_03_12_09_31_380.jpg,/Users/davidfeliperiveraguerra/dev/seneca/cv-project/data/IMG/left_2025_12_03_12_09_31_380.jpg,/Users/davidfeliperiveraguerra/dev/seneca/cv-project/data/IMG/right_2025_12_03_12_09_31_380.jpg,0,1,0,30.19011
/Users/davidfeliperiveraguerra/dev/seneca/cv-project/data/IMG/center_2025_12_03_12_09_31_447.jpg,/Users/davidfeliperiveraguerra/dev/seneca/cv-project/data/IMG/left_2025_12_03_12_09_31_447.jpg,/Users/davidfeliperiveraguerra/dev/seneca/cv-project/data/IMG/right_2025_12_03_12_09_31_447.jpg,0,1,0,30.19011
/Users/davidfeliperiveraguerra/dev/seneca/cv-project/data/IMG/center_2025_12_03_12_09_31_517.jpg,/Users/davidfeliperiveraguerra/dev/seneca/cv-project/data/IMG/left_2025_12_03_12_09_31_517.jpg,/Users/davidfeliperiveraguerra/dev/seneca/cv-project/data/IMG/right_2025_12_03_12_09_31_517.jpg,0,1,0,30.19009
/Users/davidfeliperiveraguerra/dev/seneca/cv-project/data/IMG/center_2025_12_03_12_09_31_589.jpg,/Users/davidfeliperiveraguerra/dev/seneca/cv-project/data/IMG/left_2025_12_03_12_09_31_589.jpg,/Users/davidfeliperiveraguerra/dev/seneca/cv-project/data/IMG/right_2025_12_03_12_09_31_589.jpg,-0.05,1,0,30.1896
/Users/davidfeliperiveraguerra/dev/seneca/cv-project/data/IMG/center_2025_12_03_12_09_31_658.jpg,/Users/davidfeliperiveraguerra/dev/seneca/cv-project/data/IMG/left_2025_12_03_12_09_31_658.jpg,/Users/davidfeliperiveraguerra/dev/seneca/cv-project/data/IMG/right_2025_12_03_12_09_31_658.jpg,-0.2,1,0,30.18002
/Users/davidfeliperiveraguerra/dev/seneca/cv-project/data/IMG/center_2025_12_03_12_09_31_726.jpg,/Users/davidfeliperiveraguerra/dev/seneca/cv-project/data/IMG/left_2025_12_03_12_09_31_726.jpg,/Users/davidfeliperiveraguerra/dev/seneca/cv-project/data/IMG/right_2025_12_03_12_09_31_726.jpg,-0.4,1,0,30.15798
/Users/davidfeliperiveraguerra/dev/seneca/cv-project/data/IMG/center_2025_12_03_12_09_31_795.jpg,/Users/davidfeliperiveraguerra/dev/seneca/cv-project/data/IMG/left_2025_12_03_12_09_31_795.jpg,/Users/davidfeliperiveraguerra/dev/seneca/cv-project/data/IMG/right_2025_12_03_12_09_31_795.jpg,-0.5500001,1,0,30.14
/Users/davidfeliperiveraguerra/dev/seneca/cv-project/data/IMG/center_2025_12_03_12_09_31_865.jpg,/Users/davidfeliperiveraguerra/dev/seneca/cv-project/data/IMG/left_2025_12_03_12_09_31_865.jpg,/Users/davidfeliperiveraguerra/dev/seneca/cv-project/data/IMG/right_2025_12_03_12_09_31_865.jpg,0,1,0,30.18269
/Users/davidfeliperiveraguerra/dev/seneca/cv-project/data/IMG/center_2025_12_03_12_09_31_934.jpg,/Users/davidfeliperiveraguerra/dev/seneca/cv-project/data/IMG/left_2025_12_03_12_09_31_934.jpg,/Users/davidfeliperiveraguerra/dev/seneca/cv-project/data/IMG/right_2025_12_03_12_09_31_934.jpg,0,1,0,30.18822
/Users/davidfeliperiveraguerra/dev/seneca/cv-project/data/IMG/center_2025_12_03_12_09_32_001.jpg,/Users/davidfeliperiveraguerra/dev/seneca/cv-project/data/IMG/left_2025_12_03_12_09_32_001.jpg,/Users/davidfeliperiveraguerra/dev/seneca/cv-project/data/IMG/right_2025_12_03_12_09_32_001.jpg,0,1,0,30.19
/Users/davidfeliperiveraguerra/dev/seneca/cv-project/data/IMG/center_2025_12_03_12_09_32_068.jpg,/Users/davidfeliperiveraguerra/dev/seneca/cv-project/data/IMG/left_2025_12_03_12_09_32_068.jpg,/Users/davidfeliperiveraguerra/dev/seneca/cv-project/data/IMG/right_2025_12_03_12_09_32_068.jpg,0,1,0,30.19058
/Users/davidfeliperiveraguerra/dev/seneca/cv-project/data/IMG/center_2025_12_03_12_09_32_138.jpg,/Users/davidfeliperiveraguerra/dev/seneca/cv-project/data/IMG/left_2025_12_03_12_09_32_138.jpg,/Users/davidfeliperiveraguerra/dev/seneca/cv-project/data/IMG/right_2025_12_03_12_09_32_138.jpg,0,1,0,30.19104
/Users/davidfeliperiveraguerra/dev/seneca/cv-project/data/IMG/center_2025_12_03_12_09_32_207.jpg,/Users/davidfeliperiveraguerra/dev/seneca/cv-project/data/IMG/left_2025_12_03_12_09_32_207.jpg,/Users/davidfeliperiveraguerra/dev/seneca/cv-project/data/IMG/right_2025_12_03_12_09_32_207.jpg,0,1,0,30.19047
/Users/davidfeliperiveraguerra/dev/seneca/cv-project/data/IMG/center_2025_12_03_12_09_32_274.jpg,/Users/davidfeliperiveraguerra/dev/seneca/cv-project/data/IMG/left_2025_12_03_12_09_32_274.jpg,/Users/davidfeliperiveraguerra/dev/seneca/cv-project/data/IMG/right_2025_12_03_12_09_32_274.jpg,0,1,0,30.19053
/Users/davidfeliperiveraguerra/dev/seneca/cv-project/data/IMG/center_2025_12_03_12_09_32_342.jpg,/Users/davidfeliperiveraguerra/dev/seneca/cv-project/data/IMG/left_2025_12_03_12_09_32_342.jpg,/Users/davidfeliperiveraguerra/dev/seneca/cv-project/data/IMG/right_2025_12_03_12_09_32_342.jpg,0,1,0,30.19045
/Users/davidfeliperiveraguerra/dev/seneca/cv-project/data/IMG/center_2025_12_03_12_09_32_411.jpg,/Users/davidfeliperiveraguerra/dev/seneca/cv-project/data/IMG/left_2025_12_03_12_09_32_411.jpg,/Users/davidfeliperiveraguerra/dev/seneca/cv-project/data/IMG/right_2025_12_03_12_09_32_411.jpg,0,1,0,30.1903
/Users/davidfeliperiveraguerra/dev/seneca/cv-project/data/IMG/center_2025_12_03_12_09_32_480.jpg,/Users/davidfeliperiveraguerra/dev/seneca/cv-project/data/IMG/left_2025_12_03_12_09_32_480.jpg,/Users/davidfeliperiveraguerra/dev/seneca/cv-project/data/IMG/right_2025_12_03_12_09_32_480.jpg,0,1,0,30.19044
/Users/davidfeliperiveraguerra/dev/seneca/cv-project/data/IMG/center_2025_12_03_12_09_32_548.jpg,/Users/davidfeliperiveraguerra/dev/seneca/cv-project/data/IMG/left_2025_12_03_12_09_32_548.jpg,/Users/davidfeliperiveraguerra/dev/seneca/cv-project/data/IMG/right_2025_12_03_12_09_32_548.jpg,0,1,0,30.19052
/Users/davidfeliperiveraguerra/dev/seneca/cv-project/data/IMG/center_2025_12_03_12_09_32_619.jpg,/Users/davidfeliperiveraguerra/dev/seneca/cv-project/data/IMG/left_2025_12_03_12_09_32_619.jpg,/Users/davidfeliperiveraguerra/dev/seneca/cv-project/data/IMG/right_2025_12_03_12_09_32_619.jpg,0,1,0,30.1905
/Users/davidfeliperiveraguerra/dev/seneca/cv-project/data/IMG/center_2025_12_03_12_09_32_685.jpg,/Users/davidfeliperiveraguerra/dev/seneca/cv-project/data/IMG/left_2025_12_03_12_09_32_685.jpg,/Users/davidfeliperiveraguerra/dev/seneca/cv-project/data/IMG/right_2025_12_03_12_09_32_685.jpg,0,1,0,30.19049
/Users/davidfeliperiveraguerra/dev/seneca/cv-project/data/IMG/center_2025_12_03_12_09_32_754.jpg,/Users/davidfeliperiveraguerra/dev/seneca/cv-project/data/IMG/left_2025_12_03_12_09_32_754.jpg,/Users/davidfeliperiveraguerra/dev/seneca/cv-project/data/IMG/right_2025_12_03_12_09_32_754.jpg,0.05,1,0,30.18988
/Users/davidfeliperiveraguerra/dev/seneca/cv-project/data/IMG/center_2025_12_03_12_09_32_821.jpg,/Users/davidfeliperiveraguerra/dev/seneca/cv-project/data/IMG/left_2025_12_03_12_09_32_821.jpg,/Users/davidfeliperiveraguerra/dev/seneca/cv-project/data/IMG/right_2025_12_03_12_09_32_821.jpg,0.2,1,0,30.17972
/Users/davidfeliperiveraguerra/dev/seneca/cv-project/data/IMG/center_2025_12_03_12_09_32_888.jpg,/Users/davidfeliperiveraguerra/dev/seneca/cv-project/data/IMG/left_2025_12_03_12_09_32_888.jpg,/Users/davidfeliperiveraguerra/dev/seneca/cv-project/data/IMG/right_2025_12_03_12_09_32_888.jpg,0,1,0,30.19045
/Users/davidfeliperiveraguerra/dev/seneca/cv-project/data/IMG/center_2025_12_03_12_09_32_958.jpg,/Users/davidfeliperiveraguerra/dev/seneca/cv-project/data/IMG/left_2025_12_03_12_09_32_958.jpg,/Users/davidfeliperiveraguerra/dev/seneca/cv-project/data/IMG/right_2025_12_03_12_09_32_958.jpg,0,1,0,30.19039
/Users/davidfeliperiveraguerra/dev/seneca/cv-project/data/IMG/center_2025_12_03_12_09_33_028.jpg,/Users/davidfeliperiveraguerra/dev/seneca/cv-project/data/IMG/left_2025_12_03_12_09_33_028.jpg,/Users/davidfeliperiveraguerra/dev/seneca/cv-project/data/IMG/right_2025_12_03_12_09_33_028.jpg,0,1,0,30.19042
/Users/davidfeliperiveraguerra/dev/seneca/cv-project/data/IMG/center_2025_12_03_12_09_33_097.jpg,/Users/davidfeliperiveraguerra/dev/seneca/cv-project/data/IMG/left_2025_12_03_12_09_33_097.jpg,/Users/davidfeliperiveraguerra/dev/seneca/cv-project/data/IMG/right_2025_12_03_12_09_33_097.jpg,0,1,0,30.1904
/Users/davidfeliperiveraguerra/dev/seneca/cv-project/data/IMG/center_2025_12_03_12_09_33_166.jpg,/Users/davidfeliperiveraguerra/dev/seneca/cv-project/data/IMG/left_2025_12_03_12_09_33_166.jpg,/Users/davidfeliperiveraguerra/dev/seneca/cv-project/data/IMG/right_2025_12_03_12_09_33_166.jpg,0,1,0,30.19042
/Users/davidfeliperiveraguerra/dev/seneca/cv-project/data/IMG/center_2025_12_03_12_09_33_235.jpg,/Users/davidfeliperiveraguerra/dev/seneca/cv-project/data/IMG/left_2025_12_03_12_09_33_235.jpg,/Users/davidfeliperiveraguerra/dev/seneca/cv-project/data/IMG/right_2025_12_03_12_09_33_235.jpg,0,1,0,30.19042
/Users/davidfeliperiveraguerra/dev/seneca/cv-project/data/IMG/center_2025_12_03_12_09_33_302.jpg,/Users/davidfeliperiveraguerra/dev/seneca/cv-project/data/IMG/left_2025_12_03_12_09_33_302.jpg,/Users/davidfeliperiveraguerra/dev/seneca/cv-project/data/IMG/right_2025_12_03_12_09_33_302.jpg,0,1,0,30.19042
/Users/davidfeliperiveraguerra/dev/seneca/cv-project/data/IMG/center_2025_12_03_12_09_33_371.jpg,/Users/davidfeliperiveraguerra/dev/seneca/cv-project/data/IMG/left_2025_12_03_12_09_33_371.jpg,/Users/davidfeliperiveraguerra/dev/seneca/cv-project/data/IMG/right_2025_12_03_12_09_33_371.jpg,0,1,0,30.19041
/Users/davidfeliperiveraguerra/dev/seneca/cv-project/data/IMG/center_2025_12_03_12_09_33_441.jpg,/Users/davidfeliperiveraguerra/dev/seneca/cv-project/data/IMG/left_2025_12_03_12_09_33_441.jpg,/Users/davidfeliperiveraguerra/dev/seneca/cv-project/data/IMG/right_2025_12_03_12_09_33_441.jpg,0,1,0,30.1901
/Users/davidfeliperiveraguerra/dev/seneca/cv-project/data/IMG/center_2025_12_03_12_09_33_509.jpg,/Users/davidfeliperiveraguerra/dev/seneca/cv-project/data/IMG/left_2025_12_03_12_09_33_509.jpg,/Users/davidfeliperiveraguerra/dev/seneca/cv-project/data/IMG/right_2025_12_03_12_09_33_509.jpg,0,1,0,30.1902
/Users/davidfeliperiveraguerra/dev/seneca/cv-project/data/IMG/center_2025_12_03_12_09_33_578.jpg,/Users/davidfeliperiveraguerra/dev/seneca/cv-project/data/IMG/left_2025_12_03_12_09_33_578.jpg,/Users/davidfeliperiveraguerra/dev/seneca/cv-project/data/IMG/right_2025_12_03_12_09_33_578.jpg,0,1,0,30.19024
/Users/davidfeliperiveraguerra/dev/seneca/cv-project/data/IMG/center_2025_12_03_12_09_33_645.jpg,/Users/davidfeliperiveraguerra/dev/seneca/cv-project/data/IMG/left_2025_12_03_12_09_33_645.jpg,/Users/davidfeliperiveraguerra/dev/seneca/cv-project/data/IMG/right_2025_12_03_12_09_33_645.jpg,0,1,0,30.18991
/Users/davidfeliperiveraguerra/dev/seneca/cv-project/data/IMG/center_2025_12_03_12_09_33_714.jpg,/Users/davidfeliperiveraguerra/dev/seneca/cv-project/data/IMG/left_2025_12_03_12_09_33_714.jpg,/Users/davidfeliperiveraguerra/dev/seneca/cv-project/data/IMG/right_2025_12_03_12_09_33_714.jpg,0,1,0,30.19007
/Users/davidfeliperiveraguerra/dev/seneca/cv-project/data/IMG/center_2025_12_03_12_09_33_785.jpg,/Users/davidfeliperiveraguerra/dev/seneca/cv-project/data/IMG/left_2025_12_03_12_09_33_785.jpg,/Users/davidfeliperiveraguerra/dev/seneca/cv-project/data/IMG/right_2025_12_03_12_09_33_785.jpg,0,1,0,30.19014
/Users/davidfeliperiveraguerra/dev/seneca/cv-project/data/IMG/center_2025_12_03_12_09_33_854.jpg,/Users/davidfeliperiveraguerra/dev/seneca/cv-project/data/IMG/left_2025_12_03_12_09_33_854.jpg,/Users/davidfeliperiveraguerra/dev/seneca/cv-project/data/IMG/right_2025_12_03_12_09_33_854.jpg,0,1,0,30.19016
/Users/davidfeliperiveraguerra/dev/seneca/cv-project/data/IMG/center_2025_12_03_12_09_33_924.jpg,/Users/davidfeliperiveraguerra/dev/seneca/cv-project/data/IMG/left_2025_12_03_12_09_33_924.jpg,/Users/davidfeliperiveraguerra/dev/seneca/cv-project/data/IMG/right_2025_12_03_12_09_33_924.jpg,0,1,0,30.19016
/Users/davidfeliperiveraguerra/dev/seneca/cv-project/data/IMG/center_2025_12_03_12_09_33_991.jpg,/Users/davidfeliperiveraguerra/dev/seneca/cv-project/data/IMG/left_2025_12_03_12_09_33_991.jpg,/Users/davidfeliperiveraguerra/dev/seneca/cv-project/data/IMG/right_2025_12_03_12_09_33_991.jpg,0,1,0,30.19018
/Users/davidfeliperiveraguerra/dev/seneca/cv-project/data/IMG/center_2025_12_03_12_09_34_061.jpg,/Users/davidfeliperiveraguerra/dev/seneca/cv-project/data/IMG/left_2025_12_03_12_09_34_061.jpg,/Users/davidfeliperiveraguerra/dev/seneca/cv-project/data/IMG/right_2025_12_03_12_09_34_061.jpg,0,1,0,30.19018
/Users/davidfeliperiveraguerra/dev/seneca/cv-project/data/IMG/center_2025_12_03_12_09_34_131.jpg,/Users/davidfeliperiveraguerra/dev/seneca/cv-project/data/IMG/left_2025_12_03_12_09_34_131.jpg,/Users/davidfeliperiveraguerra/dev/seneca/cv-project/data/IMG/right_2025_12_03_12_09_34_131.jpg,0,1,0,30.19015
/Users/davidfeliperiveraguerra/dev/seneca/cv-project/data/IMG/center_2025_12_03_12_09_34_199.jpg,/Users/davidfeliperiveraguerra/dev/seneca/cv-project/data/IMG/left_2025_12_03_12_09_34_199.jpg,/Users/davidfeliperiveraguerra/dev/seneca/cv-project/data/IMG/right_2025_12_03_12_09_34_199.jpg,0,1,0,30.19016
/Users/davidfeliperiveraguerra/dev/seneca/cv-project/data/IMG/center_2025_12_03_12_09_34_266.jpg,/Users/davidfeliperiveraguerra/dev/seneca/cv-project/data/IMG/left_2025_12_03_12_09_34_266.jpg,/Users/davidfeliperiveraguerra/dev/seneca/cv-project/data/IMG/right_2025_12_03_12_09_34_266.jpg,0,1,0,30.19015
/Users/davidfeliperiveraguerra/dev/seneca/cv-project/data/IMG/center_2025_12_03_12_09_34_335.jpg,/Users/davidfeliperiveraguerra/dev/seneca/cv-project/data/IMG/left_2025_12_03_12_09_34_335.jpg,/Users/davidfeliperiveraguerra/dev/seneca/cv-project/data/IMG/right_2025_12_03_12_09_34_335.jpg,0,1,0,30.19017
/Users/davidfeliperiveraguerra/dev/seneca/cv-project/data/IMG/center_2025_12_03_12_09_34_404.jpg,/Users/davidfeliperiveraguerra/dev/seneca/cv-project/data/IMG/left_2025_12_03_12_09_34_404.jpg,/Users/davidfeliperiveraguerra/dev/seneca/cv-project/data/IMG/right_2025_12_03_12_09_34_404.jpg,0,1,0,30.19016
/Users/davidfeliperiveraguerra/dev/seneca/cv-project/data/IMG/center_2025_12_03_12_09_34_471.jpg,/Users/davidfeliperiveraguerra/dev/seneca/cv-project/data/IMG/left_2025_12_03_12_09_34_471.jpg,/Users/davidfeliperiveraguerra/dev/seneca/cv-project/data/IMG/right_2025_12_03_12_09_34_471.jpg,-0.15,1,0,30.18438
/Users/davidfeliperiveraguerra/dev/seneca/cv-project/data/IMG/center_2025_12_03_12_09_34_538.jpg,/Users/davidfeliperiveraguerra/dev/seneca/cv-project/data/IMG/left_2025_12_03_12_09_34_538.jpg,/Users/davidfeliperiveraguerra/dev/seneca/cv-project/data/IMG/right_2025_12_03_12_09_34_538.jpg,0,1,0,30.1908
/Users/davidfeliperiveraguerra/dev/seneca/cv-project/data/IMG/center_2025_12_03_12_09_34_605.jpg,/Users/davidfeliperiveraguerra/dev/seneca/cv-project/data/IMG/left_2025_12_03_12_09_34_605.jpg,/Users/davidfeliperiveraguerra/dev/seneca/cv-project/data/IMG/right_2025_12_03_12_09_34_605.jpg,0,1,0,30.19013
/Users/davidfeliperiveraguerra/dev/seneca/cv-project/data/IMG/center_2025_12_03_12_09_34_675.jpg,/Users/davidfeliperiveraguerra/dev/seneca/cv-project/data/IMG/left_2025_12_03_12_09_34_675.jpg,/Users/davidfeliperiveraguerra/dev/seneca/cv-project/data/IMG/right_2025_12_03_12_09_34_675.jpg,0,1,0,30.19018
/Users/davidfeliperiveraguerra/dev/seneca/cv-project/data/IMG/center_2025_12_03_12_09_34_741.jpg,/Users/davidfeliperiveraguerra/dev/seneca/cv-project/data/IMG/left_2025_12_03_12_09_34_741.jpg,/Users/davidfeliperiveraguerra/dev/seneca/cv-project/data/IMG/right_2025_12_03_12_09_34_741.jpg,0,1,0,30.18958
/Users/davidfeliperiveraguerra/dev/seneca/cv-project/data/IMG/center_2025_12_03_12_09_34_809.jpg,/Users/davidfeliperiveraguerra/dev/seneca/cv-project/data/IMG/left_2025_12_03_12_09_34_809.jpg,/Users/davidfeliperiveraguerra/dev/seneca/cv-project/data/IMG/right_2025_12_03_12_09_34_809.jpg,-0.15,1,0,30.18465
/Users/davidfeliperiveraguerra/dev/seneca/cv-project/data/IMG/center_2025_12_03_12_09_34_878.jpg,/Users/davidfeliperiveraguerra/dev/seneca/cv-project/data/IMG/left_2025_12_03_12_09_34_878.jpg,/Users/davidfeliperiveraguerra/dev/seneca/cv-project/data/IMG/right_2025_12_03_12_09_34_878.jpg,0,1,0,30.19065
/Users/davidfeliperiveraguerra/dev/seneca/cv-project/data/IMG/center_2025_12_03_12_09_34_945.jpg,/Users/davidfeliperiveraguerra/dev/seneca/cv-project/data/IMG/left_2025_12_03_12_09_34_945.jpg,/Users/davidfeliperiveraguerra/dev/seneca/cv-project/data/IMG/right_2025_12_03_12_09_34_945.jpg,0,1,0,30.18967
/Users/davidfeliperiveraguerra/dev/seneca/cv-project/data/IMG/center_2025_12_03_12_09_35_012.jpg,/Users/davidfeliperiveraguerra/dev/seneca/cv-project/data/IMG/left_2025_12_03_12_09_35_012.jpg,/Users/davidfeliperiveraguerra/dev/seneca/cv-project/data/IMG/right_2025_12_03_12_09_35_012.jpg,0,1,0,30.18998
/Users/davidfeliperiveraguerra/dev/seneca/cv-project/data/IMG/center_2025_12_03_12_09_35_081.jpg,/Users/davidfeliperiveraguerra/dev/seneca/cv-project/data/IMG/left_2025_12_03_12_09_35_081.jpg,/Users/davidfeliperiveraguerra/dev/seneca/cv-project/data/IMG/right_2025_12_03_12_09_35_081.jpg,0,1,0,30.19008
/Users/davidfeliperiveraguerra/dev/seneca/cv-project/data/IMG/center_2025_12_03_12_09_35_149.jpg,/Users/davidfeliperiveraguerra/dev/seneca/cv-project/data/IMG/left_2025_12_03_12_09_35_149.jpg,/Users/davidfeliperiveraguerra/dev/seneca/cv-project/data/IMG/right_2025_12_03_12_09_35_149.jpg,0,1,0,30.19012
/Users/davidfeliperiveraguerra/dev/seneca/cv-project/data/IMG/center_2025_12_03_12_09_35_218.jpg,/Users/davidfeliperiveraguerra/dev/seneca/cv-project/data/IMG/left_2025_12_03_12_09_35_218.jpg,/Users/davidfeliperiveraguerra/dev/seneca/cv-project/data/IMG/right_2025_12_03_12_09_35_218.jpg,0,1,0,30.19012
/Users/davidfeliperiveraguerra/dev/seneca/cv-project/data/IMG/center_2025_12_03_12_09_35_285.jpg,/Users/davidfeliperiveraguerra/dev/seneca/cv-project/data/IMG/left_2025_12_03_12_09_35_285.jpg,/Users/davidfeliperiveraguerra/dev/seneca/cv-project/data/IMG/right_2025_12_03_12_09_35_285.jpg,0,1,0,30.19011
/Users/davidfeliperiveraguerra/dev/seneca/cv-project/data/IMG/center_2025_12_03_12_09_35_352.jpg,/Users/davidfeliperiveraguerra/dev/seneca/cv-project/data/IMG/left_2025_12_03_12_09_35_352.jpg,/Users/davidfeliperiveraguerra/dev/seneca/cv-project/data/IMG/right_2025_12_03_12_09_35_352.jpg,0,1,0,30.19013
/Users/davidfeliperiveraguerra/dev/seneca/cv-project/data/IMG/center_2025_12_03_12_09_35_421.jpg,/Users/davidfeliperiveraguerra/dev/seneca/cv-project/data/IMG/left_2025_12_03_12_09_35_421.jpg,/Users/davidfeliperiveraguerra/dev/seneca/cv-project/data/IMG/right_2025_12_03_12_09_35_421.jpg,0,1,0,30.19012
/Users/davidfeliperiveraguerra/dev/seneca/cv-project/data/IMG/center_2025_12_03_12_09_35_488.jpg,/Users/davidfeliperiveraguerra/dev/seneca/cv-project/data/IMG/left_2025_12_03_12_09_35_488.jpg,/Users/davidfeliperiveraguerra/dev/seneca/cv-project/data/IMG/right_2025_12_03_12_09_35_488.jpg,0,1,0,30.19013
/Users/davidfeliperiveraguerra/dev/seneca/cv-project/data/IMG/center_2025_12_03_12_09_35_555.jpg,/Users/davidfeliperiveraguerra/dev/seneca/cv-project/data/IMG/left_2025_12_03_12_09_35_555.jpg,/Users/davidfeliperiveraguerra/dev/seneca/cv-project/data/IMG/right_2025_12_03_12_09_35_555.jpg,-0.15,1,0,30.18435
/Users/davidfeliperiveraguerra/dev/seneca/cv-project/data/IMG/center_2025_12_03_12_09_35_625.jpg,/Users/davidfeliperiveraguerra/dev/seneca/cv-project/data/IMG/left_2025_12_03_12_09_35_625.jpg,/Users/davidfeliperiveraguerra/dev/seneca/cv-project/data/IMG/right_2025_12_03_12_09_35_625.jpg,-0.35,1,0,30.16388
/Users/davidfeliperiveraguerra/dev/seneca/cv-project/data/IMG/center_2025_12_03_12_09_35_692.jpg,/Users/davidfeliperiveraguerra/dev/seneca/cv-project/data/IMG/left_2025_12_03_12_09_35_692.jpg,/Users/davidfeliperiveraguerra/dev/seneca/cv-project/data/IMG/right_2025_12_03_12_09_35_692.jpg,0,1,0,30.17911
/Users/davidfeliperiveraguerra/dev/seneca/cv-project/data/IMG/center_2025_12_03_12_09_35_760.jpg,/Users/davidfeliperiveraguerra/dev/seneca/cv-project/data/IMG/left_2025_12_03_12_09_35_760.jpg,/Users/davidfeliperiveraguerra/dev/seneca/cv-project/data/IMG/right_2025_12_03_12_09_35_760.jpg,0,1,0,30.18822
/Users/davidfeliperiveraguerra/dev/seneca/cv-project/data/IMG/center_2025_12_03_12_09_35_829.jpg,/Users/davidfeliperiveraguerra/dev/seneca/cv-project/data/IMG/left_2025_12_03_12_09_35_829.jpg,/Users/davidfeliperiveraguerra/dev/seneca/cv-project/data/IMG/right_2025_12_03_12_09_35_829.jpg,0,1,0,30.18996
/Users/davidfeliperiveraguerra/dev/seneca/cv-project/data/IMG/center_2025_12_03_12_09_35_896.jpg,/Users/davidfeliperiveraguerra/dev/seneca/cv-project/data/IMG/left_2025_12_03_12_09_35_896.jpg,/Users/davidfeliperiveraguerra/dev/seneca/cv-project/data/IMG/right_2025_12_03_12_09_35_896.jpg,0,1,0,30.19032
/Users/davidfeliperiveraguerra/dev/seneca/cv-project/data/IMG/center_2025_12_03_12_09_35_963.jpg,/Users/davidfeliperiveraguerra/dev/seneca/cv-project/data/IMG/left_2025_12_03_12_09_35_963.jpg,/Users/davidfeliperiveraguerra/dev/seneca/cv-project/data/IMG/right_2025_12_03_12_09_35_963.jpg,0,1,0,30.19046
/Users/davidfeliperiveraguerra/dev/seneca/cv-project/data/IMG/center_2025_12_03_12_09_36_032.jpg,/Users/davidfeliperiveraguerra/dev/seneca/cv-project/data/IMG/left_2025_12_03_12_09_36_032.jpg,/Users/davidfeliperiveraguerra/dev/seneca/cv-project/data/IMG/right_2025_12_03_12_09_36_032.jpg,0,1,0,30.19046
/Users/davidfeliperiveraguerra/dev/seneca/cv-project/data/IMG/center_2025_12_03_12_09_36_102.jpg,/Users/davidfeliperiveraguerra/dev/seneca/cv-project/data/IMG/left_2025_12_03_12_09_36_102.jpg,/Users/davidfeliperiveraguerra/dev/seneca/cv-project/data/IMG/right_2025_12_03_12_09_36_102.jpg,0,1,0,30.19041
/Users/davidfeliperiveraguerra/dev/seneca/cv-project/data/IMG/center_2025_12_03_12_09_36_169.jpg,/Users/davidfeliperiveraguerra/dev/seneca/cv-project/data/IMG/left_2025_12_03_12_09_36_169.jpg,/Users/davidfeliperiveraguerra/dev/seneca/cv-project/data/IMG/right_2025_12_03_12_09_36_169.jpg,0,1,0,30.19034
/Users/davidfeliperiveraguerra/dev/seneca/cv-project/data/IMG/center_2025_12_03_12_09_36_239.jpg,/Users/davidfeliperiveraguerra/dev/seneca/cv-project/data/IMG/left_2025_12_03_12_09_36_239.jpg,/Users/davidfeliperiveraguerra/dev/seneca/cv-project/data/IMG/right_2025_12_03_12_09_36_239.jpg,0,1,0,30.19038
/Users/davidfeliperiveraguerra/dev/seneca/cv-project/data/IMG/center_2025_12_03_12_09_36_306.jpg,/Users/davidfeliperiveraguerra/dev/seneca/cv-project/data/IMG/left_2025_12_03_12_09_36_306.jpg,/Users/davidfeliperiveraguerra/dev/seneca/cv-project/data/IMG/right_2025_12_03_12_09_36_306.jpg,0,1,0,30.19011
/Users/davidfeliperiveraguerra/dev/seneca/cv-project/data/IMG/center_2025_12_03_12_09_36_376.jpg,/Users/davidfeliperiveraguerra/dev/seneca/cv-project/data/IMG/left_2025_12_03_12_09_36_376.jpg,/Users/davidfeliperiveraguerra/dev/seneca/cv-project/data/IMG/right_2025_12_03_12_09_36_376.jpg,0,1,0,30.19026
/Users/davidfeliperiveraguerra/dev/seneca/cv-project/data/IMG/center_2025_12_03_12_09_36_446.jpg,/Users/davidfeliperiveraguerra/dev/seneca/cv-project/data/IMG/left_2025_12_03_12_09_36_446.jpg,/Users/davidfeliperiveraguerra/dev/seneca/cv-project/data/IMG/right_2025_12_03_12_09_36_446.jpg,0,1,0,30.19032
/Users/davidfeliperiveraguerra/dev/seneca/cv-project/data/IMG/center_2025_12_03_12_09_36_515.jpg,/Users/davidfeliperiveraguerra/dev/seneca/cv-project/data/IMG/left_2025_12_03_12_09_36_515.jpg,/Users/davidfeliperiveraguerra/dev/seneca/cv-project/data/IMG/right_2025_12_03_12_09_36_515.jpg,0,1,0,30.19035
/Users/davidfeliperiveraguerra/dev/seneca/cv-project/data/IMG/center_2025_12_03_12_09_36_586.jpg,/Users/davidfeliperiveraguerra/dev/seneca/cv-project/data/IMG/left_2025_12_03_12_09_36_586.jpg,/Users/davidfeliperiveraguerra/dev/seneca/cv-project/data/IMG/right_2025_12_03_12_09_36_586.jpg,0,1,0,30.19034
/Users/davidfeliperiveraguerra/dev/seneca/cv-project/data/IMG/center_2025_12_03_12_09_36_654.jpg,/Users/davidfeliperiveraguerra/dev/seneca/cv-project/data/IMG/left_2025_12_03_12_09_36_654.jpg,/Users/davidfeliperiveraguerra/dev/seneca/cv-project/data/IMG/right_2025_12_03_12_09_36_654.jpg,0,1,0,30.19033
/Users/davidfeliperiveraguerra/dev/seneca/cv-project/data/IMG/center_2025_12_03_12_09_36_723.jpg,/Users/davidfeliperiveraguerra/dev/seneca/cv-project/data/IMG/left_2025_12_03_12_09_36_723.jpg,/Users/davidfeliperiveraguerra/dev/seneca/cv-project/data/IMG/right_2025_12_03_12_09_36_723.jpg,0,1,0,30.19032
/Users/davidfeliperiveraguerra/dev/seneca/cv-project/data/IMG/center_2025_12_03_12_09_36_790.jpg,/Users/davidfeliperiveraguerra/dev/seneca/cv-project/data/IMG/left_2025_12_03_12_09_36_790.jpg,/Users/davidfeliperiveraguerra/dev/seneca/cv-project/data/IMG/right_2025_12_03_12_09_36_790.jpg,0,1,0,30.19031
/Users/davidfeliperiveraguerra/dev/seneca/cv-project/data/IMG/center_2025_12_03_12_09_36_860.jpg,/Users/davidfeliperiveraguerra/dev/seneca/cv-project/data/IMG/left_2025_12_03_12_09_36_860.jpg,/Users/davidfeliperiveraguerra/dev/seneca/cv-project/data/IMG/right_2025_12_03_12_09_36_860.jpg,0,1,0,30.19031
/Users/davidfeliperiveraguerra/dev/seneca/cv-project/data/IMG/center_2025_12_03_12_09_36_928.jpg,/Users/davidfeliperiveraguerra/dev/seneca/cv-project/data/IMG/left_2025_12_03_12_09_36_928.jpg,/Users/davidfeliperiveraguerra/dev/seneca/cv-project/data/IMG/right_2025_12_03_12_09_36_928.jpg,0,1,0,30.19031
/Users/davidfeliperiveraguerra/dev/seneca/cv-project/data/IMG/center_2025_12_03_12_09_36_997.jpg,/Users/davidfeliperiveraguerra/dev/seneca/cv-project/data/IMG/left_2025_12_03_12_09_36_997.jpg,/Users/davidfeliperiveraguerra/dev/seneca/cv-project/data/IMG/right_2025_12_03_12_09_36_997.jpg,0,1,0,30.19032
/Users/davidfeliperiveraguerra/dev/seneca/cv-project/data/IMG/center_2025_12_03_12_09_37_066.jpg,/Users/davidfeliperiveraguerra/dev/seneca/cv-project/data/IMG/left_2025_12_03_12_09_37_066.jpg,/Users/davidfeliperiveraguerra/dev/seneca/cv-project/data/IMG/right_2025_12_03_12_09_37_066.jpg,0,1,0,30.19033
/Users/davidfeliperiveraguerra/dev/seneca/cv-project/data/IMG/center_2025_12_03_12_09_37_136.jpg,/Users/davidfeliperiveraguerra/dev/seneca/cv-project/data/IMG/left_2025_12_03_12_09_37_136.jpg,/Users/davidfeliperiveraguerra/dev/seneca/cv-project/data/IMG/right_2025_12_03_12_09_37_136.jpg,0,1,0,30.19031
/Users/davidfeliperiveraguerra/dev/seneca/cv-project/data/IMG/center_2025_12_03_12_09_37_203.jpg,/Users/davidfeliperiveraguerra/dev/seneca/cv-project/data/IMG/left_2025_12_03_12_09_37_203.jpg,/Users/davidfeliperiveraguerra/dev/seneca/cv-project/data/IMG/right_2025_12_03_12_09_37_203.jpg,0,1,0,30.19034
/Users/davidfeliperiveraguerra/dev/seneca/cv-project/data/IMG/center_2025_12_03_12_09_37_269.jpg,/Users/davidfeliperiveraguerra/dev/seneca/cv-project/data/IMG/left_2025_12_03_12_09_37_269.jpg,/Users/davidfeliperiveraguerra/dev/seneca/cv-project/data/IMG/right_2025_12_03_12_09_37_269.jpg,0,1,0,30.19033
/Users/davidfeliperiveraguerra/dev/seneca/cv-project/data/IMG/center_2025_12_03_12_09_37_339.jpg,/Users/davidfeliperiveraguerra/dev/seneca/cv-project/data/IMG/left_2025_12_03_12_09_37_339.jpg,/Users/davidfeliperiveraguerra/dev/seneca/cv-project/data/IMG/right_2025_12_03_12_09_37_339.jpg,0,1,0,30.19033
/Users/davidfeliperiveraguerra/dev/seneca/cv-project/data/IMG/center_2025_12_03_12_09_37_410.jpg,/Users/davidfeliperiveraguerra/dev/seneca/cv-project/data/IMG/left_2025_12_03_12_09_37_410.jpg,/Users/davidfeliperiveraguerra/dev/seneca/cv-project/data/IMG/right_2025_12_03_12_09_37_410.jpg,0,1,0,30.19054
/Users/davidfeliperiveraguerra/dev/seneca/cv-project/data/IMG/center_2025_12_03_12_09_37_477.jpg,/Users/davidfeliperiveraguerra/dev/seneca/cv-project/data/IMG/left_2025_12_03_12_09_37_477.jpg,/Users/davidfeliperiveraguerra/dev/seneca/cv-project/data/IMG/right_2025_12_03_12_09_37_477.jpg,0,1,0,30.19019
/Users/davidfeliperiveraguerra/dev/seneca/cv-project/data/IMG/center_2025_12_03_12_09_37_544.jpg,/Users/davidfeliperiveraguerra/dev/seneca/cv-project/data/IMG/left_2025_12_03_12_09_37_544.jpg,/Users/davidfeliperiveraguerra/dev/seneca/cv-project/data/IMG/right_2025_12_03_12_09_37_544.jpg,-0.2,1,0,30.18009
/Users/davidfeliperiveraguerra/dev/seneca/cv-project/data/IMG/center_2025_12_03_12_09_37_616.jpg,/Users/davidfeliperiveraguerra/dev/seneca/cv-project/data/IMG/left_2025_12_03_12_09_37_616.jpg,/Users/davidfeliperiveraguerra/dev/seneca/cv-project/data/IMG/right_2025_12_03_12_09_37_616.jpg,0,1,0,30.18448
/Users/davidfeliperiveraguerra/dev/seneca/cv-project/data/IMG/center_2025_12_03_12_09_37_683.jpg,/Users/davidfeliperiveraguerra/dev/seneca/cv-project/data/IMG/left_2025_12_03_12_09_37_683.jpg,/Users/davidfeliperiveraguerra/dev/seneca/cv-project/data/IMG/right_2025_12_03_12_09_37_683.jpg,0,1,0,30.18952
/Users/davidfeliperiveraguerra/dev/seneca/cv-project/data/IMG/center_2025_12_03_12_09_37_752.jpg,/Users/davidfeliperiveraguerra/dev/seneca/cv-project/data/IMG/left_2025_12_03_12_09_37_752.jpg,/Users/davidfeliperiveraguerra/dev/seneca/cv-project/data/IMG/right_2025_12_03_12_09_37_752.jpg,0,1,0,30.19004
/Users/davidfeliperiveraguerra/dev/seneca/cv-project/data/IMG/center_2025_12_03_12_09_37_822.jpg,/Users/davidfeliperiveraguerra/dev/seneca/cv-project/data/IMG/left_2025_12_03_12_09_37_822.jpg,/Users/davidfeliperiveraguerra/dev/seneca/cv-project/data/IMG/right_2025_12_03_12_09_37_822.jpg,0,1,0,30.19027
/Users/davidfeliperiveraguerra/dev/seneca/cv-project/data/IMG/center_2025_12_03_12_09_37_890.jpg,/Users/davidfeliperiveraguerra/dev/seneca/cv-project/data/IMG/left_2025_12_03_12_09_37_890.jpg,/Users/davidfeliperiveraguerra/dev/seneca/cv-project/data/IMG/right_2025_12_03_12_09_37_890.jpg,0,1,0,30.19031
/Users/davidfeliperiveraguerra/dev/seneca/cv-project/data/IMG/center_2025_12_03_12_09_37_960.jpg,/Users/davidfeliperiveraguerra/dev/seneca/cv-project/data/IMG/left_2025_12_03_12_09_37_960.jpg,/Users/davidfeliperiveraguerra/dev/seneca/cv-project/data/IMG/right_2025_12_03_12_09_37_960.jpg,0,1,0,30.1903
/Users/davidfeliperiveraguerra/dev/seneca/cv-project/data/IMG/center_2025_12_03_12_09_38_027.jpg,/Users/davidfeliperiveraguerra/dev/seneca/cv-project/data/IMG/left_2025_12_03_12_09_38_027.jpg,/Users/davidfeliperiveraguerra/dev/seneca/cv-project/data/IMG/right_2025_12_03_12_09_38_027.jpg,0,1,0,30.19032
/Users/davidfeliperiveraguerra/dev/seneca/cv-project/data/IMG/center_2025_12_03_12_09_38_096.jpg,/Users/davidfeliperiveraguerra/dev/seneca/cv-project/data/IMG/left_2025_12_03_12_09_38_096.jpg,/Users/davidfeliperiveraguerra/dev/seneca/cv-project/data/IMG/right_2025_12_03_12_09_38_096.jpg,0,1,0,30.19034
/Users/davidfeliperiveraguerra/dev/seneca/cv-project/data/IMG/center_2025_12_03_12_09_38_166.jpg,/Users/davidfeliperiveraguerra/dev/seneca/cv-project/data/IMG/left_2025_12_03_12_09_38_166.jpg,/Users/davidfeliperiveraguerra/dev/seneca/cv-project/data/IMG/right_2025_12_03_12_09_38_166.jpg,0,1,0,30.19032
/Users/davidfeliperiveraguerra/dev/seneca/cv-project/data/IMG/center_2025_12_03_12_09_38_233.jpg,/Users/davidfeliperiveraguerra/dev/seneca/cv-project/data/IMG/left_2025_12_03_12_09_38_233.jpg,/Users/davidfeliperiveraguerra/dev/seneca/cv-project/data/IMG/right_2025_12_03_12_09_38_233.jpg,0,1,0,30.19032
/Users/davidfeliperiveraguerra/dev/seneca/cv-project/data/IMG/center_2025_12_03_12_09_38_299.jpg,/Users/davidfeliperiveraguerra/dev/seneca/cv-project/data/IMG/left_2025_12_03_12_09_38_299.jpg,/Users/davidfeliperiveraguerra/dev/seneca/cv-project/data/IMG/right_2025_12_03_12_09_38_299.jpg,0,1,0,30.19031
/Users/davidfeliperiveraguerra/dev/seneca/cv-project/data/IMG/center_2025_12_03_12_09_38_366.jpg,/Users/davidfeliperiveraguerra/dev/seneca/cv-project/data/IMG/left_2025_12_03_12_09_38_366.jpg,/Users/davidfeliperiveraguerra/dev/seneca/cv-project/data/IMG/right_2025_12_03_12_09_38_366.jpg,0,1,0,30.19032
/Users/davidfeliperiveraguerra/dev/seneca/cv-project/data/IMG/center_2025_12_03_12_09_38_436.jpg,/Users/davidfeliperiveraguerra/dev/seneca/cv-project/data/IMG/left_2025_12_03_12_09_38_436.jpg,/Users/davidfeliperiveraguerra/dev/seneca/cv-project/data/IMG/right_2025_12_03_12_09_38_436.jpg,0,1,0,30.19034
/Users/davidfeliperiveraguerra/dev/seneca/cv-project/data/IMG/center_2025_12_03_12_09_38_505.jpg,/Users/davidfeliperiveraguerra/dev/seneca/cv-project/data/IMG/left_2025_12_03_12_09_38_505.jpg,/Users/davidfeliperiveraguerra/dev/seneca/cv-project/data/IMG/right_2025_12_03_12_09_38_505.jpg,0,1,0,30.19032
/Users/davidfeliperiveraguerra/dev/seneca/cv-project/data/IMG/center_2025_12_03_12_09_38_574.jpg,/Users/davidfeliperiveraguerra/dev/seneca/cv-project/data/IMG/left_2025_12_03_12_09_38_574.jpg,/Users/davidfeliperiveraguerra/dev/seneca/cv-project/data/IMG/right_2025_12_03_12_09_38_574.jpg,0,1,0,30.19032
/Users/davidfeliperiveraguerra/dev/seneca/cv-project/data/IMG/center_2025_12_03_12_09_38_644.jpg,/Users/davidfeliperiveraguerra/dev/seneca/cv-project/data/IMG/left_2025_12_03_12_09_38_644.jpg,/Users/davidfeliperiveraguerra/dev/seneca/cv-project/data/IMG/right_2025_12_03_12_09_38_644.jpg,0,1,0,30.1903
/Users/davidfeliperiveraguerra/dev/seneca/cv-project/data/IMG/center_2025_12_03_12_09_38_711.jpg,/Users/davidfeliperiveraguerra/dev/seneca/cv-project/data/IMG/left_2025_12_03_12_09_38_711.jpg,/Users/davidfeliperiveraguerra/dev/seneca/cv-project/data/IMG/right_2025_12_03_12_09_38_711.jpg,0,1,0,30.19032
/Users/davidfeliperiveraguerra/dev/seneca/cv-project/data/IMG/center_2025_12_03_12_09_38_777.jpg,/Users/davidfeliperiveraguerra/dev/seneca/cv-project/data/IMG/left_2025_12_03_12_09_38_777.jpg,/Users/davidfeliperiveraguerra/dev/seneca/cv-project/data/IMG/right_2025_12_03_12_09_38_777.jpg,0,1,0,30.19032
/Users/davidfeliperiveraguerra/dev/seneca/cv-project/data/IMG/center_2025_12_03_12_09_38_844.jpg,/Users/davidfeliperiveraguerra/dev/seneca/cv-project/data/IMG/left_2025_12_03_12_09_38_844.jpg,/Users/davidfeliperiveraguerra/dev/seneca/cv-project/data/IMG/right_2025_12_03_12_09_38_844.jpg,0,1,0,30.19004
/Users/davidfeliperiveraguerra/dev/seneca/cv-project/data/IMG/center_2025_12_03_12_09_38_912.jpg,/Users/davidfeliperiveraguerra/dev/seneca/cv-project/data/IMG/left_2025_12_03_12_09_38_912.jpg,/Users/davidfeliperiveraguerra/dev/seneca/cv-project/data/IMG/right_2025_12_03_12_09_38_912.jpg,0,1,0,30.19017
/Users/davidfeliperiveraguerra/dev/seneca/cv-project/data/IMG/center_2025_12_03_12_09_38_983.jpg,/Users/davidfeliperiveraguerra/dev/seneca/cv-project/data/IMG/left_2025_12_03_12_09_38_983.jpg,/Users/davidfeliperiveraguerra/dev/seneca/cv-project/data/IMG/right_2025_12_03_12_09_38_983.jpg,0,1,0,30.19022
/Users/davidfeliperiveraguerra/dev/seneca/cv-project/data/IMG/center_2025_12_03_12_09_39_050.jpg,/Users/davidfeliperiveraguerra/dev/seneca/cv-project/data/IMG/left_2025_12_03_12_09_39_050.jpg,/Users/davidfeliperiveraguerra/dev/seneca/cv-project/data/IMG/right_2025_12_03_12_09_39_050.jpg,0,1,0,30.18987
/Users/davidfeliperiveraguerra/dev/seneca/cv-project/data/IMG/center_2025_12_03_12_09_39_117.jpg,/Users/davidfeliperiveraguerra/dev/seneca/cv-project/data/IMG/left_2025_12_03_12_09_39_117.jpg,/Users/davidfeliperiveraguerra/dev/seneca/cv-project/data/IMG/right_2025_12_03_12_09_39_117.jpg,0,1,0,30.19007
/Users/davidfeliperiveraguerra/dev/seneca/cv-project/data/IMG/center_2025_12_03_12_09_39_187.jpg,/Users/davidfeliperiveraguerra/dev/seneca/cv-project/data/IMG/left_2025_12_03_12_09_39_187.jpg,/Users/davidfeliperiveraguerra/dev/seneca/cv-project/data/IMG/right_2025_12_03_12_09_39_187.jpg,0,1,0,30.19015
/Users/davidfeliperiveraguerra/dev/seneca/cv-project/data/IMG/center_2025_12_03_12_09_39_254.jpg,/Users/davidfeliperiveraguerra/dev/seneca/cv-project/data/IMG/left_2025_12_03_12_09_39_254.jpg,/Users/davidfeliperiveraguerra/dev/seneca/cv-project/data/IMG/right_2025_12_03_12_09_39_254.jpg,0,1,0,30.19016
/Users/davidfeliperiveraguerra/dev/seneca/cv-project/data/IMG/center_2025_12_03_12_09_39_320.jpg,/Users/davidfeliperiveraguerra/dev/seneca/cv-project/data/IMG/left_2025_12_03_12_09_39_320.jpg,/Users/davidfeliperiveraguerra/dev/seneca/cv-project/data/IMG/right_2025_12_03_12_09_39_320.jpg,0,1,0,30.19016
/Users/davidfeliperiveraguerra/dev/seneca/cv-project/data/IMG/center_2025_12_03_12_09_39_391.jpg,/Users/davidfeliperiveraguerra/dev/seneca/cv-project/data/IMG/left_2025_12_03_12_09_39_391.jpg,/Users/davidfeliperiveraguerra/dev/seneca/cv-project/data/IMG/right_2025_12_03_12_09_39_391.jpg,0,1,0,30.19016
/Users/davidfeliperiveraguerra/dev/seneca/cv-project/data/IMG/center_2025_12_03_12_09_39_462.jpg,/Users/davidfeliperiveraguerra/dev/seneca/cv-project/data/IMG/left_2025_12_03_12_09_39_462.jpg,/Users/davidfeliperiveraguerra/dev/seneca/cv-project/data/IMG/right_2025_12_03_12_09_39_462.jpg,-0.15,1,0,30.18438
/Users/davidfeliperiveraguerra/dev/seneca/cv-project/data/IMG/center_2025_12_03_12_09_39_529.jpg,/Users/davidfeliperiveraguerra/dev/seneca/cv-project/data/IMG/left_2025_12_03_12_09_39_529.jpg,/Users/davidfeliperiveraguerra/dev/seneca/cv-project/data/IMG/right_2025_12_03_12_09_39_529.jpg,-0.3,1,0,30.16964
/Users/davidfeliperiveraguerra/dev/seneca/cv-project/data/IMG/center_2025_12_03_12_09_39_600.jpg,/Users/davidfeliperiveraguerra/dev/seneca/cv-project/data/IMG/left_2025_12_03_12_09_39_600.jpg,/Users/davidfeliperiveraguerra/dev/seneca/cv-project/data/IMG/right_2025_12_03_12_09_39_600.jpg,-0.45,1,0,30.15209
/Users/davidfeliperiveraguerra/dev/seneca/cv-project/data/IMG/center_2025_12_03_12_09_39_670.jpg,/Users/davidfeliperiveraguerra/dev/seneca/cv-project/data/IMG/left_2025_12_03_12_09_39_670.jpg,/Users/davidfeliperiveraguerra/dev/seneca/cv-project/data/IMG/right_2025_12_03_12_09_39_670.jpg,0,1,0,30.18825
/Users/davidfeliperiveraguerra/dev/seneca/cv-project/data/IMG/center_2025_12_03_12_09_39_741.jpg,/Users/davidfeliperiveraguerra/dev/seneca/cv-project/data/IMG/left_2025_12_03_12_09_39_741.jpg,/Users/davidfeliperiveraguerra/dev/seneca/cv-project/data/IMG/right_2025_12_03_12_09_39_741.jpg,0,1,0,30.18972
/Users/davidfeliperiveraguerra/dev/seneca/cv-project/data/IMG/center_2025_12_03_12_09_39_807.jpg,/Users/davidfeliperiveraguerra/dev/seneca/cv-project/data/IMG/left_2025_12_03_12_09_39_807.jpg,/Users/davidfeliperiveraguerra/dev/seneca/cv-project/data/IMG/right_2025_12_03_12_09_39_807.jpg,0,1,0,30.19034
/Users/davidfeliperiveraguerra/dev/seneca/cv-project/data/IMG/center_2025_12_03_12_09_39_875.jpg,/Users/davidfeliperiveraguerra/dev/seneca/cv-project/data/IMG/left_2025_12_03_12_09_39_875.jpg,/Users/davidfeliperiveraguerra/dev/seneca/cv-project/data/IMG/right_2025_12_03_12_09_39_875.jpg,0,1,0,30.19046
/Users/davidfeliperiveraguerra/dev/seneca/cv-project/data/IMG/center_2025_12_03_12_09_39_941.jpg,/Users/davidfeliperiveraguerra/dev/seneca/cv-project/data/IMG/left_2025_12_03_12_09_39_941.jpg,/Users/davidfeliperiveraguerra/dev/seneca/cv-project/data/IMG/right_2025_12_03_12_09_39_941.jpg,0,1,0,30.19051
/Users/davidfeliperiveraguerra/dev/seneca/cv-project/data/IMG/center_2025_12_03_12_09_40_009.jpg,/Users/davidfeliperiveraguerra/dev/seneca/cv-project/data/IMG/left_2025_12_03_12_09_40_009.jpg,/Users/davidfeliperiveraguerra/dev/seneca/cv-project/data/IMG/right_2025_12_03_12_09_40_009.jpg,0,1,0,30.19051
/Users/davidfeliperiveraguerra/dev/seneca/cv-project/data/IMG/center_2025_12_03_12_09_40_076.jpg,/Users/davidfeliperiveraguerra/dev/seneca/cv-project/data/IMG/left_2025_12_03_12_09_40_076.jpg,/Users/davidfeliperiveraguerra/dev/seneca/cv-project/data/IMG/right_2025_12_03_12_09_40_076.jpg,0,1,0,30.19051
/Users/davidfeliperiveraguerra/dev/seneca/cv-project/data/IMG/center_2025_12_03_12_09_40_146.jpg,/Users/davidfeliperiveraguerra/dev/seneca/cv-project/data/IMG/left_2025_12_03_12_09_40_146.jpg,/Users/davidfeliperiveraguerra/dev/seneca/cv-project/data/IMG/right_2025_12_03_12_09_40_146.jpg,0,1,0,30.19051
/Users/davidfeliperiveraguerra/dev/seneca/cv-project/data/IMG/center_2025_12_03_12_09_40_213.jpg,/Users/davidfeliperiveraguerra/dev/seneca/cv-project/data/IMG/left_2025_12_03_12_09_40_213.jpg,/Users/davidfeliperiveraguerra/dev/seneca/cv-project/data/IMG/right_2025_12_03_12_09_40_213.jpg,0,1,0,30.19068
/Users/davidfeliperiveraguerra/dev/seneca/cv-project/data/IMG/center_2025_12_03_12_09_40_284.jpg,/Users/davidfeliperiveraguerra/dev/seneca/cv-project/data/IMG/left_2025_12_03_12_09_40_284.jpg,/Users/davidfeliperiveraguerra/dev/seneca/cv-project/data/IMG/right_2025_12_03_12_09_40_284.jpg,0,1,0,30.19033
/Users/davidfeliperiveraguerra/dev/seneca/cv-project/data/IMG/center_2025_12_03_12_09_40_354.jpg,/Users/davidfeliperiveraguerra/dev/seneca/cv-project/data/IMG/left_2025_12_03_12_09_40_354.jpg,/Users/davidfeliperiveraguerra/dev/seneca/cv-project/data/IMG/right_2025_12_03_12_09_40_354.jpg,0,1,0,30.19041
/Users/davidfeliperiveraguerra/dev/seneca/cv-project/data/IMG/center_2025_12_03_12_09_40_421.jpg,/Users/davidfeliperiveraguerra/dev/seneca/cv-project/data/IMG/left_2025_12_03_12_09_40_421.jpg,/Users/davidfeliperiveraguerra/dev/seneca/cv-project/data/IMG/right_2025_12_03_12_09_40_421.jpg,0,1,0,30.19047
/Users/davidfeliperiveraguerra/dev/seneca/cv-project/data/IMG/center_2025_12_03_12_09_40_488.jpg,/Users/davidfeliperiveraguerra/dev/seneca/cv-project/data/IMG/left_2025_12_03_12_09_40_488.jpg,/Users/davidfeliperiveraguerra/dev/seneca/cv-project/data/IMG/right_2025_12_03_12_09_40_488.jpg,0,1,0,30.19024
/Users/davidfeliperiveraguerra/dev/seneca/cv-project/data/IMG/center_2025_12_03_12_09_40_556.jpg,/Users/davidfeliperiveraguerra/dev/seneca/cv-project/data/IMG/left_2025_12_03_12_09_40_556.jpg,/Users/davidfeliperiveraguerra/dev/seneca/cv-project/data/IMG/right_2025_12_03_12_09_40_556.jpg,0,1,0,30.19035
/Users/davidfeliperiveraguerra/dev/seneca/cv-project/data/IMG/center_2025_12_03_12_09_40_624.jpg,/Users/davidfeliperiveraguerra/dev/seneca/cv-project/data/IMG/left_2025_12_03_12_09_40_624.jpg,/Users/davidfeliperiveraguerra/dev/seneca/cv-project/data/IMG/right_2025_12_03_12_09_40_624.jpg,0,1,0,30.19038
/Users/davidfeliperiveraguerra/dev/seneca/cv-project/data/IMG/center_2025_12_03_12_09_40_693.jpg,/Users/davidfeliperiveraguerra/dev/seneca/cv-project/data/IMG/left_2025_12_03_12_09_40_693.jpg,/Users/davidfeliperiveraguerra/dev/seneca/cv-project/data/IMG/right_2025_12_03_12_09_40_693.jpg,0,1,0,30.19038
/Users/davidfeliperiveraguerra/dev/seneca/cv-project/data/IMG/center_2025_12_03_12_09_40_763.jpg,/Users/davidfeliperiveraguerra/dev/seneca/cv-project/data/IMG/left_2025_12_03_12_09_40_763.jpg,/Users/davidfeliperiveraguerra/dev/seneca/cv-project/data/IMG/right_2025_12_03_12_09_40_763.jpg,0.1,1,0,30.18759
/Users/davidfeliperiveraguerra/dev/seneca/cv-project/data/IMG/center_2025_12_03_12_09_40_834.jpg,/Users/davidfeliperiveraguerra/dev/seneca/cv-project/data/IMG/left_2025_12_03_12_09_40_834.jpg,/Users/davidfeliperiveraguerra/dev/seneca/cv-project/data/IMG/right_2025_12_03_12_09_40_834.jpg,0,1,0,30.18723
/Users/davidfeliperiveraguerra/dev/seneca/cv-project/data/IMG/center_2025_12_03_12_09_40_904.jpg,/Users/davidfeliperiveraguerra/dev/seneca/cv-project/data/IMG/left_2025_12_03_12_09_40_904.jpg,/Users/davidfeliperiveraguerra/dev/seneca/cv-project/data/IMG/right_2025_12_03_12_09_40_904.jpg,0,1,0,30.19015
/Users/davidfeliperiveraguerra/dev/seneca/cv-project/data/IMG/center_2025_12_03_12_09_40_971.jpg,/Users/davidfeliperiveraguerra/dev/seneca/cv-project/data/IMG/left_2025_12_03_12_09_40_971.jpg,/Users/davidfeliperiveraguerra/dev/seneca/cv-project/data/IMG/right_2025_12_03_12_09_40_971.jpg,0,1,0,30.19029
/Users/davidfeliperiveraguerra/dev/seneca/cv-project/data/IMG/center_2025_12_03_12_09_41_038.jpg,/Users/davidfeliperiveraguerra/dev/seneca/cv-project/data/IMG/left_2025_12_03_12_09_41_038.jpg,/Users/davidfeliperiveraguerra/dev/seneca/cv-project/data/IMG/right_2025_12_03_12_09_41_038.jpg,0,1,0,30.1903
/Users/davidfeliperiveraguerra/dev/seneca/cv-project/data/IMG/center_2025_12_03_12_09_41_105.jpg,/Users/davidfeliperiveraguerra/dev/seneca/cv-project/data/IMG/left_2025_12_03_12_09_41_105.jpg,/Users/davidfeliperiveraguerra/dev/seneca/cv-project/data/IMG/right_2025_12_03_12_09_41_105.jpg,0,1,0,30.1903
/Users/davidfeliperiveraguerra/dev/seneca/cv-project/data/IMG/center_2025_12_03_12_09_41_172.jpg,/Users/davidfeliperiveraguerra/dev/seneca/cv-project/data/IMG/left_2025_12_03_12_09_41_172.jpg,/Users/davidfeliperiveraguerra/dev/seneca/cv-project/data/IMG/right_2025_12_03_12_09_41_172.jpg,0,1,0,30.19033
/Users/davidfeliperiveraguerra/dev/seneca/cv-project/data/IMG/center_2025_12_03_12_09_41_239.jpg,/Users/davidfeliperiveraguerra/dev/seneca/cv-project/data/IMG/left_2025_12_03_12_09_41_239.jpg,/Users/davidfeliperiveraguerra/dev/seneca/cv-project/data/IMG/right_2025_12_03_12_09_41_239.jpg,0,1,0,30.19029
/Users/davidfeliperiveraguerra/dev/seneca/cv-project/data/IMG/center_2025_12_03_12_09_41_306.jpg,/Users/davidfeliperiveraguerra/dev/seneca/cv-project/data/IMG/left_2025_12_03_12_09_41_306.jpg,/Users/davidfeliperiveraguerra/dev/seneca/cv-project/data/IMG/right_2025_12_03_12_09_41_306.jpg,0,1,0,30.19029
/Users/davidfeliperiveraguerra/dev/seneca/cv-project/data/IMG/center_2025_12_03_12_09_41_373.jpg,/Users/davidfeliperiveraguerra/dev/seneca/cv-project/data/IMG/left_2025_12_03_12_09_41_373.jpg,/Users/davidfeliperiveraguerra/dev/seneca/cv-project/data/IMG/right_2025_12_03_12_09_41_373.jpg,0,1,0,30.19031
/Users/davidfeliperiveraguerra/dev/seneca/cv-project/data/IMG/center_2025_12_03_12_09_41_439.jpg,/Users/davidfeliperiveraguerra/dev/seneca/cv-project/data/IMG/left_2025_12_03_12_09_41_439.jpg,/Users/davidfeliperiveraguerra/dev/seneca/cv-project/data/IMG/right_2025_12_03_12_09_41_439.jpg,0,1,0,30.19029
/Users/davidfeliperiveraguerra/dev/seneca/cv-project/data/IMG/center_2025_12_03_12_09_41_510.jpg,/Users/davidfeliperiveraguerra/dev/seneca/cv-project/data/IMG/left_2025_12_03_12_09_41_510.jpg,/Users/davidfeliperiveraguerra/dev/seneca/cv-project/data/IMG/right_2025_12_03_12_09_41_510.jpg,0,1,0,30.1903
/Users/davidfeliperiveraguerra/dev/seneca/cv-project/data/IMG/center_2025_12_03_12_09_41_577.jpg,/Users/davidfeliperiveraguerra/dev/seneca/cv-project/data/IMG/left_2025_12_03_12_09_41_577.jpg,/Users/davidfeliperiveraguerra/dev/seneca/cv-project/data/IMG/right_2025_12_03_12_09_41_577.jpg,0,1,0,30.19029
/Users/davidfeliperiveraguerra/dev/seneca/cv-project/data/IMG/center_2025_12_03_12_09_41_645.jpg,/Users/davidfeliperiveraguerra/dev/seneca/cv-project/data/IMG/left_2025_12_03_12_09_41_645.jpg,/Users/davidfeliperiveraguerra/dev/seneca/cv-project/data/IMG/right_2025_12_03_12_09_41_645.jpg,-0.05,1,0,30.1898
/Users/davidfeliperiveraguerra/dev/seneca/cv-project/data/IMG/center_2025_12_03_12_09_41_714.jpg,/Users/davidfeliperiveraguerra/dev/seneca/cv-project/data/IMG/left_2025_12_03_12_09_41_714.jpg,/Users/davidfeliperiveraguerra/dev/seneca/cv-project/data/IMG/right_2025_12_03_12_09_41_714.jpg,-0.2,1,0,30.18001
/Users/davidfeliperiveraguerra/dev/seneca/cv-project/data/IMG/center_2025_12_03_12_09_41_781.jpg,/Users/davidfeliperiveraguerra/dev/seneca/cv-project/data/IMG/left_2025_12_03_12_09_41_781.jpg,/Users/davidfeliperiveraguerra/dev/seneca/cv-project/data/IMG/right_2025_12_03_12_09_41_781.jpg,0,1,0,30.19076
/Users/davidfeliperiveraguerra/dev/seneca/cv-project/data/IMG/center_2025_12_03_12_09_41_852.jpg,/Users/davidfeliperiveraguerra/dev/seneca/cv-project/data/IMG/left_2025_12_03_12_09_41_852.jpg,/Users/davidfeliperiveraguerra/dev/seneca/cv-project/data/IMG/right_2025_12_03_12_09_41_852.jpg,0,1,0,30.19075
/Users/davidfeliperiveraguerra/dev/seneca/cv-project/data/IMG/center_2025_12_03_12_09_41_922.jpg,/Users/davidfeliperiveraguerra/dev/seneca/cv-project/data/IMG/left_2025_12_03_12_09_41_922.jpg,/Users/davidfeliperiveraguerra/dev/seneca/cv-project/data/IMG/right_2025_12_03_12_09_41_922.jpg,0,1,0,30.19002
/Users/davidfeliperiveraguerra/dev/seneca/cv-project/data/IMG/center_2025_12_03_12_09_42_008.jpg,/Users/davidfeliperiveraguerra/dev/seneca/cv-project/data/IMG/left_2025_12_03_12_09_42_008.jpg,/Users/davidfeliperiveraguerra/dev/seneca/cv-project/data/IMG/right_2025_12_03_12_09_42_008.jpg,0,1,0,30.19023
/Users/davidfeliperiveraguerra/dev/seneca/cv-project/data/IMG/center_2025_12_03_12_09_42_087.jpg,/Users/davidfeliperiveraguerra/dev/seneca/cv-project/data/IMG/left_2025_12_03_12_09_42_087.jpg,/Users/davidfeliperiveraguerra/dev/seneca/cv-project/data/IMG/right_2025_12_03_12_09_42_087.jpg,0,1,0,30.19025
/Users/davidfeliperiveraguerra/dev/seneca/cv-project/data/IMG/center_2025_12_03_12_09_42_156.jpg,/Users/davidfeliperiveraguerra/dev/seneca/cv-project/data/IMG/left_2025_12_03_12_09_42_156.jpg,/Users/davidfeliperiveraguerra/dev/seneca/cv-project/data/IMG/right_2025_12_03_12_09_42_156.jpg,0,1,0,30.19027
/Users/davidfeliperiveraguerra/dev/seneca/cv-project/data/IMG/center_2025_12_03_12_09_42_228.jpg,/Users/davidfeliperiveraguerra/dev/seneca/cv-project/data/IMG/left_2025_12_03_12_09_42_228.jpg,/Users/davidfeliperiveraguerra/dev/seneca/cv-project/data/IMG/right_2025_12_03_12_09_42_228.jpg,0,1,0,30.19024
/Users/davidfeliperiveraguerra/dev/seneca/cv-project/data/IMG/center_2025_12_03_12_09_42_297.jpg,/Users/davidfeliperiveraguerra/dev/seneca/cv-project/data/IMG/left_2025_12_03_12_09_42_297.jpg,/Users/davidfeliperiveraguerra/dev/seneca/cv-project/data/IMG/right_2025_12_03_12_09_42_297.jpg,0,1,0,30.19027
/Users/davidfeliperiveraguerra/dev/seneca/cv-project/data/IMG/center_2025_12_03_12_09_42_368.jpg,/Users/davidfeliperiveraguerra/dev/seneca/cv-project/data/IMG/left_2025_12_03_12_09_42_368.jpg,/Users/davidfeliperiveraguerra/dev/seneca/cv-project/data/IMG/right_2025_12_03_12_09_42_368.jpg,-0.2,1,0,30.18018
/Users/davidfeliperiveraguerra/dev/seneca/cv-project/data/IMG/center_2025_12_03_12_09_42_436.jpg,/Users/davidfeliperiveraguerra/dev/seneca/cv-project/data/IMG/left_2025_12_03_12_09_42_436.jpg,/Users/davidfeliperiveraguerra/dev/seneca/cv-project/data/IMG/right_2025_12_03_12_09_42_436.jpg,0,1,0,30.19084
/Users/davidfeliperiveraguerra/dev/seneca/cv-project/data/IMG/center_2025_12_03_12_09_42_503.jpg,/Users/davidfeliperiveraguerra/dev/seneca/cv-project/data/IMG/left_2025_12_03_12_09_42_503.jpg,/Users/davidfeliperiveraguerra/dev/seneca/cv-project/data/IMG/right_2025_12_03_12_09_42_503.jpg,0,1,0,30.19016
/Users/davidfeliperiveraguerra/dev/seneca/cv-project/data/IMG/center_2025_12_03_12_09_42_572.jpg,/Users/davidfeliperiveraguerra/dev/seneca/cv-project/data/IMG/left_2025_12_03_12_09_42_572.jpg,/Users/davidfeliperiveraguerra/dev/seneca/cv-project/data/IMG/right_2025_12_03_12_09_42_572.jpg,0,1,0,30.1903
/Users/davidfeliperiveraguerra/dev/seneca/cv-project/data/IMG/center_2025_12_03_12_09_42_640.jpg,/Users/davidfeliperiveraguerra/dev/seneca/cv-project/data/IMG/left_2025_12_03_12_09_42_640.jpg,/Users/davidfeliperiveraguerra/dev/seneca/cv-project/data/IMG/right_2025_12_03_12_09_42_640.jpg,0,1,0,30.19034
/Users/davidfeliperiveraguerra/dev/seneca/cv-project/data/IMG/center_2025_12_03_12_09_42_710.jpg,/Users/davidfeliperiveraguerra/dev/seneca/cv-project/data/IMG/left_2025_12_03_12_09_42_710.jpg,/Users/davidfeliperiveraguerra/dev/seneca/cv-project/data/IMG/right_2025_12_03_12_09_42_710.jpg,0,1,0,30.19039
/Users/davidfeliperiveraguerra/dev/seneca/cv-project/data/IMG/center_2025_12_03_12_09_42_779.jpg,/Users/davidfeliperiveraguerra/dev/seneca/cv-project/data/IMG/left_2025_12_03_12_09_42_779.jpg,/Users/davidfeliperiveraguerra/dev/seneca/cv-project/data/IMG/right_2025_12_03_12_09_42_779.jpg,0,1,0,30.19036
/Users/davidfeliperiveraguerra/dev/seneca/cv-project/data/IMG/center_2025_12_03_12_09_42_848.jpg,/Users/davidfeliperiveraguerra/dev/seneca/cv-project/data/IMG/left_2025_12_03_12_09_42_848.jpg,/Users/davidfeliperiveraguerra/dev/seneca/cv-project/data/IMG/right_2025_12_03_12_09_42_848.jpg,0,1,0,30.19041
/Users/davidfeliperiveraguerra/dev/seneca/cv-project/data/IMG/center_2025_12_03_12_09_42_915.jpg,/Users/davidfeliperiveraguerra/dev/seneca/cv-project/data/IMG/left_2025_12_03_12_09_42_915.jpg,/Users/davidfeliperiveraguerra/dev/seneca/cv-project/data/IMG/right_2025_12_03_12_09_42_915.jpg,0,1,0,30.1904
/Users/davidfeliperiveraguerra/dev/seneca/cv-project/data/IMG/center_2025_12_03_12_09_42_983.jpg,/Users/davidfeliperiveraguerra/dev/seneca/cv-project/data/IMG/left_2025_12_03_12_09_42_983.jpg,/Users/davidfeliperiveraguerra/dev/seneca/cv-project/data/IMG/right_2025_12_03_12_09_42_983.jpg,0,1,0,30.1904
/Users/davidfeliperiveraguerra/dev/seneca/cv-project/data/IMG/center_2025_12_03_12_09_43_053.jpg,/Users/davidfeliperiveraguerra/dev/seneca/cv-project/data/IMG/left_2025_12_03_12_09_43_053.jpg,/Users/davidfeliperiveraguerra/dev/seneca/cv-project/data/IMG/right_2025_12_03_12_09_43_053.jpg,0,1,0,30.19097
/Users/davidfeliperiveraguerra/dev/seneca/cv-project/data/IMG/center_2025_12_03_12_09_43_124.jpg,/Users/davidfeliperiveraguerra/dev/seneca/cv-project/data/IMG/left_2025_12_03_12_09_43_124.jpg,/Users/davidfeliperiveraguerra/dev/seneca/cv-project/data/IMG/right_2025_12_03_12_09_43_124.jpg,0,1,0,30.19023
/Users/davidfeliperiveraguerra/dev/seneca/cv-project/data/IMG/center_2025_12_03_12_09_43_195.jpg,/Users/davidfeliperiveraguerra/dev/seneca/cv-project/data/IMG/left_2025_12_03_12_09_43_195.jpg,/Users/davidfeliperiveraguerra/dev/seneca/cv-project/data/IMG/right_2025_12_03_12_09_43_195.jpg,0,1,0,30.19026
/Users/davidfeliperiveraguerra/dev/seneca/cv-project/data/IMG/center_2025_12_03_12_09_43_262.jpg,/Users/davidfeliperiveraguerra/dev/seneca/cv-project/data/IMG/left_2025_12_03_12_09_43_262.jpg,/Users/davidfeliperiveraguerra/dev/seneca/cv-project/data/IMG/right_2025_12_03_12_09_43_262.jpg,0,1,0,30.19063
/Users/davidfeliperiveraguerra/dev/seneca/cv-project/data/IMG/center_2025_12_03_12_09_43_335.jpg,/Users/davidfeliperiveraguerra/dev/seneca/cv-project/data/IMG/left_2025_12_03_12_09_43_335.jpg,/Users/davidfeliperiveraguerra/dev/seneca/cv-project/data/IMG/right_2025_12_03_12_09_43_335.jpg,0,1,0,30.19012
/Users/davidfeliperiveraguerra/dev/seneca/cv-project/data/IMG/center_2025_12_03_12_09_43_405.jpg,/Users/davidfeliperiveraguerra/dev/seneca/cv-project/data/IMG/left_2025_12_03_12_09_43_405.jpg,/Users/davidfeliperiveraguerra/dev/seneca/cv-project/data/IMG/right_2025_12_03_12_09_43_405.jpg,0,1,0,30.19022
/Users/davidfeliperiveraguerra/dev/seneca/cv-project/data/IMG/center_2025_12_03_12_09_43_474.jpg,/Users/davidfeliperiveraguerra/dev/seneca/cv-project/data/IMG/left_2025_12_03_12_09_43_474.jpg,/Users/davidfeliperiveraguerra/dev/seneca/cv-project/data/IMG/right_2025_12_03_12_09_43_474.jpg,0,1,0,30.19026
/Users/davidfeliperiveraguerra/dev/seneca/cv-project/data/IMG/center_2025_12_03_12_09_43_541.jpg,/Users/davidfeliperiveraguerra/dev/seneca/cv-project/data/IMG/left_2025_12_03_12_09_43_541.jpg,/Users/davidfeliperiveraguerra/dev/seneca/cv-project/data/IMG/right_2025_12_03_12_09_43_541.jpg,0,1,0,30.19026
/Users/davidfeliperiveraguerra/dev/seneca/cv-project/data/IMG/center_2025_12_03_12_09_43_612.jpg,/Users/davidfeliperiveraguerra/dev/seneca/cv-project/data/IMG/left_2025_12_03_12_09_43_612.jpg,/Users/davidfeliperiveraguerra/dev/seneca/cv-project/data/IMG/right_2025_12_03_12_09_43_612.jpg,0,1,0,30.19024
/Users/davidfeliperiveraguerra/dev/seneca/cv-project/data/IMG/center_2025_12_03_12_09_43_679.jpg,/Users/davidfeliperiveraguerra/dev/seneca/cv-project/data/IMG/left_2025_12_03_12_09_43_679.jpg,/Users/davidfeliperiveraguerra/dev/seneca/cv-project/data/IMG/right_2025_12_03_12_09_43_679.jpg,0,1,0,30.19022
/Users/davidfeliperiveraguerra/dev/seneca/cv-project/data/IMG/center_2025_12_03_12_09_43_752.jpg,/Users/davidfeliperiveraguerra/dev/seneca/cv-project/data/IMG/left_2025_12_03_12_09_43_752.jpg,/Users/davidfeliperiveraguerra/dev/seneca/cv-project/data/IMG/right_2025_12_03_12_09_43_752.jpg,0,1,0,30.19022
/Users/davidfeliperiveraguerra/dev/seneca/cv-project/data/IMG/center_2025_12_03_12_09_43_823.jpg,/Users/davidfeliperiveraguerra/dev/seneca/cv-project/data/IMG/left_2025_12_03_12_09_43_823.jpg,/Users/davidfeliperiveraguerra/dev/seneca/cv-project/data/IMG/right_2025_12_03_12_09_43_823.jpg,0,1,0,30.19023
/Users/davidfeliperiveraguerra/dev/seneca/cv-project/data/IMG/center_2025_12_03_12_09_43_891.jpg,/Users/davidfeliperiveraguerra/dev/seneca/cv-project/data/IMG/left_2025_12_03_12_09_43_891.jpg,/Users/davidfeliperiveraguerra/dev/seneca/cv-project/data/IMG/right_2025_12_03_12_09_43_891.jpg,0,1,0,30.19023
/Users/davidfeliperiveraguerra/dev/seneca/cv-project/data/IMG/center_2025_12_03_12_09_43_962.jpg,/Users/davidfeliperiveraguerra/dev/seneca/cv-project/data/IMG/left_2025_12_03_12_09_43_962.jpg,/Users/davidfeliperiveraguerra/dev/seneca/cv-project/data/IMG/right_2025_12_03_12_09_43_962.jpg,0,1,0,30.19023
/Users/davidfeliperiveraguerra/dev/seneca/cv-project/data/IMG/center_2025_12_03_12_09_44_035.jpg,/Users/davidfeliperiveraguerra/dev/seneca/cv-project/data/IMG/left_2025_12_03_12_09_44_035.jpg,/Users/davidfeliperiveraguerra/dev/seneca/cv-project/data/IMG/right_2025_12_03_12_09_44_035.jpg,0,1,0,30.19023
/Users/davidfeliperiveraguerra/dev/seneca/cv-project/data/IMG/center_2025_12_03_12_09_44_107.jpg,/Users/davidfeliperiveraguerra/dev/seneca/cv-project/data/IMG/left_2025_12_03_12_09_44_107.jpg,/Users/davidfeliperiveraguerra/dev/seneca/cv-project/data/IMG/right_2025_12_03_12_09_44_107.jpg,0,1,0,30.19023
/Users/davidfeliperiveraguerra/dev/seneca/cv-project/data/IMG/center_2025_12_03_12_09_44_173.jpg,/Users/davidfeliperiveraguerra/dev/seneca/cv-project/data/IMG/left_2025_12_03_12_09_44_173.jpg,/Users/davidfeliperiveraguerra/dev/seneca/cv-project/data/IMG/right_2025_12_03_12_09_44_173.jpg,0,1,0,30.19024
/Users/davidfeliperiveraguerra/dev/seneca/cv-project/data/IMG/center_2025_12_03_12_09_44_240.jpg,/Users/davidfeliperiveraguerra/dev/seneca/cv-project/data/IMG/left_2025_12_03_12_09_44_240.jpg,/Users/davidfeliperiveraguerra/dev/seneca/cv-project/data/IMG/right_2025_12_03_12_09_44_240.jpg,0,1,0,30.19023
/Users/davidfeliperiveraguerra/dev/seneca/cv-project/data/IMG/center_2025_12_03_12_09_44_308.jpg,/Users/davidfeliperiveraguerra/dev/seneca/cv-project/data/IMG/left_2025_12_03_12_09_44_308.jpg,/Users/davidfeliperiveraguerra/dev/seneca/cv-project/data/IMG/right_2025_12_03_12_09_44_308.jpg,0,1,0,30.19022
/Users/davidfeliperiveraguerra/dev/seneca/cv-project/data/IMG/center_2025_12_03_12_09_44_375.jpg,/Users/davidfeliperiveraguerra/dev/seneca/cv-project/data/IMG/left_2025_12_03_12_09_44_375.jpg,/Users/davidfeliperiveraguerra/dev/seneca/cv-project/data/IMG/right_2025_12_03_12_09_44_375.jpg,0,1,0,30.19023
/Users/davidfeliperiveraguerra/dev/seneca/cv-project/data/IMG/center_2025_12_03_12_09_44_444.jpg,/Users/davidfeliperiveraguerra/dev/seneca/cv-project/data/IMG/left_2025_12_03_12_09_44_444.jpg,/Users/davidfeliperiveraguerra/dev/seneca/cv-project/data/IMG/right_2025_12_03_12_09_44_444.jpg,-0.1,1,0,30.18818
/Users/davidfeliperiveraguerra/dev/seneca/cv-project/data/IMG/center_2025_12_03_12_09_44_514.jpg,/Users/davidfeliperiveraguerra/dev/seneca/cv-project/data/IMG/left_2025_12_03_12_09_44_514.jpg,/Users/davidfeliperiveraguerra/dev/seneca/cv-project/data/IMG/right_2025_12_03_12_09_44_514.jpg,0,1,0,30.18699
/Users/davidfeliperiveraguerra/dev/seneca/cv-project/data/IMG/center_2025_12_03_12_09_44_581.jpg,/Users/davidfeliperiveraguerra/dev/seneca/cv-project/data/IMG/left_2025_12_03_12_09_44_581.jpg,/Users/davidfeliperiveraguerra/dev/seneca/cv-project/data/IMG/right_2025_12_03_12_09_44_581.jpg,0,1,0,30.19006
/Users/davidfeliperiveraguerra/dev/seneca/cv-project/data/IMG/center_2025_12_03_12_09_44_649.jpg,/Users/davidfeliperiveraguerra/dev/seneca/cv-project/data/IMG/left_2025_12_03_12_09_44_649.jpg,/Users/davidfeliperiveraguerra/dev/seneca/cv-project/data/IMG/right_2025_12_03_12_09_44_649.jpg,0,1,0,30.19029
/Users/davidfeliperiveraguerra/dev/seneca/cv-project/data/IMG/center_2025_12_03_12_09_44_716.jpg,/Users/davidfeliperiveraguerra/dev/seneca/cv-project/data/IMG/left_2025_12_03_12_09_44_716.jpg,/Users/davidfeliperiveraguerra/dev/seneca/cv-project/data/IMG/right_2025_12_03_12_09_44_716.jpg,0,1,0,30.18995
/Users/davidfeliperiveraguerra/dev/seneca/cv-project/data/IMG/center_2025_12_03_12_09_44_787.jpg,/Users/davidfeliperiveraguerra/dev/seneca/cv-project/data/IMG/left_2025_12_03_12_09_44_787.jpg,/Users/davidfeliperiveraguerra/dev/seneca/cv-project/data/IMG/right_2025_12_03_12_09_44_787.jpg,0,1,0,30.19011
/Users/davidfeliperiveraguerra/dev/seneca/cv-project/data/IMG/center_2025_12_03_12_09_44_859.jpg,/Users/davidfeliperiveraguerra/dev/seneca/cv-project/data/IMG/left_2025_12_03_12_09_44_859.jpg,/Users/davidfeliperiveraguerra/dev/seneca/cv-project/data/IMG/right_2025_12_03_12_09_44_859.jpg,-0.1,1,0,30.18791
/Users/davidfeliperiveraguerra/dev/seneca/cv-project/data/IMG/center_2025_12_03_12_09_44_926.jpg,/Users/davidfeliperiveraguerra/dev/seneca/cv-project/data/IMG/left_2025_12_03_12_09_44_926.jpg,/Users/davidfeliperiveraguerra/dev/seneca/cv-project/data/IMG/right_2025_12_03_12_09_44_926.jpg,-0.3,1,0,30.16992
/Users/davidfeliperiveraguerra/dev/seneca/cv-project/data/IMG/center_2025_12_03_12_09_44_993.jpg,/Users/davidfeliperiveraguerra/dev/seneca/cv-project/data/IMG/left_2025_12_03_12_09_44_993.jpg,/Users/davidfeliperiveraguerra/dev/seneca/cv-project/data/IMG/right_2025_12_03_12_09_44_993.jpg,0,1,0,30.18869
/Users/davidfeliperiveraguerra/dev/seneca/cv-project/data/IMG/center_2025_12_03_12_09_45_065.jpg,/Users/davidfeliperiveraguerra/dev/seneca/cv-project/data/IMG/left_2025_12_03_12_09_45_065.jpg,/Users/davidfeliperiveraguerra/dev/seneca/cv-project/data/IMG/right_2025_12_03_12_09_45_065.jpg,0,1,0,30.19004
/Users/davidfeliperiveraguerra/dev/seneca/cv-project/data/IMG/center_2025_12_03_12_09_45_137.jpg,/Users/davidfeliperiveraguerra/dev/seneca/cv-project/data/IMG/left_2025_12_03_12_09_45_137.jpg,/Users/davidfeliperiveraguerra/dev/seneca/cv-project/data/IMG/right_2025_12_03_12_09_45_137.jpg,0,1,0,30.19019
/Users/davidfeliperiveraguerra/dev/seneca/cv-project/data/IMG/center_2025_12_03_12_09_45_209.jpg,/Users/davidfeliperiveraguerra/dev/seneca/cv-project/data/IMG/left_2025_12_03_12_09_45_209.jpg,/Users/davidfeliperiveraguerra/dev/seneca/cv-project/data/IMG/right_2025_12_03_12_09_45_209.jpg,0,1,0,30.19032
/Users/davidfeliperiveraguerra/dev/seneca/cv-project/data/IMG/center_2025_12_03_12_09_45_281.jpg,/Users/davidfeliperiveraguerra/dev/seneca/cv-project/data/IMG/left_2025_12_03_12_09_45_281.jpg,/Users/davidfeliperiveraguerra/dev/seneca/cv-project/data/IMG/right_2025_12_03_12_09_45_281.jpg,0,1,0,30.19028
/Users/davidfeliperiveraguerra/dev/seneca/cv-project/data/IMG/center_2025_12_03_12_09_45_352.jpg,/Users/davidfeliperiveraguerra/dev/seneca/cv-project/data/IMG/left_2025_12_03_12_09_45_352.jpg,/Users/davidfeliperiveraguerra/dev/seneca/cv-project/data/IMG/right_2025_12_03_12_09_45_352.jpg,0,1,0,30.19031
/Users/davidfeliperiveraguerra/dev/seneca/cv-project/data/IMG/center_2025_12_03_12_09_45_419.jpg,/Users/davidfeliperiveraguerra/dev/seneca/cv-project/data/IMG/left_2025_12_03_12_09_45_419.jpg,/Users/davidfeliperiveraguerra/dev/seneca/cv-project/data/IMG/right_2025_12_03_12_09_45_419.jpg,0,1,0,30.19035
/Users/davidfeliperiveraguerra/dev/seneca/cv-project/data/IMG/center_2025_12_03_12_09_45_491.jpg,/Users/davidfeliperiveraguerra/dev/seneca/cv-project/data/IMG/left_2025_12_03_12_09_45_491.jpg,/Users/davidfeliperiveraguerra/dev/seneca/cv-project/data/IMG/right_2025_12_03_12_09_45_491.jpg,0,1,0,30.19033
/Users/davidfeliperiveraguerra/dev/seneca/cv-project/data/IMG/center_2025_12_03_12_09_45_561.jpg,/Users/davidfeliperiveraguerra/dev/seneca/cv-project/data/IMG/left_2025_12_03_12_09_45_561.jpg,/Users/davidfeliperiveraguerra/dev/seneca/cv-project/data/IMG/right_2025_12_03_12_09_45_561.jpg,0,1,0,30.19034
/Users/davidfeliperiveraguerra/dev/seneca/cv-project/data/IMG/center_2025_12_03_12_09_45_632.jpg,/Users/davidfeliperiveraguerra/dev/seneca/cv-project/data/IMG/left_2025_12_03_12_09_45_632.jpg,/Users/davidfeliperiveraguerra/dev/seneca/cv-project/data/IMG/right_2025_12_03_12_09_45_632.jpg,0,1,0,30.19036
/Users/davidfeliperiveraguerra/dev/seneca/cv-project/data/IMG/center_2025_12_03_12_09_45_703.jpg,/Users/davidfeliperiveraguerra/dev/seneca/cv-project/data/IMG/left_2025_12_03_12_09_45_703.jpg,/Users/davidfeliperiveraguerra/dev/seneca/cv-project/data/IMG/right_2025_12_03_12_09_45_703.jpg,0,1,0,30.19036
/Users/davidfeliperiveraguerra/dev/seneca/cv-project/data/IMG/center_2025_12_03_12_09_45_772.jpg,/Users/davidfeliperiveraguerra/dev/seneca/cv-project/data/IMG/left_2025_12_03_12_09_45_772.jpg,/Users/davidfeliperiveraguerra/dev/seneca/cv-project/data/IMG/right_2025_12_03_12_09_45_772.jpg,0,1,0,30.19037
/Users/davidfeliperiveraguerra/dev/seneca/cv-project/data/IMG/center_2025_12_03_12_09_45_841.jpg,/Users/davidfeliperiveraguerra/dev/seneca/cv-project/data/IMG/left_2025_12_03_12_09_45_841.jpg,/Users/davidfeliperiveraguerra/dev/seneca/cv-project/data/IMG/right_2025_12_03_12_09_45_841.jpg,0,1,0,30.19073
/Users/davidfeliperiveraguerra/dev/seneca/cv-project/data/IMG/center_2025_12_03_12_09_45_913.jpg,/Users/davidfeliperiveraguerra/dev/seneca/cv-project/data/IMG/left_2025_12_03_12_09_45_913.jpg,/Users/davidfeliperiveraguerra/dev/seneca/cv-project/data/IMG/right_2025_12_03_12_09_45_913.jpg,0,1,0,30.19014
/Users/davidfeliperiveraguerra/dev/seneca/cv-project/data/IMG/center_2025_12_03_12_09_45_981.jpg,/Users/davidfeliperiveraguerra/dev/seneca/cv-project/data/IMG/left_2025_12_03_12_09_45_981.jpg,/Users/davidfeliperiveraguerra/dev/seneca/cv-project/data/IMG/right_2025_12_03_12_09_45_981.jpg,0,1,0,30.1902
/Users/davidfeliperiveraguerra/dev/seneca/cv-project/data/IMG/center_2025_12_03_12_09_46_050.jpg,/Users/davidfeliperiveraguerra/dev/seneca/cv-project/data/IMG/left_2025_12_03_12_09_46_050.jpg,/Users/davidfeliperiveraguerra/dev/seneca/cv-project/data/IMG/right_2025_12_03_12_09_46_050.jpg,0,1,0,30.19095
/Users/davidfeliperiveraguerra/dev/seneca/cv-project/data/IMG/center_2025_12_03_12_09_46_117.jpg,/Users/davidfeliperiveraguerra/dev/seneca/cv-project/data/IMG/left_2025_12_03_12_09_46_117.jpg,/Users/davidfeliperiveraguerra/dev/seneca/cv-project/data/IMG/right_2025_12_03_12_09_46_117.jpg,0,1,0,30.19
/Users/davidfeliperiveraguerra/dev/seneca/cv-project/data/IMG/center_2025_12_03_12_09_46_187.jpg,/Users/davidfeliperiveraguerra/dev/seneca/cv-project/data/IMG/left_2025_12_03_12_09_46_187.jpg,/Users/davidfeliperiveraguerra/dev/seneca/cv-project/data/IMG/right_2025_12_03_12_09_46_187.jpg,0,1,0,30.19017
/Users/davidfeliperiveraguerra/dev/seneca/cv-project/data/IMG/center_2025_12_03_12_09_46_254.jpg,/Users/davidfeliperiveraguerra/dev/seneca/cv-project/data/IMG/left_2025_12_03_12_09_46_254.jpg,/Users/davidfeliperiveraguerra/dev/seneca/cv-project/data/IMG/right_2025_12_03_12_09_46_254.jpg,0,1,0,30.19014
/Users/davidfeliperiveraguerra/dev/seneca/cv-project/data/IMG/center_2025_12_03_12_09_46_321.jpg,/Users/davidfeliperiveraguerra/dev/seneca/cv-project/data/IMG/left_2025_12_03_12_09_46_321.jpg,/Users/davidfeliperiveraguerra/dev/seneca/cv-project/data/IMG/right_2025_12_03_12_09_46_321.jpg,0,1,0,30.19016
/Users/davidfeliperiveraguerra/dev/seneca/cv-project/data/IMG/center_2025_12_03_12_09_46_392.jpg,/Users/davidfeliperiveraguerra/dev/seneca/cv-project/data/IMG/left_2025_12_03_12_09_46_392.jpg,/Users/davidfeliperiveraguerra/dev/seneca/cv-project/data/IMG/right_2025_12_03_12_09_46_392.jpg,-0.05,1,0,30.18969
/Users/davidfeliperiveraguerra/dev/seneca/cv-project/data/IMG/center_2025_12_03_12_09_46_463.jpg,/Users/davidfeliperiveraguerra/dev/seneca/cv-project/data/IMG/left_2025_12_03_12_09_46_463.jpg,/Users/davidfeliperiveraguerra/dev/seneca/cv-project/data/IMG/right_2025_12_03_12_09_46_463.jpg,0,1,0,30.1871
/Users/davidfeliperiveraguerra/dev/seneca/cv-project/data/IMG/center_2025_12_03_12_09_46_536.jpg,/Users/davidfeliperiveraguerra/dev/seneca/cv-project/data/IMG/left_2025_12_03_12_09_46_536.jpg,/Users/davidfeliperiveraguerra/dev/seneca/cv-project/data/IMG/right_2025_12_03_12_09_46_536.jpg,0,1,0,30.19013
/Users/davidfeliperiveraguerra/dev/seneca/cv-project/data/IMG/center_2025_12_03_12_09_46_608.jpg,/Users/davidfeliperiveraguerra/dev/seneca/cv-project/data/IMG/left_2025_12_03_12_09_46_608.jpg,/Users/davidfeliperiveraguerra/dev/seneca/cv-project/data/IMG/right_2025_12_03_12_09_46_608.jpg,0,1,0,30.19016
/Users/davidfeliperiveraguerra/dev/seneca/cv-project/data/IMG/center_2025_12_03_12_09_46_675.jpg,/Users/davidfeliperiveraguerra/dev/seneca/cv-project/data/IMG/left_2025_12_03_12_09_46_675.jpg,/Users/davidfeliperiveraguerra/dev/seneca/cv-project/data/IMG/right_2025_12_03_12_09_46_675.jpg,0,1,0,30.19022
/Users/davidfeliperiveraguerra/dev/seneca/cv-project/data/IMG/center_2025_12_03_12_09_46_741.jpg,/Users/davidfeliperiveraguerra/dev/seneca/cv-project/data/IMG/left_2025_12_03_12_09_46_741.jpg,/Users/davidfeliperiveraguerra/dev/seneca/cv-project/data/IMG/right_2025_12_03_12_09_46_741.jpg,0,1,0,30.19023
/Users/davidfeliperiveraguerra/dev/seneca/cv-project/data/IMG/center_2025_12_03_12_09_46_808.jpg,/Users/davidfeliperiveraguerra/dev/seneca/cv-project/data/IMG/left_2025_12_03_12_09_46_808.jpg,/Users/davidfeliperiveraguerra/dev/seneca/cv-project/data/IMG/right_2025_12_03_12_09_46_808.jpg,-0.1,1,0,30.18799
/Users/davidfeliperiveraguerra/dev/seneca/cv-project/data/IMG/center_2025_12_03_12_09_46_880.jpg,/Users/davidfeliperiveraguerra/dev/seneca/cv-project/data/IMG/left_2025_12_03_12_09_46_880.jpg,/Users/davidfeliperiveraguerra/dev/seneca/cv-project/data/IMG/right_2025_12_03_12_09_46_880.jpg,-0.25,1,0,30.17543
/Users/davidfeliperiveraguerra/dev/seneca/cv-project/data/IMG/center_2025_12_03_12_09_46_949.jpg,/Users/davidfeliperiveraguerra/dev/seneca/cv-project/data/IMG/left_2025_12_03_12_09_46_949.jpg,/Users/davidfeliperiveraguerra/dev/seneca/cv-project/data/IMG/right_2025_12_03_12_09_46_949.jpg,0,1,0,30.18881
/Users/davidfeliperiveraguerra/dev/seneca/cv-project/data/IMG/center_2025_12_03_12_09_47_021.jpg,/Users/davidfeliperiveraguerra/dev/seneca/cv-project/data/IMG/left_2025_12_03_12_09_47_021.jpg,/Users/davidfeliperiveraguerra/dev/seneca/cv-project/data/IMG/right_2025_12_03_12_09_47_021.jpg,0,1,0,30.19008
/Users/davidfeliperiveraguerra/dev/seneca/cv-project/data/IMG/center_2025_12_03_12_09_47_089.jpg,/Users/davidfeliperiveraguerra/dev/seneca/cv-project/data/IMG/left_2025_12_03_12_09_47_089.jpg,/Users/davidfeliperiveraguerra/dev/seneca/cv-project/data/IMG/right_2025_12_03_12_09_47_089.jpg,0,1,0,30.1903
/Users/davidfeliperiveraguerra/dev/seneca/cv-project/data/IMG/center_2025_12_03_12_09_47_158.jpg,/Users/davidfeliperiveraguerra/dev/seneca/cv-project/data/IMG/left_2025_12_03_12_09_47_158.jpg,/Users/davidfeliperiveraguerra/dev/seneca/cv-project/data/IMG/right_2025_12_03_12_09_47_158.jpg,0,1,0,30.19037
/Users/davidfeliperiveraguerra/dev/seneca/cv-project/data/IMG/center_2025_12_03_12_09_47_226.jpg,/Users/davidfeliperiveraguerra/dev/seneca/cv-project/data/IMG/left_2025_12_03_12_09_47_226.jpg,/Users/davidfeliperiveraguerra/dev/seneca/cv-project/data/IMG/right_2025_12_03_12_09_47_226.jpg,0,1,0,30.19018
/Users/davidfeliperiveraguerra/dev/seneca/cv-project/data/IMG/center_2025_12_03_12_09_47_293.jpg,/Users/davidfeliperiveraguerra/dev/seneca/cv-project/data/IMG/left_2025_12_03_12_09_47_293.jpg,/Users/davidfeliperiveraguerra/dev/seneca/cv-project/data/IMG/right_2025_12_03_12_09_47_293.jpg,0,1,0,30.19025
/Users/davidfeliperiveraguerra/dev/seneca/cv-project/data/IMG/center_2025_12_03_12_09_47_360.jpg,/Users/davidfeliperiveraguerra/dev/seneca/cv-project/data/IMG/left_2025_12_03_12_09_47_360.jpg,/Users/davidfeliperiveraguerra/dev/seneca/cv-project/data/IMG/right_2025_12_03_12_09_47_360.jpg,0,1,0,30.1903
/Users/davidfeliperiveraguerra/dev/seneca/cv-project/data/IMG/center_2025_12_03_12_09_47_428.jpg,/Users/davidfeliperiveraguerra/dev/seneca/cv-project/data/IMG/left_2025_12_03_12_09_47_428.jpg,/Users/davidfeliperiveraguerra/dev/seneca/cv-project/data/IMG/right_2025_12_03_12_09_47_428.jpg,0,1,0,30.18986
/Users/davidfeliperiveraguerra/dev/seneca/cv-project/data/IMG/center_2025_12_03_12_09_47_495.jpg,/Users/davidfeliperiveraguerra/dev/seneca/cv-project/data/IMG/left_2025_12_03_12_09_47_495.jpg,/Users/davidfeliperiveraguerra/dev/seneca/cv-project/data/IMG/right_2025_12_03_12_09_47_495.jpg,0,1,0,30.19016
/Users/davidfeliperiveraguerra/dev/seneca/cv-project/data/IMG/center_2025_12_03_12_09_47_567.jpg,/Users/davidfeliperiveraguerra/dev/seneca/cv-project/data/IMG/left_2025_12_03_12_09_47_567.jpg,/Users/davidfeliperiveraguerra/dev/seneca/cv-project/data/IMG/right_2025_12_03_12_09_47_567.jpg,0,1,0,30.19025
/Users/davidfeliperiveraguerra/dev/seneca/cv-project/data/IMG/center_2025_12_03_12_09_47_639.jpg,/Users/davidfeliperiveraguerra/dev/seneca/cv-project/data/IMG/left_2025_12_03_12_09_47_639.jpg,/Users/davidfeliperiveraguerra/dev/seneca/cv-project/data/IMG/right_2025_12_03_12_09_47_639.jpg,0,1,0,30.19023
/Users/davidfeliperiveraguerra/dev/seneca/cv-project/data/IMG/center_2025_12_03_12_09_47_709.jpg,/Users/davidfeliperiveraguerra/dev/seneca/cv-project/data/IMG/left_2025_12_03_12_09_47_709.jpg,/Users/davidfeliperiveraguerra/dev/seneca/cv-project/data/IMG/right_2025_12_03_12_09_47_709.jpg,0,1,0,30.19023
/Users/davidfeliperiveraguerra/dev/seneca/cv-project/data/IMG/center_2025_12_03_12_09_47_780.jpg,/Users/davidfeliperiveraguerra/dev/seneca/cv-project/data/IMG/left_2025_12_03_12_09_47_780.jpg,/Users/davidfeliperiveraguerra/dev/seneca/cv-project/data/IMG/right_2025_12_03_12_09_47_780.jpg,0,1,0,30.19028
/Users/davidfeliperiveraguerra/dev/seneca/cv-project/data/IMG/center_2025_12_03_12_09_47_853.jpg,/Users/davidfeliperiveraguerra/dev/seneca/cv-project/data/IMG/left_2025_12_03_12_09_47_853.jpg,/Users/davidfeliperiveraguerra/dev/seneca/cv-project/data/IMG/right_2025_12_03_12_09_47_853.jpg,0,1,0,30.19026
/Users/davidfeliperiveraguerra/dev/seneca/cv-project/data/IMG/center_2025_12_03_12_09_47_920.jpg,/Users/davidfeliperiveraguerra/dev/seneca/cv-project/data/IMG/left_2025_12_03_12_09_47_920.jpg,/Users/davidfeliperiveraguerra/dev/seneca/cv-project/data/IMG/right_2025_12_03_12_09_47_920.jpg,0,1,0,30.19025
/Users/davidfeliperiveraguerra/dev/seneca/cv-project/data/IMG/center_2025_12_03_12_09_47_987.jpg,/Users/davidfeliperiveraguerra/dev/seneca/cv-project/data/IMG/left_2025_12_03_12_09_47_987.jpg,/Users/davidfeliperiveraguerra/dev/seneca/cv-project/data/IMG/right_2025_12_03_12_09_47_987.jpg,0,1,0,30.19023
/Users/davidfeliperiveraguerra/dev/seneca/cv-project/data/IMG/center_2025_12_03_12_09_48_058.jpg,/Users/davidfeliperiveraguerra/dev/seneca/cv-project/data/IMG/left_2025_12_03_12_09_48_058.jpg,/Users/davidfeliperiveraguerra/dev/seneca/cv-project/data/IMG/right_2025_12_03_12_09_48_058.jpg,0,1,0,30.19029
/Users/davidfeliperiveraguerra/dev/seneca/cv-project/data/IMG/center_2025_12_03_12_09_48_130.jpg,/Users/davidfeliperiveraguerra/dev/seneca/cv-project/data/IMG/left_2025_12_03_12_09_48_130.jpg,/Users/davidfeliperiveraguerra/dev/seneca/cv-project/data/IMG/right_2025_12_03_12_09_48_130.jpg,-0.2,1,0,30.18015
/Users/davidfeliperiveraguerra/dev/seneca/cv-project/data/IMG/center_2025_12_03_12_09_48_197.jpg,/Users/davidfeliperiveraguerra/dev/seneca/cv-project/data/IMG/left_2025_12_03_12_09_48_197.jpg,/Users/davidfeliperiveraguerra/dev/seneca/cv-project/data/IMG/right_2025_12_03_12_09_48_197.jpg,0,1,0,30.18455
/Users/davidfeliperiveraguerra/dev/seneca/cv-project/data/IMG/center_2025_12_03_12_09_48_270.jpg,/Users/davidfeliperiveraguerra/dev/seneca/cv-project/data/IMG/left_2025_12_03_12_09_48_270.jpg,/Users/davidfeliperiveraguerra/dev/seneca/cv-project/data/IMG/right_2025_12_03_12_09_48_270.jpg,0,1,0,30.1898
/Users/davidfeliperiveraguerra/dev/seneca/cv-project/data/IMG/center_2025_12_03_12_09_48_341.jpg,/Users/davidfeliperiveraguerra/dev/seneca/cv-project/data/IMG/left_2025_12_03_12_09_48_341.jpg,/Users/davidfeliperiveraguerra/dev/seneca/cv-project/data/IMG/right_2025_12_03_12_09_48_341.jpg,0,1,0,30.19019
/Users/davidfeliperiveraguerra/dev/seneca/cv-project/data/IMG/center_2025_12_03_12_09_48_408.jpg,/Users/davidfeliperiveraguerra/dev/seneca/cv-project/data/IMG/left_2025_12_03_12_09_48_408.jpg,/Users/davidfeliperiveraguerra/dev/seneca/cv-project/data/IMG/right_2025_12_03_12_09_48_408.jpg,0,1,0,30.19036
/Users/davidfeliperiveraguerra/dev/seneca/cv-project/data/IMG/center_2025_12_03_12_09_48_480.jpg,/Users/davidfeliperiveraguerra/dev/seneca/cv-project/data/IMG/left_2025_12_03_12_09_48_480.jpg,/Users/davidfeliperiveraguerra/dev/seneca/cv-project/data/IMG/right_2025_12_03_12_09_48_480.jpg,0,1,0,30.19042
/Users/davidfeliperiveraguerra/dev/seneca/cv-project/data/IMG/center_2025_12_03_12_09_48_551.jpg,/Users/davidfeliperiveraguerra/dev/seneca/cv-project/data/IMG/left_2025_12_03_12_09_48_551.jpg,/Users/davidfeliperiveraguerra/dev/seneca/cv-project/data/IMG/right_2025_12_03_12_09_48_551.jpg,0,1,0,30.19011
/Users/davidfeliperiveraguerra/dev/seneca/cv-project/data/IMG/center_2025_12_03_12_09_48_620.jpg,/Users/davidfeliperiveraguerra/dev/seneca/cv-project/data/IMG/left_2025_12_03_12_09_48_620.jpg,/Users/davidfeliperiveraguerra/dev/seneca/cv-project/data/IMG/right_2025_12_03_12_09_48_620.jpg,0,1,0,30.19025
/Users/davidfeliperiveraguerra/dev/seneca/cv-project/data/IMG/center_2025_12_03_12_09_48_691.jpg,/Users/davidfeliperiveraguerra/dev/seneca/cv-project/data/IMG/left_2025_12_03_12_09_48_691.jpg,/Users/davidfeliperiveraguerra/dev/seneca/cv-project/data/IMG/right_2025_12_03_12_09_48_691.jpg,0,1,0,30.19032
/Users/davidfeliperiveraguerra/dev/seneca/cv-project/data/IMG/center_2025_12_03_12_09_48_761.jpg,/Users/davidfeliperiveraguerra/dev/seneca/cv-project/data/IMG/left_2025_12_03_12_09_48_761.jpg,/Users/davidfeliperiveraguerra/dev/seneca/cv-project/data/IMG/right_2025_12_03_12_09_48_761.jpg,0,1,0,30.18984
/Users/davidfeliperiveraguerra/dev/seneca/cv-project/data/IMG/center_2025_12_03_12_09_48_831.jpg,/Users/davidfeliperiveraguerra/dev/seneca/cv-project/data/IMG/left_2025_12_03_12_09_48_831.jpg,/Users/davidfeliperiveraguerra/dev/seneca/cv-project/data/IMG/right_2025_12_03_12_09_48_831.jpg,0,1,0,30.19016
/Users/davidfeliperiveraguerra/dev/seneca/cv-project/data/IMG/center_2025_12_03_12_09_48_901.jpg,/Users/davidfeliperiveraguerra/dev/seneca/cv-project/data/IMG/left_2025_12_03_12_09_48_901.jpg,/Users/davidfeliperiveraguerra/dev/seneca/cv-project/data/IMG/right_2025_12_03_12_09_48_901.jpg,0,1,0,30.19022
/Users/davidfeliperiveraguerra/dev/seneca/cv-project/data/IMG/center_2025_12_03_12_09_48_970.jpg,/Users/davidfeliperiveraguerra/dev/seneca/cv-project/data/IMG/left_2025_12_03_12_09_48_970.jpg,/Users/davidfeliperiveraguerra/dev/seneca/cv-project/data/IMG/right_2025_12_03_12_09_48_970.jpg,0,1,0,30.19027
/Users/davidfeliperiveraguerra/dev/seneca/cv-project/data/IMG/center_2025_12_03_12_09_49_039.jpg,/Users/davidfeliperiveraguerra/dev/seneca/cv-project/data/IMG/left_2025_12_03_12_09_49_039.jpg,/Users/davidfeliperiveraguerra/dev/seneca/cv-project/data/IMG/right_2025_12_03_12_09_49_039.jpg,0,1,0,30.19025
/Users/davidfeliperiveraguerra/dev/seneca/cv-project/data/IMG/center_2025_12_03_12_09_49_109.jpg,/Users/davidfeliperiveraguerra/dev/seneca/cv-project/data/IMG/left_2025_12_03_12_09_49_109.jpg,/Users/davidfeliperiveraguerra/dev/seneca/cv-project/data/IMG/right_2025_12_03_12_09_49_109.jpg,0,1,0,30.19026
/Users/davidfeliperiveraguerra/dev/seneca/cv-project/data/IMG/center_2025_12_03_12_09_49_180.jpg,/Users/davidfeliperiveraguerra/dev/seneca/cv-project/data/IMG/left_2025_12_03_12_09_49_180.jpg,/Users/davidfeliperiveraguerra/dev/seneca/cv-project/data/IMG/right_2025_12_03_12_09_49_180.jpg,-0.05,1,0,30.18969
/Users/davidfeliperiveraguerra/dev/seneca/cv-project/data/IMG/center_2025_12_03_12_09_49_250.jpg,/Users/davidfeliperiveraguerra/dev/seneca/cv-project/data/IMG/left_2025_12_03_12_09_49_250.jpg,/Users/davidfeliperiveraguerra/dev/seneca/cv-project/data/IMG/right_2025_12_03_12_09_49_250.jpg,-0.25,1,0,30.17509
/Users/davidfeliperiveraguerra/dev/seneca/cv-project/data/IMG/center_2025_12_03_12_09_49_320.jpg,/Users/davidfeliperiveraguerra/dev/seneca/cv-project/data/IMG/left_2025_12_03_12_09_49_320.jpg,/Users/davidfeliperiveraguerra/dev/seneca/cv-project/data/IMG/right_2025_12_03_12_09_49_320.jpg,0,1,0,30.18926
/Users/davidfeliperiveraguerra/dev/seneca/cv-project/data/IMG/center_2025_12_03_12_09_49_389.jpg,/Users/davidfeliperiveraguerra/dev/seneca/cv-project/data/IMG/left_2025_12_03_12_09_49_389.jpg,/Users/davidfeliperiveraguerra/dev/seneca/cv-project/data/IMG/right_2025_12_03_12_09_49_389.jpg,0,1,0,30.19019
/Users/davidfeliperiveraguerra/dev/seneca/cv-project/data/IMG/center_2025_12_03_12_09_49_459.jpg,/Users/davidfeliperiveraguerra/dev/seneca/cv-project/data/IMG/left_2025_12_03_12_09_49_459.jpg,/Users/davidfeliperiveraguerra/dev/seneca/cv-project/data/IMG/right_2025_12_03_12_09_49_459.jpg,0,1,0,30.19027
/Users/davidfeliperiveraguerra/dev/seneca/cv-project/data/IMG/center_2025_12_03_12_09_49_530.jpg,/Users/davidfeliperiveraguerra/dev/seneca/cv-project/data/IMG/left_2025_12_03_12_09_49_530.jpg,/Users/davidfeliperiveraguerra/dev/seneca/cv-project/data/IMG/right_2025_12_03_12_09_49_530.jpg,0,1,0,30.19034
/Users/davidfeliperiveraguerra/dev/seneca/cv-project/data/IMG/center_2025_12_03_12_09_49_597.jpg,/Users/davidfeliperiveraguerra/dev/seneca/cv-project/data/IMG/left_2025_12_03_12_09_49_597.jpg,/Users/davidfeliperiveraguerra/dev/seneca/cv-project/data/IMG/right_2025_12_03_12_09_49_597.jpg,0,1,0,30.19038
/Users/davidfeliperiveraguerra/dev/seneca/cv-project/data/IMG/center_2025_12_03_12_09_49_664.jpg,/Users/davidfeliperiveraguerra/dev/seneca/cv-project/data/IMG/left_2025_12_03_12_09_49_664.jpg,/Users/davidfeliperiveraguerra/dev/seneca/cv-project/data/IMG/right_2025_12_03_12_09_49_664.jpg,0,1,0,30.19037
/Users/davidfeliperiveraguerra/dev/seneca/cv-project/data/IMG/center_2025_12_03_12_09_49_731.jpg,/Users/davidfeliperiveraguerra/dev/seneca/cv-project/data/IMG/left_2025_12_03_12_09_49_731.jpg,/Users/davidfeliperiveraguerra/dev/seneca/cv-project/data/IMG/right_2025_12_03_12_09_49_731.jpg,0,1,0,30.19037
/Users/davidfeliperiveraguerra/dev/seneca/cv-project/data/IMG/center_2025_12_03_12_09_49_804.jpg,/Users/davidfeliperiveraguerra/dev/seneca/cv-project/data/IMG/left_2025_12_03_12_09_49_804.jpg,/Users/davidfeliperiveraguerra/dev/seneca/cv-project/data/IMG/right_2025_12_03_12_09_49_804.jpg,0,1,0,30.1904
/Users/davidfeliperiveraguerra/dev/seneca/cv-project/data/IMG/center_2025_12_03_12_09_49_876.jpg,/Users/davidfeliperiveraguerra/dev/seneca/cv-project/data/IMG/left_2025_12_03_12_09_49_876.jpg,/Users/davidfeliperiveraguerra/dev/seneca/cv-project/data/IMG/right_2025_12_03_12_09_49_876.jpg,0,1,0,30.19011
/Users/davidfeliperiveraguerra/dev/seneca/cv-project/data/IMG/center_2025_12_03_12_09_49_948.jpg,/Users/davidfeliperiveraguerra/dev/seneca/cv-project/data/IMG/left_2025_12_03_12_09_49_948.jpg,/Users/davidfeliperiveraguerra/dev/seneca/cv-project/data/IMG/right_2025_12_03_12_09_49_948.jpg,0,1,0,30.19024
/Users/davidfeliperiveraguerra/dev/seneca/cv-project/data/IMG/center_2025_12_03_12_09_50_020.jpg,/Users/davidfeliperiveraguerra/dev/seneca/cv-project/data/IMG/left_2025_12_03_12_09_50_020.jpg,/Users/davidfeliperiveraguerra/dev/seneca/cv-project/data/IMG/right_2025_12_03_12_09_50_020.jpg,0,1,0,30.19099
/Users/davidfeliperiveraguerra/dev/seneca/cv-project/data/IMG/center_2025_12_03_12_09_50_092.jpg,/Users/davidfeliperiveraguerra/dev/seneca/cv-project/data/IMG/left_2025_12_03_12_09_50_092.jpg,/Users/davidfeliperiveraguerra/dev/seneca/cv-project/data/IMG/right_2025_12_03_12_09_50_092.jpg,0,1,0,30.19002
/Users/davidfeliperiveraguerra/dev/seneca/cv-project/data/IMG/center_2025_12_03_12_09_50_159.jpg,/Users/davidfeliperiveraguerra/dev/seneca/cv-project/data/IMG/left_2025_12_03_12_09_50_159.jpg,/Users/davidfeliperiveraguerra/dev/seneca/cv-project/data/IMG/right_2025_12_03_12_09_50_159.jpg,-0.05,1,0,30.18961
/Users/davidfeliperiveraguerra/dev/seneca/cv-project/data/IMG/center_2025_12_03_12_09_50_227.jpg,/Users/davidfeliperiveraguerra/dev/seneca/cv-project/data/IMG/left_2025_12_03_12_09_50_227.jpg,/Users/davidfeliperiveraguerra/dev/seneca/cv-project/data/IMG/right_2025_12_03_12_09_50_227.jpg,-0.25,1,0,30.17504
/Users/davidfeliperiveraguerra/dev/seneca/cv-project/data/IMG/center_2025_12_03_12_09_50_294.jpg,/Users/davidfeliperiveraguerra/dev/seneca/cv-project/data/IMG/left_2025_12_03_12_09_50_294.jpg,/Users/davidfeliperiveraguerra/dev/seneca/cv-project/data/IMG/right_2025_12_03_12_09_50_294.jpg,0,1,0,30.18286
/Users/davidfeliperiveraguerra/dev/seneca/cv-project/data/IMG/center_2025_12_03_12_09_50_365.jpg,/Users/davidfeliperiveraguerra/dev/seneca/cv-project/data/IMG/left_2025_12_03_12_09_50_365.jpg,/Users/davidfeliperiveraguerra/dev/seneca/cv-project/data/IMG/right_2025_12_03_12_09_50_365.jpg,0,1,0,30.18949
/Users/davidfeliperiveraguerra/dev/seneca/cv-project/data/IMG/center_2025_12_03_12_09_50_432.jpg,/Users/davidfeliperiveraguerra/dev/seneca/cv-project/data/IMG/left_2025_12_03_12_09_50_432.jpg,/Users/davidfeliperiveraguerra/dev/seneca/cv-project/data/IMG/right_2025_12_03_12_09_50_432.jpg,0,1,0,30.19009
/Users/davidfeliperiveraguerra/dev/seneca/cv-project/data/IMG/center_2025_12_03_12_09_50_504.jpg,/Users/davidfeliperiveraguerra/dev/seneca/cv-project/data/IMG/left_2025_12_03_12_09_50_504.jpg,/Users/davidfeliperiveraguerra/dev/seneca/cv-project/data/IMG/right_2025_12_03_12_09_50_504.jpg,0,1,0,30.19035
/Users/davidfeliperiveraguerra/dev/seneca/cv-project/data/IMG/center_2025_12_03_12_09_50_576.jpg,/Users/davidfeliperiveraguerra/dev/seneca/cv-project/data/IMG/left_2025_12_03_12_09_50_576.jpg,/Users/davidfeliperiveraguerra/dev/seneca/cv-project/data/IMG/right_2025_12_03_12_09_50_576.jpg,0,1,0,30.19038
/Users/davidfeliperiveraguerra/dev/seneca/cv-project/data/IMG/center_2025_12_03_12_09_50_644.jpg,/Users/davidfeliperiveraguerra/dev/seneca/cv-project/data/IMG/left_2025_12_03_12_09_50_644.jpg,/Users/davidfeliperiveraguerra/dev/seneca/cv-project/data/IMG/right_2025_12_03_12_09_50_644.jpg,0,1,0,30.1904
/Users/davidfeliperiveraguerra/dev/seneca/cv-project/data/IMG/center_2025_12_03_12_09_50_716.jpg,/Users/davidfeliperiveraguerra/dev/seneca/cv-project/data/IMG/left_2025_12_03_12_09_50_716.jpg,/Users/davidfeliperiveraguerra/dev/seneca/cv-project/data/IMG/right_2025_12_03_12_09_50_716.jpg,0,1,0,30.19038
/Users/davidfeliperiveraguerra/dev/seneca/cv-project/data/IMG/center_2025_12_03_12_09_50_788.jpg,/Users/davidfeliperiveraguerra/dev/seneca/cv-project/data/IMG/left_2025_12_03_12_09_50_788.jpg,/Users/davidfeliperiveraguerra/dev/seneca/cv-project/data/IMG/right_2025_12_03_12_09_50_788.jpg,0,1,0,30.19038
/Users/davidfeliperiveraguerra/dev/seneca/cv-project/data/IMG/center_2025_12_03_12_09_50_859.jpg,/Users/davidfeliperiveraguerra/dev/seneca/cv-project/data/IMG/left_2025_12_03_12_09_50_859.jpg,/Users/davidfeliperiveraguerra/dev/seneca/cv-project/data/IMG/right_2025_12_03_12_09_50_859.jpg,-0.15,1,0,30.18465
/Users/davidfeliperiveraguerra/dev/seneca/cv-project/data/IMG/center_2025_12_03_12_09_50_931.jpg,/Users/davidfeliperiveraguerra/dev/seneca/cv-project/data/IMG/left_2025_12_03_12_09_50_931.jpg,/Users/davidfeliperiveraguerra/dev/seneca/cv-project/data/IMG/right_2025_12_03_12_09_50_931.jpg,0,1,0,30.1904
/Users/davidfeliperiveraguerra/dev/seneca/cv-project/data/IMG/center_2025_12_03_12_09_51_000.jpg,/Users/davidfeliperiveraguerra/dev/seneca/cv-project/data/IMG/left_2025_12_03_12_09_51_000.jpg,/Users/davidfeliperiveraguerra/dev/seneca/cv-project/data/IMG/right_2025_12_03_12_09_51_000.jpg,0,1,0,30.19044
/Users/davidfeliperiveraguerra/dev/seneca/cv-project/data/IMG/center_2025_12_03_12_09_51_071.jpg,/Users/davidfeliperiveraguerra/dev/seneca/cv-project/data/IMG/left_2025_12_03_12_09_51_071.jpg,/Users/davidfeliperiveraguerra/dev/seneca/cv-project/data/IMG/right_2025_12_03_12_09_51_071.jpg,0,1,0,30.19016
/Users/davidfeliperiveraguerra/dev/seneca/cv-project/data/IMG/center_2025_12_03_12_09_51_143.jpg,/Users/davidfeliperiveraguerra/dev/seneca/cv-project/data/IMG/left_2025_12_03_12_09_51_143.jpg,/Users/davidfeliperiveraguerra/dev/seneca/cv-project/data/IMG/right_2025_12_03_12_09_51_143.jpg,0,1,0,30.19025
/Users/davidfeliperiveraguerra/dev/seneca/cv-project/data/IMG/center_2025_12_03_12_09_51_215.jpg,/Users/davidfeliperiveraguerra/dev/seneca/cv-project/data/IMG/left_2025_12_03_12_09_51_215.jpg,/Users/davidfeliperiveraguerra/dev/seneca/cv-project/data/IMG/right_2025_12_03_12_09_51_215.jpg,0,1,0,30.19029
/Users/davidfeliperiveraguerra/dev/seneca/cv-project/data/IMG/center_2025_12_03_12_09_51_282.jpg,/Users/davidfeliperiveraguerra/dev/seneca/cv-project/data/IMG/left_2025_12_03_12_09_51_282.jpg,/Users/davidfeliperiveraguerra/dev/seneca/cv-project/data/IMG/right_2025_12_03_12_09_51_282.jpg,0,1,0,30.18998
/Users/davidfeliperiveraguerra/dev/seneca/cv-project/data/IMG/center_2025_12_03_12_09_51_354.jpg,/Users/davidfeliperiveraguerra/dev/seneca/cv-project/data/IMG/left_2025_12_03_12_09_51_354.jpg,/Users/davidfeliperiveraguerra/dev/seneca/cv-project/data/IMG/right_2025_12_03_12_09_51_354.jpg,-0.1,1,0,30.18771
/Users/davidfeliperiveraguerra/dev/seneca/cv-project/data/IMG/center_2025_12_03_12_09_51_427.jpg,/Users/davidfeliperiveraguerra/dev/seneca/cv-project/data/IMG/left_2025_12_03_12_09_51_427.jpg,/Users/davidfeliperiveraguerra/dev/seneca/cv-project/data/IMG/right_2025_12_03_12_09_51_427.jpg,0,1,0,30.18596
/Users/davidfeliperiveraguerra/dev/seneca/cv-project/data/IMG/center_2025_12_03_12_09_51_498.jpg,/Users/davidfeliperiveraguerra/dev/seneca/cv-project/data/IMG/left_2025_12_03_12_09_51_498.jpg,/Users/davidfeliperiveraguerra/dev/seneca/cv-project/data/IMG/right_2025_12_03_12_09_51_498.jpg,0,1,0,30.19003
/Users/davidfeliperiveraguerra/dev/seneca/cv-project/data/IMG/center_2025_12_03_12_09_51_567.jpg,/Users/davidfeliperiveraguerra/dev/seneca/cv-project/data/IMG/left_2025_12_03_12_09_51_567.jpg,/Users/davidfeliperiveraguerra/dev/seneca/cv-project/data/IMG/right_2025_12_03_12_09_51_567.jpg,0,1,0,30.19019
/Users/davidfeliperiveraguerra/dev/seneca/cv-project/data/IMG/center_2025_12_03_12_09_51_638.jpg,/Users/davidfeliperiveraguerra/dev/seneca/cv-project/data/IMG/left_2025_12_03_12_09_51_638.jpg,/Users/davidfeliperiveraguerra/dev/seneca/cv-project/data/IMG/right_2025_12_03_12_09_51_638.jpg,0,1,0,30.19028
/Users/davidfeliperiveraguerra/dev/seneca/cv-project/data/IMG/center_2025_12_03_12_09_51_705.jpg,/Users/davidfeliperiveraguerra/dev/seneca/cv-project/data/IMG/left_2025_12_03_12_09_51_705.jpg,/Users/davidfeliperiveraguerra/dev/seneca/cv-project/data/IMG/right_2025_12_03_12_09_51_705.jpg,0,1,0,30.19033
/Users/davidfeliperiveraguerra/dev/seneca/cv-project/data/IMG/center_2025_12_03_12_09_51_777.jpg,/Users/davidfeliperiveraguerra/dev/seneca/cv-project/data/IMG/left_2025_12_03_12_09_51_777.jpg,/Users/davidfeliperiveraguerra/dev/seneca/cv-project/data/IMG/right_2025_12_03_12_09_51_777.jpg,0,1,0,30.19033
/Users/davidfeliperiveraguerra/dev/seneca/cv-project/data/IMG/center_2025_12_03_12_09_51_849.jpg,/Users/davidfeliperiveraguerra/dev/seneca/cv-project/data/IMG/left_2025_12_03_12_09_51_849.jpg,/Users/davidfeliperiveraguerra/dev/seneca/cv-project/data/IMG/right_2025_12_03_12_09_51_849.jpg,-0.15,1,0,30.18471
/Users/davidfeliperiveraguerra/dev/seneca/cv-project/data/IMG/center_2025_12_03_12_09_51_921.jpg,/Users/davidfeliperiveraguerra/dev/seneca/cv-project/data/IMG/left_2025_12_03_12_09_51_921.jpg,/Users/davidfeliperiveraguerra/dev/seneca/cv-project/data/IMG/right_2025_12_03_12_09_51_921.jpg,-0.3,1,0,30.17
/Users/davidfeliperiveraguerra/dev/seneca/cv-project/data/IMG/center_2025_12_03_12_09_51_989.jpg,/Users/davidfeliperiveraguerra/dev/seneca/cv-project/data/IMG/left_2025_12_03_12_09_51_989.jpg,/Users/davidfeliperiveraguerra/dev/seneca/cv-project/data/IMG/right_2025_12_03_12_09_51_989.jpg,0,1,0,30.1883
/Users/davidfeliperiveraguerra/dev/seneca/cv-project/data/IMG/center_2025_12_03_12_09_52_056.jpg,/Users/davidfeliperiveraguerra/dev/seneca/cv-project/data/IMG/left_2025_12_03_12_09_52_056.jpg,/Users/davidfeliperiveraguerra/dev/seneca/cv-project/data/IMG/right_2025_12_03_12_09_52_056.jpg,0,1,0,30.19
/Users/davidfeliperiveraguerra/dev/seneca/cv-project/data/IMG/center_2025_12_03_12_09_52_123.jpg,/Users/davidfeliperiveraguerra/dev/seneca/cv-project/data/IMG/left_2025_12_03_12_09_52_123.jpg,/Users/davidfeliperiveraguerra/dev/seneca/cv-project/data/IMG/right_2025_12_03_12_09_52_123.jpg,0,1,0,30.19043
/Users/davidfeliperiveraguerra/dev/seneca/cv-project/data/IMG/center_2025_12_03_12_09_52_190.jpg,/Users/davidfeliperiveraguerra/dev/seneca/cv-project/data/IMG/left_2025_12_03_12_09_52_190.jpg,/Users/davidfeliperiveraguerra/dev/seneca/cv-project/data/IMG/right_2025_12_03_12_09_52_190.jpg,0,1,0,30.19062
/Users/davidfeliperiveraguerra/dev/seneca/cv-project/data/IMG/center_2025_12_03_12_09_52_259.jpg,/Users/davidfeliperiveraguerra/dev/seneca/cv-project/data/IMG/left_2025_12_03_12_09_52_259.jpg,/Users/davidfeliperiveraguerra/dev/seneca/cv-project/data/IMG/right_2025_12_03_12_09_52_259.jpg,0,1,0,30.19036
/Users/davidfeliperiveraguerra/dev/seneca/cv-project/data/IMG/center_2025_12_03_12_09_52_327.jpg,/Users/davidfeliperiveraguerra/dev/seneca/cv-project/data/IMG/left_2025_12_03_12_09_52_327.jpg,/Users/davidfeliperiveraguerra/dev/seneca/cv-project/data/IMG/right_2025_12_03_12_09_52_327.jpg,0,1,0,30.1903
/Users/davidfeliperiveraguerra/dev/seneca/cv-project/data/IMG/center_2025_12_03_12_09_52_398.jpg,/Users/davidfeliperiveraguerra/dev/seneca/cv-project/data/IMG/left_2025_12_03_12_09_52_398.jpg,/Users/davidfeliperiveraguerra/dev/seneca/cv-project/data/IMG/right_2025_12_03_12_09_52_398.jpg,0,1,0,30.19044
/Users/davidfeliperiveraguerra/dev/seneca/cv-project/data/IMG/center_2025_12_03_12_09_52_471.jpg,/Users/davidfeliperiveraguerra/dev/seneca/cv-project/data/IMG/left_2025_12_03_12_09_52_471.jpg,/Users/davidfeliperiveraguerra/dev/seneca/cv-project/data/IMG/right_2025_12_03_12_09_52_471.jpg,0,1,0,30.19
/Users/davidfeliperiveraguerra/dev/seneca/cv-project/data/IMG/center_2025_12_03_12_09_52_539.jpg,/Users/davidfeliperiveraguerra/dev/seneca/cv-project/data/IMG/left_2025_12_03_12_09_52_539.jpg,/Users/davidfeliperiveraguerra/dev/seneca/cv-project/data/IMG/right_2025_12_03_12_09_52_539.jpg,0,1,0,30.1902
/Users/davidfeliperiveraguerra/dev/seneca/cv-project/data/IMG/center_2025_12_03_12_09_52_610.jpg,/Users/davidfeliperiveraguerra/dev/seneca/cv-project/data/IMG/left_2025_12_03_12_09_52_610.jpg,/Users/davidfeliperiveraguerra/dev/seneca/cv-project/data/IMG/right_2025_12_03_12_09_52_610.jpg,0,1,0,30.19026
/Users/davidfeliperiveraguerra/dev/seneca/cv-project/data/IMG/center_2025_12_03_12_09_52_676.jpg,/Users/davidfeliperiveraguerra/dev/seneca/cv-project/data/IMG/left_2025_12_03_12_09_52_676.jpg,/Users/davidfeliperiveraguerra/dev/seneca/cv-project/data/IMG/right_2025_12_03_12_09_52_676.jpg,0,1,0,30.19031
/Users/davidfeliperiveraguerra/dev/seneca/cv-project/data/IMG/center_2025_12_03_12_09_52_744.jpg,/Users/davidfeliperiveraguerra/dev/seneca/cv-project/data/IMG/left_2025_12_03_12_09_52_744.jpg,/Users/davidfeliperiveraguerra/dev/seneca/cv-project/data/IMG/right_2025_12_03_12_09_52_744.jpg,0,1,0,30.19028
/Users/davidfeliperiveraguerra/dev/seneca/cv-project/data/IMG/center_2025_12_03_12_09_52_815.jpg,/Users/davidfeliperiveraguerra/dev/seneca/cv-project/data/IMG/left_2025_12_03_12_09_52_815.jpg,/Users/davidfeliperiveraguerra/dev/seneca/cv-project/data/IMG/right_2025_12_03_12_09_52_815.jpg,0,1,0,30.19031
/Users/davidfeliperiveraguerra/dev/seneca/cv-project/data/IMG/center_2025_12_03_12_09_52_881.jpg,/Users/davidfeliperiveraguerra/dev/seneca/cv-project/data/IMG/left_2025_12_03_12_09_52_881.jpg,/Users/davidfeliperiveraguerra/dev/seneca/cv-project/data/IMG/right_2025_12_03_12_09_52_881.jpg,0,1,0,30.1903
/Users/davidfeliperiveraguerra/dev/seneca/cv-project/data/IMG/center_2025_12_03_12_09_52_948.jpg,/Users/davidfeliperiveraguerra/dev/seneca/cv-project/data/IMG/left_2025_12_03_12_09_52_948.jpg,/Users/davidfeliperiveraguerra/dev/seneca/cv-project/data/IMG/right_2025_12_03_12_09_52_948.jpg,0,1,0,30.19028
/Users/davidfeliperiveraguerra/dev/seneca/cv-project/data/IMG/center_2025_12_03_12_09_53_018.jpg,/Users/davidfeliperiveraguerra/dev/seneca/cv-project/data/IMG/left_2025_12_03_12_09_53_018.jpg,/Users/davidfeliperiveraguerra/dev/seneca/cv-project/data/IMG/right_2025_12_03_12_09_53_018.jpg,0,1,0,30.1903
/Users/davidfeliperiveraguerra/dev/seneca/cv-project/data/IMG/center_2025_12_03_12_09_53_088.jpg,/Users/davidfeliperiveraguerra/dev/seneca/cv-project/data/IMG/left_2025_12_03_12_09_53_088.jpg,/Users/davidfeliperiveraguerra/dev/seneca/cv-project/data/IMG/right_2025_12_03_12_09_53_088.jpg,0,1,0,30.1903
/Users/davidfeliperiveraguerra/dev/seneca/cv-project/data/IMG/center_2025_12_03_12_09_53_158.jpg,/Users/davidfeliperiveraguerra/dev/seneca/cv-project/data/IMG/left_2025_12_03_12_09_53_158.jpg,/Users/davidfeliperiveraguerra/dev/seneca/cv-project/data/IMG/right_2025_12_03_12_09_53_158.jpg,0,1,0,30.19028
/Users/davidfeliperiveraguerra/dev/seneca/cv-project/data/IMG/center_2025_12_03_12_09_53_226.jpg,/Users/davidfeliperiveraguerra/dev/seneca/cv-project/data/IMG/left_2025_12_03_12_09_53_226.jpg,/Users/davidfeliperiveraguerra/dev/seneca/cv-project/data/IMG/right_2025_12_03_12_09_53_226.jpg,-0.2,1,0,30.18018
/Users/davidfeliperiveraguerra/dev/seneca/cv-project/data/IMG/center_2025_12_03_12_09_53_294.jpg,/Users/davidfeliperiveraguerra/dev/seneca/cv-project/data/IMG/left_2025_12_03_12_09_53_294.jpg,/Users/davidfeliperiveraguerra/dev/seneca/cv-project/data/IMG/right_2025_12_03_12_09_53_294.jpg,0,1,0,30.18456
/Users/davidfeliperiveraguerra/dev/seneca/cv-project/data/IMG/center_2025_12_03_12_09_53_365.jpg,/Users/davidfeliperiveraguerra/dev/seneca/cv-project/data/IMG/left_2025_12_03_12_09_53_365.jpg,/Users/davidfeliperiveraguerra/dev/seneca/cv-project/data/IMG/right_2025_12_03_12_09_53_365.jpg,0,1,0,30.18958
/Users/davidfeliperiveraguerra/dev/seneca/cv-project/data/IMG/center_2025_12_03_12_09_53_431.jpg,/Users/davidfeliperiveraguerra/dev/seneca/cv-project/data/IMG/left_2025_12_03_12_09_53_431.jpg,/Users/davidfeliperiveraguerra/dev/seneca/cv-project/data/IMG/right_2025_12_03_12_09_53_431.jpg,0,1,0,30.18992
/Users/davidfeliperiveraguerra/dev/seneca/cv-project/data/IMG/center_2025_12_03_12_09_53_502.jpg,/Users/davidfeliperiveraguerra/dev/seneca/cv-project/data/IMG/left_2025_12_03_12_09_53_502.jpg,/Users/davidfeliperiveraguerra/dev/seneca/cv-project/data/IMG/right_2025_12_03_12_09_53_502.jpg,0,1,0,30.19028
/Users/davidfeliperiveraguerra/dev/seneca/cv-project/data/IMG/center_2025_12_03_12_09_53_570.jpg,/Users/davidfeliperiveraguerra/dev/seneca/cv-project/data/IMG/left_2025_12_03_12_09_53_570.jpg,/Users/davidfeliperiveraguerra/dev/seneca/cv-project/data/IMG/right_2025_12_03_12_09_53_570.jpg,-0.05,1,0,30.18926
/Users/davidfeliperiveraguerra/dev/seneca/cv-project/data/IMG/center_2025_12_03_12_09_53_638.jpg,/Users/davidfeliperiveraguerra/dev/seneca/cv-project/data/IMG/left_2025_12_03_12_09_53_638.jpg,/Users/davidfeliperiveraguerra/dev/seneca/cv-project/data/IMG/right_2025_12_03_12_09_53_638.jpg,-0.2,1,0,30.18061
/Users/davidfeliperiveraguerra/dev/seneca/cv-project/data/IMG/center_2025_12_03_12_09_53_705.jpg,/Users/davidfeliperiveraguerra/dev/seneca/cv-project/data/IMG/left_2025_12_03_12_09_53_705.jpg,/Users/davidfeliperiveraguerra/dev/seneca/cv-project/data/IMG/right_2025_12_03_12_09_53_705.jpg,0,1,0,30.19029
/Users/davidfeliperiveraguerra/dev/seneca/cv-project/data/IMG/center_2025_12_03_12_09_53_772.jpg,/Users/davidfeliperiveraguerra/dev/seneca/cv-project/data/IMG/left_2025_12_03_12_09_53_772.jpg,/Users/davidfeliperiveraguerra/dev/seneca/cv-project/data/IMG/right_2025_12_03_12_09_53_772.jpg,0,1,0,30.18974
/Users/davidfeliperiveraguerra/dev/seneca/cv-project/data/IMG/center_2025_12_03_12_09_53_843.jpg,/Users/davidfeliperiveraguerra/dev/seneca/cv-project/data/IMG/left_2025_12_03_12_09_53_843.jpg,/Users/davidfeliperiveraguerra/dev/seneca/cv-project/data/IMG/right_2025_12_03_12_09_53_843.jpg,0,1,0,30.19024
/Users/davidfeliperiveraguerra/dev/seneca/cv-project/data/IMG/center_2025_12_03_12_09_53_914.jpg,/Users/davidfeliperiveraguerra/dev/seneca/cv-project/data/IMG/left_2025_12_03_12_09_53_914.jpg,/Users/davidfeliperiveraguerra/dev/seneca/cv-project/data/IMG/right_2025_12_03_12_09_53_914.jpg,0,1,0,30.19028
/Users/davidfeliperiveraguerra/dev/seneca/cv-project/data/IMG/center_2025_12_03_12_09_53_981.jpg,/Users/davidfeliperiveraguerra/dev/seneca/cv-project/data/IMG/left_2025_12_03_12_09_53_981.jpg,/Users/davidfeliperiveraguerra/dev/seneca/cv-project/data/IMG/right_2025_12_03_12_09_53_981.jpg,0,1,0,30.1903
/Users/davidfeliperiveraguerra/dev/seneca/cv-project/data/IMG/center_2025_12_03_12_09_54_051.jpg,/Users/davidfeliperiveraguerra/dev/seneca/cv-project/data/IMG/left_2025_12_03_12_09_54_051.jpg,/Users/davidfeliperiveraguerra/dev/seneca/cv-project/data/IMG/right_2025_12_03_12_09_54_051.jpg,0,1,0,30.19032
/Users/davidfeliperiveraguerra/dev/seneca/cv-project/data/IMG/center_2025_12_03_12_09_54_119.jpg,/Users/davidfeliperiveraguerra/dev/seneca/cv-project/data/IMG/left_2025_12_03_12_09_54_119.jpg,/Users/davidfeliperiveraguerra/dev/seneca/cv-project/data/IMG/right_2025_12_03_12_09_54_119.jpg,0,1,0,30.19031
/Users/davidfeliperiveraguerra/dev/seneca/cv-project/data/IMG/center_2025_12_03_12_09_54_188.jpg,/Users/davidfeliperiveraguerra/dev/seneca/cv-project/data/IMG/left_2025_12_03_12_09_54_188.jpg,/Users/davidfeliperiveraguerra/dev/seneca/cv-project/data/IMG/right_2025_12_03_12_09_54_188.jpg,0,1,0,30.19031
/Users/davidfeliperiveraguerra/dev/seneca/cv-project/data/IMG/center_2025_12_03_12_09_54_258.jpg,/Users/davidfeliperiveraguerra/dev/seneca/cv-project/data/IMG/left_2025_12_03_12_09_54_258.jpg,/Users/davidfeliperiveraguerra/dev/seneca/cv-project/data/IMG/right_2025_12_03_12_09_54_258.jpg,-0.1,1,0,30.18793
/Users/davidfeliperiveraguerra/dev/seneca/cv-project/data/IMG/center_2025_12_03_12_09_54_327.jpg,/Users/davidfeliperiveraguerra/dev/seneca/cv-project/data/IMG/left_2025_12_03_12_09_54_327.jpg,/Users/davidfeliperiveraguerra/dev/seneca/cv-project/data/IMG/right_2025_12_03_12_09_54_327.jpg,0,1,0,30.1861
/Users/davidfeliperiveraguerra/dev/seneca/cv-project/data/IMG/center_2025_12_03_12_09_54_398.jpg,/Users/davidfeliperiveraguerra/dev/seneca/cv-project/data/IMG/left_2025_12_03_12_09_54_398.jpg,/Users/davidfeliperiveraguerra/dev/seneca/cv-project/data/IMG/right_2025_12_03_12_09_54_398.jpg,0,1,0,30.19099
/Users/davidfeliperiveraguerra/dev/seneca/cv-project/data/IMG/center_2025_12_03_12_09_54_468.jpg,/Users/davidfeliperiveraguerra/dev/seneca/cv-project/data/IMG/left_2025_12_03_12_09_54_468.jpg,/Users/davidfeliperiveraguerra/dev/seneca/cv-project/data/IMG/right_2025_12_03_12_09_54_468.jpg,0,1,0,30.19005
/Users/davidfeliperiveraguerra/dev/seneca/cv-project/data/IMG/center_2025_12_03_12_09_54_539.jpg,/Users/davidfeliperiveraguerra/dev/seneca/cv-project/data/IMG/left_2025_12_03_12_09_54_539.jpg,/Users/davidfeliperiveraguerra/dev/seneca/cv-project/data/IMG/right_2025_12_03_12_09_54_539.jpg,0,1,0,30.19019
/Users/davidfeliperiveraguerra/dev/seneca/cv-project/data/IMG/center_2025_12_03_12_09_54_609.jpg,/Users/davidfeliperiveraguerra/dev/seneca/cv-project/data/IMG/left_2025_12_03_12_09_54_609.jpg,/Users/davidfeliperiveraguerra/dev/seneca/cv-project/data/IMG/right_2025_12_03_12_09_54_609.jpg,0,1,0,30.19041
/Users/davidfeliperiveraguerra/dev/seneca/cv-project/data/IMG/center_2025_12_03_12_09_54_678.jpg,/Users/davidfeliperiveraguerra/dev/seneca/cv-project/data/IMG/left_2025_12_03_12_09_54_678.jpg,/Users/davidfeliperiveraguerra/dev/seneca/cv-project/data/IMG/right_2025_12_03_12_09_54_678.jpg,0,1,0,30.18989
/Users/davidfeliperiveraguerra/dev/seneca/cv-project/data/IMG/center_2025_12_03_12_09_54_747.jpg,/Users/davidfeliperiveraguerra/dev/seneca/cv-project/data/IMG/left_2025_12_03_12_09_54_747.jpg,/Users/davidfeliperiveraguerra/dev/seneca/cv-project/data/IMG/right_2025_12_03_12_09_54_747.jpg,-0.15,1,0,30.18448
/Users/davidfeliperiveraguerra/dev/seneca/cv-project/data/IMG/center_2025_12_03_12_09_54_816.jpg,/Users/davidfeliperiveraguerra/dev/seneca/cv-project/data/IMG/left_2025_12_03_12_09_54_816.jpg,/Users/davidfeliperiveraguerra/dev/seneca/cv-project/data/IMG/right_2025_12_03_12_09_54_816.jpg,-0.3,1,0,30.16978
/Users/davidfeliperiveraguerra/dev/seneca/cv-project/data/IMG/center_2025_12_03_12_09_54_886.jpg,/Users/davidfeliperiveraguerra/dev/seneca/cv-project/data/IMG/left_2025_12_03_12_09_54_886.jpg,/Users/davidfeliperiveraguerra/dev/seneca/cv-project/data/IMG/right_2025_12_03_12_09_54_886.jpg,0,1,0,30.18869
/Users/davidfeliperiveraguerra/dev/seneca/cv-project/data/IMG/center_2025_12_03_12_09_54_955.jpg,/Users/davidfeliperiveraguerra/dev/seneca/cv-project/data/IMG/left_2025_12_03_12_09_54_955.jpg,/Users/davidfeliperiveraguerra/dev/seneca/cv-project/data/IMG/right_2025_12_03_12_09_54_955.jpg,0,1,0,30.18922
/Users/davidfeliperiveraguerra/dev/seneca/cv-project/data/IMG/center_2025_12_03_12_09_55_022.jpg,/Users/davidfeliperiveraguerra/dev/seneca/cv-project/data/IMG/left_2025_12_03_12_09_55_022.jpg,/Users/davidfeliperiveraguerra/dev/seneca/cv-project/data/IMG/right_2025_12_03_12_09_55_022.jpg,0,1,0,30.19017
/Users/davidfeliperiveraguerra/dev/seneca/cv-project/data/IMG/center_2025_12_03_12_09_55_093.jpg,/Users/davidfeliperiveraguerra/dev/seneca/cv-project/data/IMG/left_2025_12_03_12_09_55_093.jpg,/Users/davidfeliperiveraguerra/dev/seneca/cv-project/data/IMG/right_2025_12_03_12_09_55_093.jpg,0,1,0,30.19027
/Users/davidfeliperiveraguerra/dev/seneca/cv-project/data/IMG/center_2025_12_03_12_09_55_165.jpg,/Users/davidfeliperiveraguerra/dev/seneca/cv-project/data/IMG/left_2025_12_03_12_09_55_165.jpg,/Users/davidfeliperiveraguerra/dev/seneca/cv-project/data/IMG/right_2025_12_03_12_09_55_165.jpg,-0.1,1,0,30.18861
/Users/davidfeliperiveraguerra/dev/seneca/cv-project/data/IMG/center_2025_12_03_12_09_55_234.jpg,/Users/davidfeliperiveraguerra/dev/seneca/cv-project/data/IMG/left_2025_12_03_12_09_55_234.jpg,/Users/davidfeliperiveraguerra/dev/seneca/cv-project/data/IMG/right_2025_12_03_12_09_55_234.jpg,-0.25,1,0,30.17626
/Users/davidfeliperiveraguerra/dev/seneca/cv-project/data/IMG/center_2025_12_03_12_09_55_302.jpg,/Users/davidfeliperiveraguerra/dev/seneca/cv-project/data/IMG/left_2025_12_03_12_09_55_302.jpg,/Users/davidfeliperiveraguerra/dev/seneca/cv-project/data/IMG/right_2025_12_03_12_09_55_302.jpg,0,1,0,30.18365
/Users/davidfeliperiveraguerra/dev/seneca/cv-project/data/IMG/center_2025_12_03_12_09_55_370.jpg,/Users/davidfeliperiveraguerra/dev/seneca/cv-project/data/IMG/left_2025_12_03_12_09_55_370.jpg,/Users/davidfeliperiveraguerra/dev/seneca/cv-project/data/IMG/right_2025_12_03_12_09_55_370.jpg,0,1,0,30.19073
/Users/davidfeliperiveraguerra/dev/seneca/cv-project/data/IMG/center_2025_12_03_12_09_55_437.jpg,/Users/davidfeliperiveraguerra/dev/seneca/cv-project/data/IMG/left_2025_12_03_12_09_55_437.jpg,/Users/davidfeliperiveraguerra/dev/seneca/cv-project/data/IMG/right_2025_12_03_12_09_55_437.jpg,0,1,0,30.18995
/Users/davidfeliperiveraguerra/dev/seneca/cv-project/data/IMG/center_2025_12_03_12_09_55_507.jpg,/Users/davidfeliperiveraguerra/dev/seneca/cv-project/data/IMG/left_2025_12_03_12_09_55_507.jpg,/Users/davidfeliperiveraguerra/dev/seneca/cv-project/data/IMG/right_2025_12_03_12_09_55_507.jpg,0,1,0,30.19029
/Users/davidfeliperiveraguerra/dev/seneca/cv-project/data/IMG/center_2025_12_03_12_09_55_574.jpg,/Users/davidfeliperiveraguerra/dev/seneca/cv-project/data/IMG/left_2025_12_03_12_09_55_574.jpg,/Users/davidfeliperiveraguerra/dev/seneca/cv-project/data/IMG/right_2025_12_03_12_09_55_574.jpg,0,1,0,30.1905
/Users/davidfeliperiveraguerra/dev/seneca/cv-project/data/IMG/center_2025_12_03_12_09_55_641.jpg,/Users/davidfeliperiveraguerra/dev/seneca/cv-project/data/IMG/left_2025_12_03_12_09_55_641.jpg,/Users/davidfeliperiveraguerra/dev/seneca/cv-project/data/IMG/right_2025_12_03_12_09_55_641.jpg,0,1,0,30.18983
/Users/davidfeliperiveraguerra/dev/seneca/cv-project/data/IMG/center_2025_12_03_12_09_55_712.jpg,/Users/davidfeliperiveraguerra/dev/seneca/cv-project/data/IMG/left_2025_12_03_12_09_55_712.jpg,/Users/davidfeliperiveraguerra/dev/seneca/cv-project/data/IMG/right_2025_12_03_12_09_55_712.jpg,0,1,0,30.1902
/Users/davidfeliperiveraguerra/dev/seneca/cv-project/data/IMG/center_2025_12_03_12_09_55_782.jpg,/Users/davidfeliperiveraguerra/dev/seneca/cv-project/data/IMG/left_2025_12_03_12_09_55_782.jpg,/Users/davidfeliperiveraguerra/dev/seneca/cv-project/data/IMG/right_2025_12_03_12_09_55_782.jpg,0,1,0,30.19029
/Users/davidfeliperiveraguerra/dev/seneca/cv-project/data/IMG/center_2025_12_03_12_09_55_849.jpg,/Users/davidfeliperiveraguerra/dev/seneca/cv-project/data/IMG/left_2025_12_03_12_09_55_849.jpg,/Users/davidfeliperiveraguerra/dev/seneca/cv-project/data/IMG/right_2025_12_03_12_09_55_849.jpg,0,1,0,30.19033
/Users/davidfeliperiveraguerra/dev/seneca/cv-project/data/IMG/center_2025_12_03_12_09_55_919.jpg,/Users/davidfeliperiveraguerra/dev/seneca/cv-project/data/IMG/left_2025_12_03_12_09_55_919.jpg,/Users/davidfeliperiveraguerra/dev/seneca/cv-project/data/IMG/right_2025_12_03_12_09_55_919.jpg,0,1,0,30.19025
/Users/davidfeliperiveraguerra/dev/seneca/cv-project/data/IMG/center_2025_12_03_12_09_55_986.jpg,/Users/davidfeliperiveraguerra/dev/seneca/cv-project/data/IMG/left_2025_12_03_12_09_55_986.jpg,/Users/davidfeliperiveraguerra/dev/seneca/cv-project/data/IMG/right_2025_12_03_12_09_55_986.jpg,0,1,0,30.19034
/Users/davidfeliperiveraguerra/dev/seneca/cv-project/data/IMG/center_2025_12_03_12_09_56_056.jpg,/Users/davidfeliperiveraguerra/dev/seneca/cv-project/data/IMG/left_2025_12_03_12_09_56_056.jpg,/Users/davidfeliperiveraguerra/dev/seneca/cv-project/data/IMG/right_2025_12_03_12_09_56_056.jpg,0,1,0,30.19027
/Users/davidfeliperiveraguerra/dev/seneca/cv-project/data/IMG/center_2025_12_03_12_09_56_126.jpg,/Users/davidfeliperiveraguerra/dev/seneca/cv-project/data/IMG/left_2025_12_03_12_09_56_126.jpg,/Users/davidfeliperiveraguerra/dev/seneca/cv-project/data/IMG/right_2025_12_03_12_09_56_126.jpg,0,1,0,30.19034
/Users/davidfeliperiveraguerra/dev/seneca/cv-project/data/IMG/center_2025_12_03_12_09_56_194.jpg,/Users/davidfeliperiveraguerra/dev/seneca/cv-project/data/IMG/left_2025_12_03_12_09_56_194.jpg,/Users/davidfeliperiveraguerra/dev/seneca/cv-project/data/IMG/right_2025_12_03_12_09_56_194.jpg,-0.05,1,0,30.18969
/Users/davidfeliperiveraguerra/dev/seneca/cv-project/data/IMG/center_2025_12_03_12_09_56_264.jpg,/Users/davidfeliperiveraguerra/dev/seneca/cv-project/data/IMG/left_2025_12_03_12_09_56_264.jpg,/Users/davidfeliperiveraguerra/dev/seneca/cv-project/data/IMG/right_2025_12_03_12_09_56_264.jpg,-0.25,1,0,30.17509
/Users/davidfeliperiveraguerra/dev/seneca/cv-project/data/IMG/center_2025_12_03_12_09_56_334.jpg,/Users/davidfeliperiveraguerra/dev/seneca/cv-project/data/IMG/left_2025_12_03_12_09_56_334.jpg,/Users/davidfeliperiveraguerra/dev/seneca/cv-project/data/IMG/right_2025_12_03_12_09_56_334.jpg,0,1,0,30.18158
/Users/davidfeliperiveraguerra/dev/seneca/cv-project/data/IMG/center_2025_12_03_12_09_56_403.jpg,/Users/davidfeliperiveraguerra/dev/seneca/cv-project/data/IMG/left_2025_12_03_12_09_56_403.jpg,/Users/davidfeliperiveraguerra/dev/seneca/cv-project/data/IMG/right_2025_12_03_12_09_56_403.jpg,0,1,0,30.18924
/Users/davidfeliperiveraguerra/dev/seneca/cv-project/data/IMG/center_2025_12_03_12_09_56_471.jpg,/Users/davidfeliperiveraguerra/dev/seneca/cv-project/data/IMG/left_2025_12_03_12_09_56_471.jpg,/Users/davidfeliperiveraguerra/dev/seneca/cv-project/data/IMG/right_2025_12_03_12_09_56_471.jpg,0,1,0,30.18999
/Users/davidfeliperiveraguerra/dev/seneca/cv-project/data/IMG/center_2025_12_03_12_09_56_540.jpg,/Users/davidfeliperiveraguerra/dev/seneca/cv-project/data/IMG/left_2025_12_03_12_09_56_540.jpg,/Users/davidfeliperiveraguerra/dev/seneca/cv-project/data/IMG/right_2025_12_03_12_09_56_540.jpg,0,1,0,30.19011
/Users/davidfeliperiveraguerra/dev/seneca/cv-project/data/IMG/center_2025_12_03_12_09_56_610.jpg,/Users/davidfeliperiveraguerra/dev/seneca/cv-project/data/IMG/left_2025_12_03_12_09_56_610.jpg,/Users/davidfeliperiveraguerra/dev/seneca/cv-project/data/IMG/right_2025_12_03_12_09_56_610.jpg,0,1,0,30.18989
/Users/davidfeliperiveraguerra/dev/seneca/cv-project/data/IMG/center_2025_12_03_12_09_56_687.jpg,/Users/davidfeliperiveraguerra/dev/seneca/cv-project/data/IMG/left_2025_12_03_12_09_56_687.jpg,/Users/davidfeliperiveraguerra/dev/seneca/cv-project/data/IMG/right_2025_12_03_12_09_56_687.jpg,-0.15,1,0,30.18481
/Users/davidfeliperiveraguerra/dev/seneca/cv-project/data/IMG/center_2025_12_03_12_09_56_756.jpg,/Users/davidfeliperiveraguerra/dev/seneca/cv-project/data/IMG/left_2025_12_03_12_09_56_756.jpg,/Users/davidfeliperiveraguerra/dev/seneca/cv-project/data/IMG/right_2025_12_03_12_09_56_756.jpg,-0.3,1,0,30.17011
/Users/davidfeliperiveraguerra/dev/seneca/cv-project/data/IMG/center_2025_12_03_12_09_56_823.jpg,/Users/davidfeliperiveraguerra/dev/seneca/cv-project/data/IMG/left_2025_12_03_12_09_56_823.jpg,/Users/davidfeliperiveraguerra/dev/seneca/cv-project/data/IMG/right_2025_12_03_12_09_56_823.jpg,-0.5000001,1,0,30.14637
/Users/davidfeliperiveraguerra/dev/seneca/cv-project/data/IMG/center_2025_12_03_12_09_56_890.jpg,/Users/davidfeliperiveraguerra/dev/seneca/cv-project/data/IMG/left_2025_12_03_12_09_56_890.jpg,/Users/davidfeliperiveraguerra/dev/seneca/cv-project/data/IMG/right_2025_12_03_12_09_56_890.jpg,0,1,0,30.18544
/Users/davidfeliperiveraguerra/dev/seneca/cv-project/data/IMG/center_2025_12_03_12_09_56_960.jpg,/Users/davidfeliperiveraguerra/dev/seneca/cv-project/data/IMG/left_2025_12_03_12_09_56_960.jpg,/Users/davidfeliperiveraguerra/dev/seneca/cv-project/data/IMG/right_2025_12_03_12_09_56_960.jpg,0,1,0,30.18907
/Users/davidfeliperiveraguerra/dev/seneca/cv-project/data/IMG/center_2025_12_03_12_09_57_027.jpg,/Users/davidfeliperiveraguerra/dev/seneca/cv-project/data/IMG/left_2025_12_03_12_09_57_027.jpg,/Users/davidfeliperiveraguerra/dev/seneca/cv-project/data/IMG/right_2025_12_03_12_09_57_027.jpg,0,1,0,30.19018
/Users/davidfeliperiveraguerra/dev/seneca/cv-project/data/IMG/center_2025_12_03_12_09_57_097.jpg,/Users/davidfeliperiveraguerra/dev/seneca/cv-project/data/IMG/left_2025_12_03_12_09_57_097.jpg,/Users/davidfeliperiveraguerra/dev/seneca/cv-project/data/IMG/right_2025_12_03_12_09_57_097.jpg,0,1,0,30.19045
/Users/davidfeliperiveraguerra/dev/seneca/cv-project/data/IMG/center_2025_12_03_12_09_57_164.jpg,/Users/davidfeliperiveraguerra/dev/seneca/cv-project/data/IMG/left_2025_12_03_12_09_57_164.jpg,/Users/davidfeliperiveraguerra/dev/seneca/cv-project/data/IMG/right_2025_12_03_12_09_57_164.jpg,0,1,0,30.1914
/Users/davidfeliperiveraguerra/dev/seneca/cv-project/data/IMG/center_2025_12_03_12_09_57_231.jpg,/Users/davidfeliperiveraguerra/dev/seneca/cv-project/data/IMG/left_2025_12_03_12_09_57_231.jpg,/Users/davidfeliperiveraguerra/dev/seneca/cv-project/data/IMG/right_2025_12_03_12_09_57_231.jpg,0,1,0,30.18987
/Users/davidfeliperiveraguerra/dev/seneca/cv-project/data/IMG/center_2025_12_03_12_09_57_299.jpg,/Users/davidfeliperiveraguerra/dev/seneca/cv-project/data/IMG/left_2025_12_03_12_09_57_299.jpg,/Users/davidfeliperiveraguerra/dev/seneca/cv-project/data/IMG/right_2025_12_03_12_09_57_299.jpg,-0.15,1,0,30.18478
/Users/davidfeliperiveraguerra/dev/seneca/cv-project/data/IMG/center_2025_12_03_12_09_57_368.jpg,/Users/davidfeliperiveraguerra/dev/seneca/cv-project/data/IMG/left_2025_12_03_12_09_57_368.jpg,/Users/davidfeliperiveraguerra/dev/seneca/cv-project/data/IMG/right_2025_12_03_12_09_57_368.jpg,-0.35,1,0,30.16595
/Users/davidfeliperiveraguerra/dev/seneca/cv-project/data/IMG/center_2025_12_03_12_09_57_435.jpg,/Users/davidfeliperiveraguerra/dev/seneca/cv-project/data/IMG/left_2025_12_03_12_09_57_435.jpg,/Users/davidfeliperiveraguerra/dev/seneca/cv-project/data/IMG/right_2025_12_03_12_09_57_435.jpg,0,1,0,30.18833
/Users/davidfeliperiveraguerra/dev/seneca/cv-project/data/IMG/center_2025_12_03_12_09_57_503.jpg,/Users/davidfeliperiveraguerra/dev/seneca/cv-project/data/IMG/left_2025_12_03_12_09_57_503.jpg,/Users/davidfeliperiveraguerra/dev/seneca/cv-project/data/IMG/right_2025_12_03_12_09_57_503.jpg,0,1,0,30.18953
/Users/davidfeliperiveraguerra/dev/seneca/cv-project/data/IMG/center_2025_12_03_12_09_57_571.jpg,/Users/davidfeliperiveraguerra/dev/seneca/cv-project/data/IMG/left_2025_12_03_12_09_57_571.jpg,/Users/davidfeliperiveraguerra/dev/seneca/cv-project/data/IMG/right_2025_12_03_12_09_57_571.jpg,0,1,0,30.19016
/Users/davidfeliperiveraguerra/dev/seneca/cv-project/data/IMG/center_2025_12_03_12_09_57_639.jpg,/Users/davidfeliperiveraguerra/dev/seneca/cv-project/data/IMG/left_2025_12_03_12_09_57_639.jpg,/Users/davidfeliperiveraguerra/dev/seneca/cv-project/data/IMG/right_2025_12_03_12_09_57_639.jpg,0,1,0,30.19033
/Users/davidfeliperiveraguerra/dev/seneca/cv-project/data/IMG/center_2025_12_03_12_09_57_708.jpg,/Users/davidfeliperiveraguerra/dev/seneca/cv-project/data/IMG/left_2025_12_03_12_09_57_708.jpg,/Users/davidfeliperiveraguerra/dev/seneca/cv-project/data/IMG/right_2025_12_03_12_09_57_708.jpg,0,1,0,30.19037
/Users/davidfeliperiveraguerra/dev/seneca/cv-project/data/IMG/center_2025_12_03_12_09_57_778.jpg,/Users/davidfeliperiveraguerra/dev/seneca/cv-project/data/IMG/left_2025_12_03_12_09_57_778.jpg,/Users/davidfeliperiveraguerra/dev/seneca/cv-project/data/IMG/right_2025_12_03_12_09_57_778.jpg,-0.15,1,0,30.18519
/Users/davidfeliperiveraguerra/dev/seneca/cv-project/data/IMG/center_2025_12_03_12_09_57_853.jpg,/Users/davidfeliperiveraguerra/dev/seneca/cv-project/data/IMG/left_2025_12_03_12_09_57_853.jpg,/Users/davidfeliperiveraguerra/dev/seneca/cv-project/data/IMG/right_2025_12_03_12_09_57_853.jpg,-0.35,1,0,30.16467
/Users/davidfeliperiveraguerra/dev/seneca/cv-project/data/IMG/center_2025_12_03_12_09_57_924.jpg,/Users/davidfeliperiveraguerra/dev/seneca/cv-project/data/IMG/left_2025_12_03_12_09_57_924.jpg,/Users/davidfeliperiveraguerra/dev/seneca/cv-project/data/IMG/right_2025_12_03_12_09_57_924.jpg,0,1,0,30.17779
/Users/davidfeliperiveraguerra/dev/seneca/cv-project/data/IMG/center_2025_12_03_12_09_57_991.jpg,/Users/davidfeliperiveraguerra/dev/seneca/cv-project/data/IMG/left_2025_12_03_12_09_57_991.jpg,/Users/davidfeliperiveraguerra/dev/seneca/cv-project/data/IMG/right_2025_12_03_12_09_57_991.jpg,0,1,0,30.1861
/Users/davidfeliperiveraguerra/dev/seneca/cv-project/data/IMG/center_2025_12_03_12_09_58_060.jpg,/Users/davidfeliperiveraguerra/dev/seneca/cv-project/data/IMG/left_2025_12_03_12_09_58_060.jpg,/Users/davidfeliperiveraguerra/dev/seneca/cv-project/data/IMG/right_2025_12_03_12_09_58_060.jpg,0,1,0,30.18934
/Users/davidfeliperiveraguerra/dev/seneca/cv-project/data/IMG/center_2025_12_03_12_09_58_127.jpg,/Users/davidfeliperiveraguerra/dev/seneca/cv-project/data/IMG/left_2025_12_03_12_09_58_127.jpg,/Users/davidfeliperiveraguerra/dev/seneca/cv-project/data/IMG/right_2025_12_03_12_09_58_127.jpg,0,1,0,30.19031
/Users/davidfeliperiveraguerra/dev/seneca/cv-project/data/IMG/center_2025_12_03_12_09_58_195.jpg,/Users/davidfeliperiveraguerra/dev/seneca/cv-project/data/IMG/left_2025_12_03_12_09_58_195.jpg,/Users/davidfeliperiveraguerra/dev/seneca/cv-project/data/IMG/right_2025_12_03_12_09_58_195.jpg,0,1,0,30.19049
/Users/davidfeliperiveraguerra/dev/seneca/cv-project/data/IMG/center_2025_12_03_12_09_58_266.jpg,/Users/davidfeliperiveraguerra/dev/seneca/cv-project/data/IMG/left_2025_12_03_12_09_58_266.jpg,/Users/davidfeliperiveraguerra/dev/seneca/cv-project/data/IMG/right_2025_12_03_12_09_58_266.jpg,-0.1,1,0,30.18826
/Users/davidfeliperiveraguerra/dev/seneca/cv-project/data/IMG/center_2025_12_03_12_09_58_337.jpg,/Users/davidfeliperiveraguerra/dev/seneca/cv-project/data/IMG/left_2025_12_03_12_09_58_337.jpg,/Users/davidfeliperiveraguerra/dev/seneca/cv-project/data/IMG/right_2025_12_03_12_09_58_337.jpg,-0.25,1,0,30.17609
/Users/davidfeliperiveraguerra/dev/seneca/cv-project/data/IMG/center_2025_12_03_12_09_58_405.jpg,/Users/davidfeliperiveraguerra/dev/seneca/cv-project/data/IMG/left_2025_12_03_12_09_58_405.jpg,/Users/davidfeliperiveraguerra/dev/seneca/cv-project/data/IMG/right_2025_12_03_12_09_58_405.jpg,0,1,0,30.18987
/Users/davidfeliperiveraguerra/dev/seneca/cv-project/data/IMG/center_2025_12_03_12_09_58_475.jpg,/Users/davidfeliperiveraguerra/dev/seneca/cv-project/data/IMG/left_2025_12_03_12_09_58_475.jpg,/Users/davidfeliperiveraguerra/dev/seneca/cv-project/data/IMG/right_2025_12_03_12_09_58_475.jpg,0,1,0,30.18977
/Users/davidfeliperiveraguerra/dev/seneca/cv-project/data/IMG/center_2025_12_03_12_09_58_544.jpg,/Users/davidfeliperiveraguerra/dev/seneca/cv-project/data/IMG/left_2025_12_03_12_09_58_544.jpg,/Users/davidfeliperiveraguerra/dev/seneca/cv-project/data/IMG/right_2025_12_03_12_09_58_544.jpg,0,1,0,30.19039
/Users/davidfeliperiveraguerra/dev/seneca/cv-project/data/IMG/center_2025_12_03_12_09_58_611.jpg,/Users/davidfeliperiveraguerra/dev/seneca/cv-project/data/IMG/left_2025_12_03_12_09_58_611.jpg,/Users/davidfeliperiveraguerra/dev/seneca/cv-project/data/IMG/right_2025_12_03_12_09_58_611.jpg,0,1,0,30.19044
/Users/davidfeliperiveraguerra/dev/seneca/cv-project/data/IMG/center_2025_12_03_12_09_58_681.jpg,/Users/davidfeliperiveraguerra/dev/seneca/cv-project/data/IMG/left_2025_12_03_12_09_58_681.jpg,/Users/davidfeliperiveraguerra/dev/seneca/cv-project/data/IMG/right_2025_12_03_12_09_58_681.jpg,0,1,0,30.1905
/Users/davidfeliperiveraguerra/dev/seneca/cv-project/data/IMG/center_2025_12_03_12_09_58_753.jpg,/Users/davidfeliperiveraguerra/dev/seneca/cv-project/data/IMG/left_2025_12_03_12_09_58_753.jpg,/Users/davidfeliperiveraguerra/dev/seneca/cv-project/data/IMG/right_2025_12_03_12_09_58_753.jpg,0,1,0,30.18941
/Users/davidfeliperiveraguerra/dev/seneca/cv-project/data/IMG/center_2025_12_03_12_09_58_823.jpg,/Users/davidfeliperiveraguerra/dev/seneca/cv-project/data/IMG/left_2025_12_03_12_09_58_823.jpg,/Users/davidfeliperiveraguerra/dev/seneca/cv-project/data/IMG/right_2025_12_03_12_09_58_823.jpg,0,1,0,30.19012
/Users/davidfeliperiveraguerra/dev/seneca/cv-project/data/IMG/center_2025_12_03_12_09_58_890.jpg,/Users/davidfeliperiveraguerra/dev/seneca/cv-project/data/IMG/left_2025_12_03_12_09_58_890.jpg,/Users/davidfeliperiveraguerra/dev/seneca/cv-project/data/IMG/right_2025_12_03_12_09_58_890.jpg,0,1,0,30.19022
/Users/davidfeliperiveraguerra/dev/seneca/cv-project/data/IMG/center_2025_12_03_12_09_58_960.jpg,/Users/davidfeliperiveraguerra/dev/seneca/cv-project/data/IMG/left_2025_12_03_12_09_58_960.jpg,/Users/davidfeliperiveraguerra/dev/seneca/cv-project/data/IMG/right_2025_12_03_12_09_58_960.jpg,-0.05,1,0,30.18881
/Users/davidfeliperiveraguerra/dev/seneca/cv-project/data/IMG/center_2025_12_03_12_09_59_028.jpg,/Users/davidfeliperiveraguerra/dev/seneca/cv-project/data/IMG/left_2025_12_03_12_09_59_028.jpg,/Users/davidfeliperiveraguerra/dev/seneca/cv-project/data/IMG/right_2025_12_03_12_09_59_028.jpg,-0.25,1,0,30.17475
/Users/davidfeliperiveraguerra/dev/seneca/cv-project/data/IMG/center_2025_12_03_12_09_59_097.jpg,/Users/davidfeliperiveraguerra/dev/seneca/cv-project/data/IMG/left_2025_12_03_12_09_59_097.jpg,/Users/davidfeliperiveraguerra/dev/seneca/cv-project/data/IMG/right_2025_12_03_12_09_59_097.jpg,-0.4,1,0,30.15784
/Users/davidfeliperiveraguerra/dev/seneca/cv-project/data/IMG/center_2025_12_03_12_09_59_164.jpg,/Users/davidfeliperiveraguerra/dev/seneca/cv-project/data/IMG/left_2025_12_03_12_09_59_164.jpg,/Users/davidfeliperiveraguerra/dev/seneca/cv-project/data/IMG/right_2025_12_03_12_09_59_164.jpg,0,1,0,30.18537
/Users/davidfeliperiveraguerra/dev/seneca/cv-project/data/IMG/center_2025_12_03_12_09_59_231.jpg,/Users/davidfeliperiveraguerra/dev/seneca/cv-project/data/IMG/left_2025_12_03_12_09_59_231.jpg,/Users/davidfeliperiveraguerra/dev/seneca/cv-project/data/IMG/right_2025_12_03_12_09_59_231.jpg,0,1,0,30.18822
/Users/davidfeliperiveraguerra/dev/seneca/cv-project/data/IMG/center_2025_12_03_12_09_59_301.jpg,/Users/davidfeliperiveraguerra/dev/seneca/cv-project/data/IMG/left_2025_12_03_12_09_59_301.jpg,/Users/davidfeliperiveraguerra/dev/seneca/cv-project/data/IMG/right_2025_12_03_12_09_59_301.jpg,0,1,0,30.18983
/Users/davidfeliperiveraguerra/dev/seneca/cv-project/data/IMG/center_2025_12_03_12_09_59_368.jpg,/Users/davidfeliperiveraguerra/dev/seneca/cv-project/data/IMG/left_2025_12_03_12_09_59_368.jpg,/Users/davidfeliperiveraguerra/dev/seneca/cv-project/data/IMG/right_2025_12_03_12_09_59_368.jpg,0,1,0,30.19029
/Users/davidfeliperiveraguerra/dev/seneca/cv-project/data/IMG/center_2025_12_03_12_09_59_435.jpg,/Users/davidfeliperiveraguerra/dev/seneca/cv-project/data/IMG/left_2025_12_03_12_09_59_435.jpg,/Users/davidfeliperiveraguerra/dev/seneca/cv-project/data/IMG/right_2025_12_03_12_09_59_435.jpg,0,1,0,30.19191
/Users/davidfeliperiveraguerra/dev/seneca/cv-project/data/IMG/center_2025_12_03_12_09_59_503.jpg,/Users/davidfeliperiveraguerra/dev/seneca/cv-project/data/IMG/left_2025_12_03_12_09_59_503.jpg,/Users/davidfeliperiveraguerra/dev/seneca/cv-project/data/IMG/right_2025_12_03_12_09_59_503.jpg,-0.2,1,0,30.18085
/Users/davidfeliperiveraguerra/dev/seneca/cv-project/data/IMG/center_2025_12_03_12_09_59_571.jpg,/Users/davidfeliperiveraguerra/dev/seneca/cv-project/data/IMG/left_2025_12_03_12_09_59_571.jpg,/Users/davidfeliperiveraguerra/dev/seneca/cv-project/data/IMG/right_2025_12_03_12_09_59_571.jpg,-0.35,1,0,30.16483
/Users/davidfeliperiveraguerra/dev/seneca/cv-project/data/IMG/center_2025_12_03_12_09_59_640.jpg,/Users/davidfeliperiveraguerra/dev/seneca/cv-project/data/IMG/left_2025_12_03_12_09_59_640.jpg,/Users/davidfeliperiveraguerra/dev/seneca/cv-project/data/IMG/right_2025_12_03_12_09_59_640.jpg,-0.5000001,1,0,30.14695
/Users/davidfeliperiveraguerra/dev/seneca/cv-project/data/IMG/center_2025_12_03_12_09_59_707.jpg,/Users/davidfeliperiveraguerra/dev/seneca/cv-project/data/IMG/left_2025_12_03_12_09_59_707.jpg,/Users/davidfeliperiveraguerra/dev/seneca/cv-project/data/IMG/right_2025_12_03_12_09_59_707.jpg,0,1,0,30.17981
/Users/davidfeliperiveraguerra/dev/seneca/cv-project/data/IMG/center_2025_12_03_12_09_59_777.jpg,/Users/davidfeliperiveraguerra/dev/seneca/cv-project/data/IMG/left_2025_12_03_12_09_59_777.jpg,/Users/davidfeliperiveraguerra/dev/seneca/cv-project/data/IMG/right_2025_12_03_12_09_59_777.jpg,0,1,0,30.18695
/Users/davidfeliperiveraguerra/dev/seneca/cv-project/data/IMG/center_2025_12_03_12_09_59_848.jpg,/Users/davidfeliperiveraguerra/dev/seneca/cv-project/data/IMG/left_2025_12_03_12_09_59_848.jpg,/Users/davidfeliperiveraguerra/dev/seneca/cv-project/data/IMG/right_2025_12_03_12_09_59_848.jpg,0,1,0,30.18986
/Users/davidfeliperiveraguerra/dev/seneca/cv-project/data/IMG/center_2025_12_03_12_09_59_914.jpg,/Users/davidfeliperiveraguerra/dev/seneca/cv-project/data/IMG/left_2025_12_03_12_09_59_914.jpg,/Users/davidfeliperiveraguerra/dev/seneca/cv-project/data/IMG/right_2025_12_03_12_09_59_914.jpg,0,1,0,30.19036
/Users/davidfeliperiveraguerra/dev/seneca/cv-project/data/IMG/center_2025_12_03_12_09_59_983.jpg,/Users/davidfeliperiveraguerra/dev/seneca/cv-project/data/IMG/left_2025_12_03_12_09_59_983.jpg,/Users/davidfeliperiveraguerra/dev/seneca/cv-project/data/IMG/right_2025_12_03_12_09_59_983.jpg,-0.15,1,0,30.18652
/Users/davidfeliperiveraguerra/dev/seneca/cv-project/data/IMG/center_2025_12_03_12_10_00_050.jpg,/Users/davidfeliperiveraguerra/dev/seneca/cv-project/data/IMG/left_2025_12_03_12_10_00_050.jpg,/Users/davidfeliperiveraguerra/dev/seneca/cv-project/data/IMG/right_2025_12_03_12_10_00_050.jpg,-0.3,1,0,30.1721
/Users/davidfeliperiveraguerra/dev/seneca/cv-project/data/IMG/center_2025_12_03_12_10_00_117.jpg,/Users/davidfeliperiveraguerra/dev/seneca/cv-project/data/IMG/left_2025_12_03_12_10_00_117.jpg,/Users/davidfeliperiveraguerra/dev/seneca/cv-project/data/IMG/right_2025_12_03_12_10_00_117.jpg,0,1,0,30.18172
/Users/davidfeliperiveraguerra/dev/seneca/cv-project/data/IMG/center_2025_12_03_12_10_00_185.jpg,/Users/davidfeliperiveraguerra/dev/seneca/cv-project/data/IMG/left_2025_12_03_12_10_00_185.jpg,/Users/davidfeliperiveraguerra/dev/seneca/cv-project/data/IMG/right_2025_12_03_12_10_00_185.jpg,0,1,0,30.18944
/Users/davidfeliperiveraguerra/dev/seneca/cv-project/data/IMG/center_2025_12_03_12_10_00_253.jpg,/Users/davidfeliperiveraguerra/dev/seneca/cv-project/data/IMG/left_2025_12_03_12_10_00_253.jpg,/Users/davidfeliperiveraguerra/dev/seneca/cv-project/data/IMG/right_2025_12_03_12_10_00_253.jpg,0,1,0,30.18992
/Users/davidfeliperiveraguerra/dev/seneca/cv-project/data/IMG/center_2025_12_03_12_10_00_320.jpg,/Users/davidfeliperiveraguerra/dev/seneca/cv-project/data/IMG/left_2025_12_03_12_10_00_320.jpg,/Users/davidfeliperiveraguerra/dev/seneca/cv-project/data/IMG/right_2025_12_03_12_10_00_320.jpg,0,1,0,30.18995
/Users/davidfeliperiveraguerra/dev/seneca/cv-project/data/IMG/center_2025_12_03_12_10_00_390.jpg,/Users/davidfeliperiveraguerra/dev/seneca/cv-project/data/IMG/left_2025_12_03_12_10_00_390.jpg,/Users/davidfeliperiveraguerra/dev/seneca/cv-project/data/IMG/right_2025_12_03_12_10_00_390.jpg,0,1,0,30.19022
/Users/davidfeliperiveraguerra/dev/seneca/cv-project/data/IMG/center_2025_12_03_12_10_00_458.jpg,/Users/davidfeliperiveraguerra/dev/seneca/cv-project/data/IMG/left_2025_12_03_12_10_00_458.jpg,/Users/davidfeliperiveraguerra/dev/seneca/cv-project/data/IMG/right_2025_12_03_12_10_00_458.jpg,0,1,0,30.19033
/Users/davidfeliperiveraguerra/dev/seneca/cv-project/data/IMG/center_2025_12_03_12_10_00_528.jpg,/Users/davidfeliperiveraguerra/dev/seneca/cv-project/data/IMG/left_2025_12_03_12_10_00_528.jpg,/Users/davidfeliperiveraguerra/dev/seneca/cv-project/data/IMG/right_2025_12_03_12_10_00_528.jpg,-0.15,1,0,30.18457
/Users/davidfeliperiveraguerra/dev/seneca/cv-project/data/IMG/center_2025_12_03_12_10_00_596.jpg,/Users/davidfeliperiveraguerra/dev/seneca/cv-project/data/IMG/left_2025_12_03_12_10_00_596.jpg,/Users/davidfeliperiveraguerra/dev/seneca/cv-project/data/IMG/right_2025_12_03_12_10_00_596.jpg,0,1,0,30.18622
/Users/davidfeliperiveraguerra/dev/seneca/cv-project/data/IMG/center_2025_12_03_12_10_00_664.jpg,/Users/davidfeliperiveraguerra/dev/seneca/cv-project/data/IMG/left_2025_12_03_12_10_00_664.jpg,/Users/davidfeliperiveraguerra/dev/seneca/cv-project/data/IMG/right_2025_12_03_12_10_00_664.jpg,0,1,0,30.19007
/Users/davidfeliperiveraguerra/dev/seneca/cv-project/data/IMG/center_2025_12_03_12_10_00_734.jpg,/Users/davidfeliperiveraguerra/dev/seneca/cv-project/data/IMG/left_2025_12_03_12_10_00_734.jpg,/Users/davidfeliperiveraguerra/dev/seneca/cv-project/data/IMG/right_2025_12_03_12_10_00_734.jpg,0,1,0,30.19026
/Users/davidfeliperiveraguerra/dev/seneca/cv-project/data/IMG/center_2025_12_03_12_10_00_803.jpg,/Users/davidfeliperiveraguerra/dev/seneca/cv-project/data/IMG/left_2025_12_03_12_10_00_803.jpg,/Users/davidfeliperiveraguerra/dev/seneca/cv-project/data/IMG/right_2025_12_03_12_10_00_803.jpg,0,1,0,30.19006
/Users/davidfeliperiveraguerra/dev/seneca/cv-project/data/IMG/center_2025_12_03_12_10_00_872.jpg,/Users/davidfeliperiveraguerra/dev/seneca/cv-project/data/IMG/left_2025_12_03_12_10_00_872.jpg,/Users/davidfeliperiveraguerra/dev/seneca/cv-project/data/IMG/right_2025_12_03_12_10_00_872.jpg,0,1,0,30.19031
/Users/davidfeliperiveraguerra/dev/seneca/cv-project/data/IMG/center_2025_12_03_12_10_00_940.jpg,/Users/davidfeliperiveraguerra/dev/seneca/cv-project/data/IMG/left_2025_12_03_12_10_00_940.jpg,/Users/davidfeliperiveraguerra/dev/seneca/cv-project/data/IMG/right_2025_12_03_12_10_00_940.jpg,0,1,0,30.19029
/Users/davidfeliperiveraguerra/dev/seneca/cv-project/data/IMG/center_2025_12_03_12_10_01_009.jpg,/Users/davidfeliperiveraguerra/dev/seneca/cv-project/data/IMG/left_2025_12_03_12_10_01_009.jpg,/Users/davidfeliperiveraguerra/dev/seneca/cv-project/data/IMG/right_2025_12_03_12_10_01_009.jpg,-0.1,1,0,30.18686
/Users/davidfeliperiveraguerra/dev/seneca/cv-project/data/IMG/center_2025_12_03_12_10_01_077.jpg,/Users/davidfeliperiveraguerra/dev/seneca/cv-project/data/IMG/left_2025_12_03_12_10_01_077.jpg,/Users/davidfeliperiveraguerra/dev/seneca/cv-project/data/IMG/right_2025_12_03_12_10_01_077.jpg,-0.25,1,0,30.17467
/Users/davidfeliperiveraguerra/dev/seneca/cv-project/data/IMG/center_2025_12_03_12_10_01_144.jpg,/Users/davidfeliperiveraguerra/dev/seneca/cv-project/data/IMG/left_2025_12_03_12_10_01_144.jpg,/Users/davidfeliperiveraguerra/dev/seneca/cv-project/data/IMG/right_2025_12_03_12_10_01_144.jpg,0,1,0,30.18864
/Users/davidfeliperiveraguerra/dev/seneca/cv-project/data/IMG/center_2025_12_03_12_10_01_211.jpg,/Users/davidfeliperiveraguerra/dev/seneca/cv-project/data/IMG/left_2025_12_03_12_10_01_211.jpg,/Users/davidfeliperiveraguerra/dev/seneca/cv-project/data/IMG/right_2025_12_03_12_10_01_211.jpg,0,1,0,30.19002
/Users/davidfeliperiveraguerra/dev/seneca/cv-project/data/IMG/center_2025_12_03_12_10_01_278.jpg,/Users/davidfeliperiveraguerra/dev/seneca/cv-project/data/IMG/left_2025_12_03_12_10_01_278.jpg,/Users/davidfeliperiveraguerra/dev/seneca/cv-project/data/IMG/right_2025_12_03_12_10_01_278.jpg,0,1,0,30.18974
/Users/davidfeliperiveraguerra/dev/seneca/cv-project/data/IMG/center_2025_12_03_12_10_01_345.jpg,/Users/davidfeliperiveraguerra/dev/seneca/cv-project/data/IMG/left_2025_12_03_12_10_01_345.jpg,/Users/davidfeliperiveraguerra/dev/seneca/cv-project/data/IMG/right_2025_12_03_12_10_01_345.jpg,0,1,0,30.19004
/Users/davidfeliperiveraguerra/dev/seneca/cv-project/data/IMG/center_2025_12_03_12_10_01_411.jpg,/Users/davidfeliperiveraguerra/dev/seneca/cv-project/data/IMG/left_2025_12_03_12_10_01_411.jpg,/Users/davidfeliperiveraguerra/dev/seneca/cv-project/data/IMG/right_2025_12_03_12_10_01_411.jpg,-0.15,1,0,30.18503
/Users/davidfeliperiveraguerra/dev/seneca/cv-project/data/IMG/center_2025_12_03_12_10_01_482.jpg,/Users/davidfeliperiveraguerra/dev/seneca/cv-project/data/IMG/left_2025_12_03_12_10_01_482.jpg,/Users/davidfeliperiveraguerra/dev/seneca/cv-project/data/IMG/right_2025_12_03_12_10_01_482.jpg,-0.3,1,0,30.17119
/Users/davidfeliperiveraguerra/dev/seneca/cv-project/data/IMG/center_2025_12_03_12_10_01_549.jpg,/Users/davidfeliperiveraguerra/dev/seneca/cv-project/data/IMG/left_2025_12_03_12_10_01_549.jpg,/Users/davidfeliperiveraguerra/dev/seneca/cv-project/data/IMG/right_2025_12_03_12_10_01_549.jpg,0,1,0,30.18815
/Users/davidfeliperiveraguerra/dev/seneca/cv-project/data/IMG/center_2025_12_03_12_10_01_615.jpg,/Users/davidfeliperiveraguerra/dev/seneca/cv-project/data/IMG/left_2025_12_03_12_10_01_615.jpg,/Users/davidfeliperiveraguerra/dev/seneca/cv-project/data/IMG/right_2025_12_03_12_10_01_615.jpg,0,1,0,30.18877
/Users/davidfeliperiveraguerra/dev/seneca/cv-project/data/IMG/center_2025_12_03_12_10_01_683.jpg,/Users/davidfeliperiveraguerra/dev/seneca/cv-project/data/IMG/left_2025_12_03_12_10_01_683.jpg,/Users/davidfeliperiveraguerra/dev/seneca/cv-project/data/IMG/right_2025_12_03_12_10_01_683.jpg,0,1,0,30.18962
/Users/davidfeliperiveraguerra/dev/seneca/cv-project/data/IMG/center_2025_12_03_12_10_01_749.jpg,/Users/davidfeliperiveraguerra/dev/seneca/cv-project/data/IMG/left_2025_12_03_12_10_01_749.jpg,/Users/davidfeliperiveraguerra/dev/seneca/cv-project/data/IMG/right_2025_12_03_12_10_01_749.jpg,-0.1,1,0,30.18842
/Users/davidfeliperiveraguerra/dev/seneca/cv-project/data/IMG/center_2025_12_03_12_10_01_820.jpg,/Users/davidfeliperiveraguerra/dev/seneca/cv-project/data/IMG/left_2025_12_03_12_10_01_820.jpg,/Users/davidfeliperiveraguerra/dev/seneca/cv-project/data/IMG/right_2025_12_03_12_10_01_820.jpg,-0.25,1,0,30.17671
/Users/davidfeliperiveraguerra/dev/seneca/cv-project/data/IMG/center_2025_12_03_12_10_01_889.jpg,/Users/davidfeliperiveraguerra/dev/seneca/cv-project/data/IMG/left_2025_12_03_12_10_01_889.jpg,/Users/davidfeliperiveraguerra/dev/seneca/cv-project/data/IMG/right_2025_12_03_12_10_01_889.jpg,0,1,0,30.18912
/Users/davidfeliperiveraguerra/dev/seneca/cv-project/data/IMG/center_2025_12_03_12_10_01_960.jpg,/Users/davidfeliperiveraguerra/dev/seneca/cv-project/data/IMG/left_2025_12_03_12_10_01_960.jpg,/Users/davidfeliperiveraguerra/dev/seneca/cv-project/data/IMG/right_2025_12_03_12_10_01_960.jpg,0,1,0,30.18928
/Users/davidfeliperiveraguerra/dev/seneca/cv-project/data/IMG/center_2025_12_03_12_10_02_029.jpg,/Users/davidfeliperiveraguerra/dev/seneca/cv-project/data/IMG/left_2025_12_03_12_10_02_029.jpg,/Users/davidfeliperiveraguerra/dev/seneca/cv-project/data/IMG/right_2025_12_03_12_10_02_029.jpg,0,1,0,30.18995
/Users/davidfeliperiveraguerra/dev/seneca/cv-project/data/IMG/center_2025_12_03_12_10_02_096.jpg,/Users/davidfeliperiveraguerra/dev/seneca/cv-project/data/IMG/left_2025_12_03_12_10_02_096.jpg,/Users/davidfeliperiveraguerra/dev/seneca/cv-project/data/IMG/right_2025_12_03_12_10_02_096.jpg,-0.1,1,0,30.18882
/Users/davidfeliperiveraguerra/dev/seneca/cv-project/data/IMG/center_2025_12_03_12_10_02_168.jpg,/Users/davidfeliperiveraguerra/dev/seneca/cv-project/data/IMG/left_2025_12_03_12_10_02_168.jpg,/Users/davidfeliperiveraguerra/dev/seneca/cv-project/data/IMG/right_2025_12_03_12_10_02_168.jpg,-0.3,1,0,30.16931
/Users/davidfeliperiveraguerra/dev/seneca/cv-project/data/IMG/center_2025_12_03_12_10_02_235.jpg,/Users/davidfeliperiveraguerra/dev/seneca/cv-project/data/IMG/left_2025_12_03_12_10_02_235.jpg,/Users/davidfeliperiveraguerra/dev/seneca/cv-project/data/IMG/right_2025_12_03_12_10_02_235.jpg,-0.45,1,0,30.15289
/Users/davidfeliperiveraguerra/dev/seneca/cv-project/data/IMG/center_2025_12_03_12_10_02_307.jpg,/Users/davidfeliperiveraguerra/dev/seneca/cv-project/data/IMG/left_2025_12_03_12_10_02_307.jpg,/Users/davidfeliperiveraguerra/dev/seneca/cv-project/data/IMG/right_2025_12_03_12_10_02_307.jpg,-0.6500001,1,0,30.12866
/Users/davidfeliperiveraguerra/dev/seneca/cv-project/data/IMG/center_2025_12_03_12_10_02_392.jpg,/Users/davidfeliperiveraguerra/dev/seneca/cv-project/data/IMG/left_2025_12_03_12_10_02_392.jpg,/Users/davidfeliperiveraguerra/dev/seneca/cv-project/data/IMG/right_2025_12_03_12_10_02_392.jpg,0,1,0,30.17405
/Users/davidfeliperiveraguerra/dev/seneca/cv-project/data/IMG/center_2025_12_03_12_10_02_460.jpg,/Users/davidfeliperiveraguerra/dev/seneca/cv-project/data/IMG/left_2025_12_03_12_10_02_460.jpg,/Users/davidfeliperiveraguerra/dev/seneca/cv-project/data/IMG/right_2025_12_03_12_10_02_460.jpg,0,1,0,30.18337
/Users/davidfeliperiveraguerra/dev/seneca/cv-project/data/IMG/center_2025_12_03_12_10_02_530.jpg,/Users/davidfeliperiveraguerra/dev/seneca/cv-project/data/IMG/left_2025_12_03_12_10_02_530.jpg,/Users/davidfeliperiveraguerra/dev/seneca/cv-project/data/IMG/right_2025_12_03_12_10_02_530.jpg,0,1,0,30.18942
/Users/davidfeliperiveraguerra/dev/seneca/cv-project/data/IMG/center_2025_12_03_12_10_02_602.jpg,/Users/davidfeliperiveraguerra/dev/seneca/cv-project/data/IMG/left_2025_12_03_12_10_02_602.jpg,/Users/davidfeliperiveraguerra/dev/seneca/cv-project/data/IMG/right_2025_12_03_12_10_02_602.jpg,0,1,0,30.19044
/Users/davidfeliperiveraguerra/dev/seneca/cv-project/data/IMG/center_2025_12_03_12_10_02_670.jpg,/Users/davidfeliperiveraguerra/dev/seneca/cv-project/data/IMG/left_2025_12_03_12_10_02_670.jpg,/Users/davidfeliperiveraguerra/dev/seneca/cv-project/data/IMG/right_2025_12_03_12_10_02_670.jpg,0,1,0,30.19062
/Users/davidfeliperiveraguerra/dev/seneca/cv-project/data/IMG/center_2025_12_03_12_10_02_742.jpg,/Users/davidfeliperiveraguerra/dev/seneca/cv-project/data/IMG/left_2025_12_03_12_10_02_742.jpg,/Users/davidfeliperiveraguerra/dev/seneca/cv-project/data/IMG/right_2025_12_03_12_10_02_742.jpg,0,1,0,30.19067
/Users/davidfeliperiveraguerra/dev/seneca/cv-project/data/IMG/center_2025_12_03_12_10_02_813.jpg,/Users/davidfeliperiveraguerra/dev/seneca/cv-project/data/IMG/left_2025_12_03_12_10_02_813.jpg,/Users/davidfeliperiveraguerra/dev/seneca/cv-project/data/IMG/right_2025_12_03_12_10_02_813.jpg,0,1,0,30.1907
/Users/davidfeliperiveraguerra/dev/seneca/cv-project/data/IMG/center_2025_12_03_12_10_02_880.jpg,/Users/davidfeliperiveraguerra/dev/seneca/cv-project/data/IMG/left_2025_12_03_12_10_02_880.jpg,/Users/davidfeliperiveraguerra/dev/seneca/cv-project/data/IMG/right_2025_12_03_12_10_02_880.jpg,0,1,0,30.18998
/Users/davidfeliperiveraguerra/dev/seneca/cv-project/data/IMG/center_2025_12_03_12_10_02_947.jpg,/Users/davidfeliperiveraguerra/dev/seneca/cv-project/data/IMG/left_2025_12_03_12_10_02_947.jpg,/Users/davidfeliperiveraguerra/dev/seneca/cv-project/data/IMG/right_2025_12_03_12_10_02_947.jpg,0,1,0,30.19033
/Users/davidfeliperiveraguerra/dev/seneca/cv-project/data/IMG/center_2025_12_03_12_10_03_014.jpg,/Users/davidfeliperiveraguerra/dev/seneca/cv-project/data/IMG/left_2025_12_03_12_10_03_014.jpg,/Users/davidfeliperiveraguerra/dev/seneca/cv-project/data/IMG/right_2025_12_03_12_10_03_014.jpg,0,1,0,30.19049
/Users/davidfeliperiveraguerra/dev/seneca/cv-project/data/IMG/center_2025_12_03_12_10_03_086.jpg,/Users/davidfeliperiveraguerra/dev/seneca/cv-project/data/IMG/left_2025_12_03_12_10_03_086.jpg,/Users/davidfeliperiveraguerra/dev/seneca/cv-project/data/IMG/right_2025_12_03_12_10_03_086.jpg,0,1,0,30.19014
/Users/davidfeliperiveraguerra/dev/seneca/cv-project/data/IMG/center_2025_12_03_12_10_03_154.jpg,/Users/davidfeliperiveraguerra/dev/seneca/cv-project/data/IMG/left_2025_12_03_12_10_03_154.jpg,/Users/davidfeliperiveraguerra/dev/seneca/cv-project/data/IMG/right_2025_12_03_12_10_03_154.jpg,0,1,0,30.19014
/Users/davidfeliperiveraguerra/dev/seneca/cv-project/data/IMG/center_2025_12_03_12_10_03_226.jpg,/Users/davidfeliperiveraguerra/dev/seneca/cv-project/data/IMG/left_2025_12_03_12_10_03_226.jpg,/Users/davidfeliperiveraguerra/dev/seneca/cv-project/data/IMG/right_2025_12_03_12_10_03_226.jpg,0,1,0,30.19032
/Users/davidfeliperiveraguerra/dev/seneca/cv-project/data/IMG/center_2025_12_03_12_10_03_297.jpg,/Users/davidfeliperiveraguerra/dev/seneca/cv-project/data/IMG/left_2025_12_03_12_10_03_297.jpg,/Users/davidfeliperiveraguerra/dev/seneca/cv-project/data/IMG/right_2025_12_03_12_10_03_297.jpg,0,1,0,30.19035
/Users/davidfeliperiveraguerra/dev/seneca/cv-project/data/IMG/center_2025_12_03_12_10_03_364.jpg,/Users/davidfeliperiveraguerra/dev/seneca/cv-project/data/IMG/left_2025_12_03_12_10_03_364.jpg,/Users/davidfeliperiveraguerra/dev/seneca/cv-project/data/IMG/right_2025_12_03_12_10_03_364.jpg,-0.05,1,0,30.18981
/Users/davidfeliperiveraguerra/dev/seneca/cv-project/data/IMG/center_2025_12_03_12_10_03_436.jpg,/Users/davidfeliperiveraguerra/dev/seneca/cv-project/data/IMG/left_2025_12_03_12_10_03_436.jpg,/Users/davidfeliperiveraguerra/dev/seneca/cv-project/data/IMG/right_2025_12_03_12_10_03_436.jpg,-0.2,1,0,30.1802
/Users/davidfeliperiveraguerra/dev/seneca/cv-project/data/IMG/center_2025_12_03_12_10_03_503.jpg,/Users/davidfeliperiveraguerra/dev/seneca/cv-project/data/IMG/left_2025_12_03_12_10_03_503.jpg,/Users/davidfeliperiveraguerra/dev/seneca/cv-project/data/IMG/right_2025_12_03_12_10_03_503.jpg,0,1,0,30.19036
/Users/davidfeliperiveraguerra/dev/seneca/cv-project/data/IMG/center_2025_12_03_12_10_03_575.jpg,/Users/davidfeliperiveraguerra/dev/seneca/cv-project/data/IMG/left_2025_12_03_12_10_03_575.jpg,/Users/davidfeliperiveraguerra/dev/seneca/cv-project/data/IMG/right_2025_12_03_12_10_03_575.jpg,0,1,0,30.19037
/Users/davidfeliperiveraguerra/dev/seneca/cv-project/data/IMG/center_2025_12_03_12_10_03_642.jpg,/Users/davidfeliperiveraguerra/dev/seneca/cv-project/data/IMG/left_2025_12_03_12_10_03_642.jpg,/Users/davidfeliperiveraguerra/dev/seneca/cv-project/data/IMG/right_2025_12_03_12_10_03_642.jpg,0,1,0,30.18993
/Users/davidfeliperiveraguerra/dev/seneca/cv-project/data/IMG/center_2025_12_03_12_10_03_714.jpg,/Users/davidfeliperiveraguerra/dev/seneca/cv-project/data/IMG/left_2025_12_03_12_10_03_714.jpg,/Users/davidfeliperiveraguerra/dev/seneca/cv-project/data/IMG/right_2025_12_03_12_10_03_714.jpg,0,1,0,30.19016
/Users/davidfeliperiveraguerra/dev/seneca/cv-project/data/IMG/center_2025_12_03_12_10_03_784.jpg,/Users/davidfeliperiveraguerra/dev/seneca/cv-project/data/IMG/left_2025_12_03_12_10_03_784.jpg,/Users/davidfeliperiveraguerra/dev/seneca/cv-project/data/IMG/right_2025_12_03_12_10_03_784.jpg,-0.15,1,0,30.18548
/Users/davidfeliperiveraguerra/dev/seneca/cv-project/data/IMG/center_2025_12_03_12_10_03_855.jpg,/Users/davidfeliperiveraguerra/dev/seneca/cv-project/data/IMG/left_2025_12_03_12_10_03_855.jpg,/Users/davidfeliperiveraguerra/dev/seneca/cv-project/data/IMG/right_2025_12_03_12_10_03_855.jpg,-0.3,1,0,30.16958
/Users/davidfeliperiveraguerra/dev/seneca/cv-project/data/IMG/center_2025_12_03_12_10_03_927.jpg,/Users/davidfeliperiveraguerra/dev/seneca/cv-project/data/IMG/left_2025_12_03_12_10_03_927.jpg,/Users/davidfeliperiveraguerra/dev/seneca/cv-project/data/IMG/right_2025_12_03_12_10_03_927.jpg,0,1,0,30.18799
/Users/davidfeliperiveraguerra/dev/seneca/cv-project/data/IMG/center_2025_12_03_12_10_03_999.jpg,/Users/davidfeliperiveraguerra/dev/seneca/cv-project/data/IMG/left_2025_12_03_12_10_03_999.jpg,/Users/davidfeliperiveraguerra/dev/seneca/cv-project/data/IMG/right_2025_12_03_12_10_03_999.jpg,0,1,0,30.18978
/Users/davidfeliperiveraguerra/dev/seneca/cv-project/data/IMG/center_2025_12_03_12_10_04_070.jpg,/Users/davidfeliperiveraguerra/dev/seneca/cv-project/data/IMG/left_2025_12_03_12_10_04_070.jpg,/Users/davidfeliperiveraguerra/dev/seneca/cv-project/data/IMG/right_2025_12_03_12_10_04_070.jpg,0,1,0,30.19021
/Users/davidfeliperiveraguerra/dev/seneca/cv-project/data/IMG/center_2025_12_03_12_10_04_140.jpg,/Users/davidfeliperiveraguerra/dev/seneca/cv-project/data/IMG/left_2025_12_03_12_10_04_140.jpg,/Users/davidfeliperiveraguerra/dev/seneca/cv-project/data/IMG/right_2025_12_03_12_10_04_140.jpg,0,1,0,30.19027
/Users/davidfeliperiveraguerra/dev/seneca/cv-project/data/IMG/center_2025_12_03_12_10_04_211.jpg,/Users/davidfeliperiveraguerra/dev/seneca/cv-project/data/IMG/left_2025_12_03_12_10_04_211.jpg,/Users/davidfeliperiveraguerra/dev/seneca/cv-project/data/IMG/right_2025_12_03_12_10_04_211.jpg,0,1,0,30.19033
/Users/davidfeliperiveraguerra/dev/seneca/cv-project/data/IMG/center_2025_12_03_12_10_04_282.jpg,/Users/davidfeliperiveraguerra/dev/seneca/cv-project/data/IMG/left_2025_12_03_12_10_04_282.jpg,/Users/davidfeliperiveraguerra/dev/seneca/cv-project/data/IMG/right_2025_12_03_12_10_04_282.jpg,0,1,0,30.19033
/Users/davidfeliperiveraguerra/dev/seneca/cv-project/data/IMG/center_2025_12_03_12_10_04_349.jpg,/Users/davidfeliperiveraguerra/dev/seneca/cv-project/data/IMG/left_2025_12_03_12_10_04_349.jpg,/Users/davidfeliperiveraguerra/dev/seneca/cv-project/data/IMG/right_2025_12_03_12_10_04_349.jpg,-0.05,1,0,30.19033
/Users/davidfeliperiveraguerra/dev/seneca/cv-project/data/IMG/center_2025_12_03_12_10_04_417.jpg,/Users/davidfeliperiveraguerra/dev/seneca/cv-project/data/IMG/left_2025_12_03_12_10_04_417.jpg,/Users/davidfeliperiveraguerra/dev/seneca/cv-project/data/IMG/right_2025_12_03_12_10_04_417.jpg,0,1,0,30.18814
/Users/davidfeliperiveraguerra/dev/seneca/cv-project/data/IMG/center_2025_12_03_12_10_04_488.jpg,/Users/davidfeliperiveraguerra/dev/seneca/cv-project/data/IMG/left_2025_12_03_12_10_04_488.jpg,/Users/davidfeliperiveraguerra/dev/seneca/cv-project/data/IMG/right_2025_12_03_12_10_04_488.jpg,0,1,0,30.1901
/Users/davidfeliperiveraguerra/dev/seneca/cv-project/data/IMG/center_2025_12_03_12_10_04_555.jpg,/Users/davidfeliperiveraguerra/dev/seneca/cv-project/data/IMG/left_2025_12_03_12_10_04_555.jpg,/Users/davidfeliperiveraguerra/dev/seneca/cv-project/data/IMG/right_2025_12_03_12_10_04_555.jpg,0,1,0,30.19112
/Users/davidfeliperiveraguerra/dev/seneca/cv-project/data/IMG/center_2025_12_03_12_10_04_626.jpg,/Users/davidfeliperiveraguerra/dev/seneca/cv-project/data/IMG/left_2025_12_03_12_10_04_626.jpg,/Users/davidfeliperiveraguerra/dev/seneca/cv-project/data/IMG/right_2025_12_03_12_10_04_626.jpg,0,1,0,30.18992
/Users/davidfeliperiveraguerra/dev/seneca/cv-project/data/IMG/center_2025_12_03_12_10_04_693.jpg,/Users/davidfeliperiveraguerra/dev/seneca/cv-project/data/IMG/left_2025_12_03_12_10_04_693.jpg,/Users/davidfeliperiveraguerra/dev/seneca/cv-project/data/IMG/right_2025_12_03_12_10_04_693.jpg,-0.1,1,0,30.18781
/Users/davidfeliperiveraguerra/dev/seneca/cv-project/data/IMG/center_2025_12_03_12_10_04_761.jpg,/Users/davidfeliperiveraguerra/dev/seneca/cv-project/data/IMG/left_2025_12_03_12_10_04_761.jpg,/Users/davidfeliperiveraguerra/dev/seneca/cv-project/data/IMG/right_2025_12_03_12_10_04_761.jpg,-0.25,1,0,30.17527
/Users/davidfeliperiveraguerra/dev/seneca/cv-project/data/IMG/center_2025_12_03_12_10_04_831.jpg,/Users/davidfeliperiveraguerra/dev/seneca/cv-project/data/IMG/left_2025_12_03_12_10_04_831.jpg,/Users/davidfeliperiveraguerra/dev/seneca/cv-project/data/IMG/right_2025_12_03_12_10_04_831.jpg,0,1,0,30.18967
/Users/davidfeliperiveraguerra/dev/seneca/cv-project/data/IMG/center_2025_12_03_12_10_04_900.jpg,/Users/davidfeliperiveraguerra/dev/seneca/cv-project/data/IMG/left_2025_12_03_12_10_04_900.jpg,/Users/davidfeliperiveraguerra/dev/seneca/cv-project/data/IMG/right_2025_12_03_12_10_04_900.jpg,0,1,0,30.18947
/Users/davidfeliperiveraguerra/dev/seneca/cv-project/data/IMG/center_2025_12_03_12_10_04_968.jpg,/Users/davidfeliperiveraguerra/dev/seneca/cv-project/data/IMG/left_2025_12_03_12_10_04_968.jpg,/Users/davidfeliperiveraguerra/dev/seneca/cv-project/data/IMG/right_2025_12_03_12_10_04_968.jpg,0,1,0,30.19015
/Users/davidfeliperiveraguerra/dev/seneca/cv-project/data/IMG/center_2025_12_03_12_10_05_035.jpg,/Users/davidfeliperiveraguerra/dev/seneca/cv-project/data/IMG/left_2025_12_03_12_10_05_035.jpg,/Users/davidfeliperiveraguerra/dev/seneca/cv-project/data/IMG/right_2025_12_03_12_10_05_035.jpg,0,1,0,30.19024
/Users/davidfeliperiveraguerra/dev/seneca/cv-project/data/IMG/center_2025_12_03_12_10_05_107.jpg,/Users/davidfeliperiveraguerra/dev/seneca/cv-project/data/IMG/left_2025_12_03_12_10_05_107.jpg,/Users/davidfeliperiveraguerra/dev/seneca/cv-project/data/IMG/right_2025_12_03_12_10_05_107.jpg,0,1,0,30.19048
/Users/davidfeliperiveraguerra/dev/seneca/cv-project/data/IMG/center_2025_12_03_12_10_05_179.jpg,/Users/davidfeliperiveraguerra/dev/seneca/cv-project/data/IMG/left_2025_12_03_12_10_05_179.jpg,/Users/davidfeliperiveraguerra/dev/seneca/cv-project/data/IMG/right_2025_12_03_12_10_05_179.jpg,0,1,0,30.19016
/Users/davidfeliperiveraguerra/dev/seneca/cv-project/data/IMG/center_2025_12_03_12_10_05_250.jpg,/Users/davidfeliperiveraguerra/dev/seneca/cv-project/data/IMG/left_2025_12_03_12_10_05_250.jpg,/Users/davidfeliperiveraguerra/dev/seneca/cv-project/data/IMG/right_2025_12_03_12_10_05_250.jpg,0,1,0,30.19016
/Users/davidfeliperiveraguerra/dev/seneca/cv-project/data/IMG/center_2025_12_03_12_10_05_321.jpg,/Users/davidfeliperiveraguerra/dev/seneca/cv-project/data/IMG/left_2025_12_03_12_10_05_321.jpg,/Users/davidfeliperiveraguerra/dev/seneca/cv-project/data/IMG/right_2025_12_03_12_10_05_321.jpg,0,1,0,30.19018
/Users/davidfeliperiveraguerra/dev/seneca/cv-project/data/IMG/center_2025_12_03_12_10_05_393.jpg,/Users/davidfeliperiveraguerra/dev/seneca/cv-project/data/IMG/left_2025_12_03_12_10_05_393.jpg,/Users/davidfeliperiveraguerra/dev/seneca/cv-project/data/IMG/right_2025_12_03_12_10_05_393.jpg,0,1,0,30.18985
/Users/davidfeliperiveraguerra/dev/seneca/cv-project/data/IMG/center_2025_12_03_12_10_05_465.jpg,/Users/davidfeliperiveraguerra/dev/seneca/cv-project/data/IMG/left_2025_12_03_12_10_05_465.jpg,/Users/davidfeliperiveraguerra/dev/seneca/cv-project/data/IMG/right_2025_12_03_12_10_05_465.jpg,-0.2,1,0,30.17999
/Users/davidfeliperiveraguerra/dev/seneca/cv-project/data/IMG/center_2025_12_03_12_10_05_531.jpg,/Users/davidfeliperiveraguerra/dev/seneca/cv-project/data/IMG/left_2025_12_03_12_10_05_531.jpg,/Users/davidfeliperiveraguerra/dev/seneca/cv-project/data/IMG/right_2025_12_03_12_10_05_531.jpg,0,1,0,30.18445
/Users/davidfeliperiveraguerra/dev/seneca/cv-project/data/IMG/center_2025_12_03_12_10_05_604.jpg,/Users/davidfeliperiveraguerra/dev/seneca/cv-project/data/IMG/left_2025_12_03_12_10_05_604.jpg,/Users/davidfeliperiveraguerra/dev/seneca/cv-project/data/IMG/right_2025_12_03_12_10_05_604.jpg,0,1,0,30.1897
/Users/davidfeliperiveraguerra/dev/seneca/cv-project/data/IMG/center_2025_12_03_12_10_05_676.jpg,/Users/davidfeliperiveraguerra/dev/seneca/cv-project/data/IMG/left_2025_12_03_12_10_05_676.jpg,/Users/davidfeliperiveraguerra/dev/seneca/cv-project/data/IMG/right_2025_12_03_12_10_05_676.jpg,0,1,0,30.19014
/Users/davidfeliperiveraguerra/dev/seneca/cv-project/data/IMG/center_2025_12_03_12_10_05_748.jpg,/Users/davidfeliperiveraguerra/dev/seneca/cv-project/data/IMG/left_2025_12_03_12_10_05_748.jpg,/Users/davidfeliperiveraguerra/dev/seneca/cv-project/data/IMG/right_2025_12_03_12_10_05_748.jpg,0,1,0,30.19027
/Users/davidfeliperiveraguerra/dev/seneca/cv-project/data/IMG/center_2025_12_03_12_10_05_814.jpg,/Users/davidfeliperiveraguerra/dev/seneca/cv-project/data/IMG/left_2025_12_03_12_10_05_814.jpg,/Users/davidfeliperiveraguerra/dev/seneca/cv-project/data/IMG/right_2025_12_03_12_10_05_814.jpg,-0.15,1,0,30.18529
/Users/davidfeliperiveraguerra/dev/seneca/cv-project/data/IMG/center_2025_12_03_12_10_05_881.jpg,/Users/davidfeliperiveraguerra/dev/seneca/cv-project/data/IMG/left_2025_12_03_12_10_05_881.jpg,/Users/davidfeliperiveraguerra/dev/seneca/cv-project/data/IMG/right_2025_12_03_12_10_05_881.jpg,-0.3,1,0,30.1707
/Users/davidfeliperiveraguerra/dev/seneca/cv-project/data/IMG/center_2025_12_03_12_10_05_953.jpg,/Users/davidfeliperiveraguerra/dev/seneca/cv-project/data/IMG/left_2025_12_03_12_10_05_953.jpg,/Users/davidfeliperiveraguerra/dev/seneca/cv-project/data/IMG/right_2025_12_03_12_10_05_953.jpg,0,1,0,30.18814
/Users/davidfeliperiveraguerra/dev/seneca/cv-project/data/IMG/center_2025_12_03_12_10_06_026.jpg,/Users/davidfeliperiveraguerra/dev/seneca/cv-project/data/IMG/left_2025_12_03_12_10_06_026.jpg,/Users/davidfeliperiveraguerra/dev/seneca/cv-project/data/IMG/right_2025_12_03_12_10_06_026.jpg,0,1,0,30.1899
/Users/davidfeliperiveraguerra/dev/seneca/cv-project/data/IMG/center_2025_12_03_12_10_06_093.jpg,/Users/davidfeliperiveraguerra/dev/seneca/cv-project/data/IMG/left_2025_12_03_12_10_06_093.jpg,/Users/davidfeliperiveraguerra/dev/seneca/cv-project/data/IMG/right_2025_12_03_12_10_06_093.jpg,0,1,0,30.19022
/Users/davidfeliperiveraguerra/dev/seneca/cv-project/data/IMG/center_2025_12_03_12_10_06_181.jpg,/Users/davidfeliperiveraguerra/dev/seneca/cv-project/data/IMG/left_2025_12_03_12_10_06_181.jpg,/Users/davidfeliperiveraguerra/dev/seneca/cv-project/data/IMG/right_2025_12_03_12_10_06_181.jpg,0,1,0,30.19004
/Users/davidfeliperiveraguerra/dev/seneca/cv-project/data/IMG/center_2025_12_03_12_10_06_249.jpg,/Users/davidfeliperiveraguerra/dev/seneca/cv-project/data/IMG/left_2025_12_03_12_10_06_249.jpg,/Users/davidfeliperiveraguerra/dev/seneca/cv-project/data/IMG/right_2025_12_03_12_10_06_249.jpg,0,1,0,30.1903
/Users/davidfeliperiveraguerra/dev/seneca/cv-project/data/IMG/center_2025_12_03_12_10_06_316.jpg,/Users/davidfeliperiveraguerra/dev/seneca/cv-project/data/IMG/left_2025_12_03_12_10_06_316.jpg,/Users/davidfeliperiveraguerra/dev/seneca/cv-project/data/IMG/right_2025_12_03_12_10_06_316.jpg,0,1,0,30.19032
/Users/davidfeliperiveraguerra/dev/seneca/cv-project/data/IMG/center_2025_12_03_12_10_06_384.jpg,/Users/davidfeliperiveraguerra/dev/seneca/cv-project/data/IMG/left_2025_12_03_12_10_06_384.jpg,/Users/davidfeliperiveraguerra/dev/seneca/cv-project/data/IMG/right_2025_12_03_12_10_06_384.jpg,0,1,0,30.19032
/Users/davidfeliperiveraguerra/dev/seneca/cv-project/data/IMG/center_2025_12_03_12_10_06_454.jpg,/Users/davidfeliperiveraguerra/dev/seneca/cv-project/data/IMG/left_2025_12_03_12_10_06_454.jpg,/Users/davidfeliperiveraguerra/dev/seneca/cv-project/data/IMG/right_2025_12_03_12_10_06_454.jpg,0,1,0,30.19032
/Users/davidfeliperiveraguerra/dev/seneca/cv-project/data/IMG/center_2025_12_03_12_10_06_521.jpg,/Users/davidfeliperiveraguerra/dev/seneca/cv-project/data/IMG/left_2025_12_03_12_10_06_521.jpg,/Users/davidfeliperiveraguerra/dev/seneca/cv-project/data/IMG/right_2025_12_03_12_10_06_521.jpg,0,1,0,30.19036
/Users/davidfeliperiveraguerra/dev/seneca/cv-project/data/IMG/center_2025_12_03_12_10_06_588.jpg,/Users/davidfeliperiveraguerra/dev/seneca/cv-project/data/IMG/left_2025_12_03_12_10_06_588.jpg,/Users/davidfeliperiveraguerra/dev/seneca/cv-project/data/IMG/right_2025_12_03_12_10_06_588.jpg,0,1,0,30.19034
/Users/davidfeliperiveraguerra/dev/seneca/cv-project/data/IMG/center_2025_12_03_12_10_06_655.jpg,/Users/davidfeliperiveraguerra/dev/seneca/cv-project/data/IMG/left_2025_12_03_12_10_06_655.jpg,/Users/davidfeliperiveraguerra/dev/seneca/cv-project/data/IMG/right_2025_12_03_12_10_06_655.jpg,0,1,0,30.19036
/Users/davidfeliperiveraguerra/dev/seneca/cv-project/data/IMG/center_2025_12_03_12_10_06_727.jpg,/Users/davidfeliperiveraguerra/dev/seneca/cv-project/data/IMG/left_2025_12_03_12_10_06_727.jpg,/Users/davidfeliperiveraguerra/dev/seneca/cv-project/data/IMG/right_2025_12_03_12_10_06_727.jpg,0,1,0,30.19036
/Users/davidfeliperiveraguerra/dev/seneca/cv-project/data/IMG/center_2025_12_03_12_10_06_799.jpg,/Users/davidfeliperiveraguerra/dev/seneca/cv-project/data/IMG/left_2025_12_03_12_10_06_799.jpg,/Users/davidfeliperiveraguerra/dev/seneca/cv-project/data/IMG/right_2025_12_03_12_10_06_799.jpg,0,1,0,30.19004
/Users/davidfeliperiveraguerra/dev/seneca/cv-project/data/IMG/center_2025_12_03_12_10_06_866.jpg,/Users/davidfeliperiveraguerra/dev/seneca/cv-project/data/IMG/left_2025_12_03_12_10_06_866.jpg,/Users/davidfeliperiveraguerra/dev/seneca/cv-project/data/IMG/right_2025_12_03_12_10_06_866.jpg,0,1,0,30.19019
/Users/davidfeliperiveraguerra/dev/seneca/cv-project/data/IMG/center_2025_12_03_12_10_06_942.jpg,/Users/davidfeliperiveraguerra/dev/seneca/cv-project/data/IMG/left_2025_12_03_12_10_06_942.jpg,/Users/davidfeliperiveraguerra/dev/seneca/cv-project/data/IMG/right_2025_12_03_12_10_06_942.jpg,0,1,0,30.19022
/Users/davidfeliperiveraguerra/dev/seneca/cv-project/data/IMG/center_2025_12_03_12_10_07_011.jpg,/Users/davidfeliperiveraguerra/dev/seneca/cv-project/data/IMG/left_2025_12_03_12_10_07_011.jpg,/Users/davidfeliperiveraguerra/dev/seneca/cv-project/data/IMG/right_2025_12_03_12_10_07_011.jpg,0,1,0,30.18984
/Users/davidfeliperiveraguerra/dev/seneca/cv-project/data/IMG/center_2025_12_03_12_10_07_186.jpg,/Users/davidfeliperiveraguerra/dev/seneca/cv-project/data/IMG/left_2025_12_03_12_10_07_186.jpg,/Users/davidfeliperiveraguerra/dev/seneca/cv-project/data/IMG/right_2025_12_03_12_10_07_186.jpg,0,1,0,30.19011
